individual_local_identifier,Biome,hour,count,average,individual_name
AF_01_JOANA,Atlantic Forest,0.0,26,37.625,JOANA
AF_01_JOANA,Atlantic Forest,1.0,24,37.625,JOANA
AF_01_JOANA,Atlantic Forest,2.0,33,37.625,JOANA
AF_01_JOANA,Atlantic Forest,3.0,29,37.625,JOANA
AF_01_JOANA,Atlantic Forest,4.0,58,37.625,JOANA
AF_01_JOANA,Atlantic Forest,5.0,82,37.625,JOANA
AF_01_JOANA,Atlantic Forest,6.0,76,37.625,JOANA
AF_01_JOANA,Atlantic Forest,7.0,55,37.625,JOANA
AF_01_JOANA,Atlantic Forest,8.0,20,37.625,JOANA
AF_01_JOANA,Atlantic Forest,9.0,20,37.625,JOANA
AF_01_JOANA,Atlantic Forest,10.0,23,37.625,JOANA
AF_01_JOANA,Atlantic Forest,11.0,19,37.625,JOANA
AF_01_JOANA,Atlantic Forest,12.0,21,37.625,JOANA
AF_01_JOANA,Atlantic Forest,13.0,17,37.625,JOANA
AF_01_JOANA,Atlantic Forest,14.0,15,37.625,JOANA
AF_01_JOANA,Atlantic Forest,15.0,18,37.625,JOANA
AF_01_JOANA,Atlantic Forest,16.0,18,37.625,JOANA
AF_01_JOANA,Atlantic Forest,17.0,23,37.625,JOANA
AF_01_JOANA,Atlantic Forest,18.0,42,37.625,JOANA
AF_01_JOANA,Atlantic Forest,19.0,71,37.625,JOANA
AF_01_JOANA,Atlantic Forest,20.0,86,37.625,JOANA
AF_01_JOANA,Atlantic Forest,21.0,68,37.625,JOANA
AF_01_JOANA,Atlantic Forest,22.0,29,37.625,JOANA
AF_01_JOANA,Atlantic Forest,23.0,30,37.625,JOANA
AF_02_PAULETE,Atlantic Forest,0.0,23,18.291666666666668,PAULETE
AF_02_PAULETE,Atlantic Forest,1.0,17,18.291666666666668,PAULETE
AF_02_PAULETE,Atlantic Forest,2.0,21,18.291666666666668,PAULETE
AF_02_PAULETE,Atlantic Forest,3.0,18,18.291666666666668,PAULETE
AF_02_PAULETE,Atlantic Forest,4.0,31,18.291666666666668,PAULETE
AF_02_PAULETE,Atlantic Forest,5.0,40,18.291666666666668,PAULETE
AF_02_PAULETE,Atlantic Forest,6.0,29,18.291666666666668,PAULETE
AF_02_PAULETE,Atlantic Forest,7.0,16,18.291666666666668,PAULETE
AF_02_PAULETE,Atlantic Forest,8.0,12,18.291666666666668,PAULETE
AF_02_PAULETE,Atlantic Forest,9.0,7,18.291666666666668,PAULETE
AF_02_PAULETE,Atlantic Forest,10.0,11,18.291666666666668,PAULETE
AF_02_PAULETE,Atlantic Forest,11.0,7,18.291666666666668,PAULETE
AF_02_PAULETE,Atlantic Forest,12.0,12,18.291666666666668,PAULETE
AF_02_PAULETE,Atlantic Forest,13.0,4,18.291666666666668,PAULETE
AF_02_PAULETE,Atlantic Forest,14.0,6,18.291666666666668,PAULETE
AF_02_PAULETE,Atlantic Forest,15.0,6,18.291666666666668,PAULETE
AF_02_PAULETE,Atlantic Forest,16.0,8,18.291666666666668,PAULETE
AF_02_PAULETE,Atlantic Forest,17.0,10,18.291666666666668,PAULETE
AF_02_PAULETE,Atlantic Forest,18.0,15,18.291666666666668,PAULETE
AF_02_PAULETE,Atlantic Forest,19.0,31,18.291666666666668,PAULETE
AF_02_PAULETE,Atlantic Forest,20.0,40,18.291666666666668,PAULETE
AF_02_PAULETE,Atlantic Forest,21.0,34,18.291666666666668,PAULETE
AF_02_PAULETE,Atlantic Forest,22.0,17,18.291666666666668,PAULETE
AF_02_PAULETE,Atlantic Forest,23.0,24,18.291666666666668,PAULETE
AF_05_CHUCHU,Atlantic Forest,0.0,10,12.25,CHUCHU
AF_05_CHUCHU,Atlantic Forest,1.0,11,12.25,CHUCHU
AF_05_CHUCHU,Atlantic Forest,2.0,7,12.25,CHUCHU
AF_05_CHUCHU,Atlantic Forest,3.0,19,12.25,CHUCHU
AF_05_CHUCHU,Atlantic Forest,4.0,15,12.25,CHUCHU
AF_05_CHUCHU,Atlantic Forest,5.0,34,12.25,CHUCHU
AF_05_CHUCHU,Atlantic Forest,6.0,19,12.25,CHUCHU
AF_05_CHUCHU,Atlantic Forest,7.0,15,12.25,CHUCHU
AF_05_CHUCHU,Atlantic Forest,8.0,6,12.25,CHUCHU
AF_05_CHUCHU,Atlantic Forest,9.0,3,12.25,CHUCHU
AF_05_CHUCHU,Atlantic Forest,10.0,3,12.25,CHUCHU
AF_05_CHUCHU,Atlantic Forest,11.0,2,12.25,CHUCHU
AF_05_CHUCHU,Atlantic Forest,12.0,8,12.25,CHUCHU
AF_05_CHUCHU,Atlantic Forest,13.0,5,12.25,CHUCHU
AF_05_CHUCHU,Atlantic Forest,14.0,2,12.25,CHUCHU
AF_05_CHUCHU,Atlantic Forest,15.0,3,12.25,CHUCHU
AF_05_CHUCHU,Atlantic Forest,16.0,6,12.25,CHUCHU
AF_05_CHUCHU,Atlantic Forest,17.0,10,12.25,CHUCHU
AF_05_CHUCHU,Atlantic Forest,18.0,17,12.25,CHUCHU
AF_05_CHUCHU,Atlantic Forest,19.0,31,12.25,CHUCHU
AF_05_CHUCHU,Atlantic Forest,20.0,32,12.25,CHUCHU
AF_05_CHUCHU,Atlantic Forest,21.0,18,12.25,CHUCHU
AF_05_CHUCHU,Atlantic Forest,22.0,9,12.25,CHUCHU
AF_05_CHUCHU,Atlantic Forest,23.0,9,12.25,CHUCHU
AF_12_PATRICIA,Atlantic Forest,0.0,6,8.363636363636363,PATRICIA
AF_12_PATRICIA,Atlantic Forest,1.0,9,8.363636363636363,PATRICIA
AF_12_PATRICIA,Atlantic Forest,2.0,7,8.363636363636363,PATRICIA
AF_12_PATRICIA,Atlantic Forest,3.0,15,8.363636363636363,PATRICIA
AF_12_PATRICIA,Atlantic Forest,4.0,8,8.363636363636363,PATRICIA
AF_12_PATRICIA,Atlantic Forest,5.0,15,8.363636363636363,PATRICIA
AF_12_PATRICIA,Atlantic Forest,6.0,10,8.363636363636363,PATRICIA
AF_12_PATRICIA,Atlantic Forest,7.0,7,8.363636363636363,PATRICIA
AF_12_PATRICIA,Atlantic Forest,8.0,4,8.363636363636363,PATRICIA
AF_12_PATRICIA,Atlantic Forest,10.0,2,8.363636363636363,PATRICIA
AF_12_PATRICIA,Atlantic Forest,11.0,1,8.363636363636363,PATRICIA
AF_12_PATRICIA,Atlantic Forest,12.0,3,8.363636363636363,PATRICIA
AF_12_PATRICIA,Atlantic Forest,13.0,2,8.363636363636363,PATRICIA
AF_12_PATRICIA,Atlantic Forest,14.0,4,8.363636363636363,PATRICIA
AF_12_PATRICIA,Atlantic Forest,16.0,2,8.363636363636363,PATRICIA
AF_12_PATRICIA,Atlantic Forest,17.0,6,8.363636363636363,PATRICIA
AF_12_PATRICIA,Atlantic Forest,18.0,10,8.363636363636363,PATRICIA
AF_12_PATRICIA,Atlantic Forest,19.0,16,8.363636363636363,PATRICIA
AF_12_PATRICIA,Atlantic Forest,20.0,16,8.363636363636363,PATRICIA
AF_12_PATRICIA,Atlantic Forest,21.0,19,8.363636363636363,PATRICIA
AF_12_PATRICIA,Atlantic Forest,22.0,14,8.363636363636363,PATRICIA
AF_12_PATRICIA,Atlantic Forest,23.0,8,8.363636363636363,PATRICIA
AF_14_JAMESBOND,Atlantic Forest,0.0,19,13.857142857142858,JAMESBOND
AF_14_JAMESBOND,Atlantic Forest,1.0,14,13.857142857142858,JAMESBOND
AF_14_JAMESBOND,Atlantic Forest,2.0,13,13.857142857142858,JAMESBOND
AF_14_JAMESBOND,Atlantic Forest,3.0,13,13.857142857142858,JAMESBOND
AF_14_JAMESBOND,Atlantic Forest,4.0,24,13.857142857142858,JAMESBOND
AF_14_JAMESBOND,Atlantic Forest,5.0,30,13.857142857142858,JAMESBOND
AF_14_JAMESBOND,Atlantic Forest,6.0,19,13.857142857142858,JAMESBOND
AF_14_JAMESBOND,Atlantic Forest,7.0,16,13.857142857142858,JAMESBOND
AF_14_JAMESBOND,Atlantic Forest,9.0,2,13.857142857142858,JAMESBOND
AF_14_JAMESBOND,Atlantic Forest,11.0,1,13.857142857142858,JAMESBOND
AF_14_JAMESBOND,Atlantic Forest,12.0,3,13.857142857142858,JAMESBOND
AF_14_JAMESBOND,Atlantic Forest,13.0,2,13.857142857142858,JAMESBOND
AF_14_JAMESBOND,Atlantic Forest,15.0,1,13.857142857142858,JAMESBOND
AF_14_JAMESBOND,Atlantic Forest,16.0,3,13.857142857142858,JAMESBOND
AF_14_JAMESBOND,Atlantic Forest,17.0,4,13.857142857142858,JAMESBOND
AF_14_JAMESBOND,Atlantic Forest,18.0,17,13.857142857142858,JAMESBOND
AF_14_JAMESBOND,Atlantic Forest,19.0,23,13.857142857142858,JAMESBOND
AF_14_JAMESBOND,Atlantic Forest,20.0,28,13.857142857142858,JAMESBOND
AF_14_JAMESBOND,Atlantic Forest,21.0,29,13.857142857142858,JAMESBOND
AF_14_JAMESBOND,Atlantic Forest,22.0,15,13.857142857142858,JAMESBOND
AF_14_JAMESBOND,Atlantic Forest,23.0,15,13.857142857142858,JAMESBOND
AF_15_GEORGETE,Atlantic Forest,0.0,10,8.91304347826087,GEORGETE
AF_15_GEORGETE,Atlantic Forest,1.0,8,8.91304347826087,GEORGETE
AF_15_GEORGETE,Atlantic Forest,2.0,7,8.91304347826087,GEORGETE
AF_15_GEORGETE,Atlantic Forest,3.0,13,8.91304347826087,GEORGETE
AF_15_GEORGETE,Atlantic Forest,4.0,14,8.91304347826087,GEORGETE
AF_15_GEORGETE,Atlantic Forest,5.0,25,8.91304347826087,GEORGETE
AF_15_GEORGETE,Atlantic Forest,6.0,8,8.91304347826087,GEORGETE
AF_15_GEORGETE,Atlantic Forest,7.0,12,8.91304347826087,GEORGETE
AF_15_GEORGETE,Atlantic Forest,8.0,1,8.91304347826087,GEORGETE
AF_15_GEORGETE,Atlantic Forest,9.0,2,8.91304347826087,GEORGETE
AF_15_GEORGETE,Atlantic Forest,11.0,2,8.91304347826087,GEORGETE
AF_15_GEORGETE,Atlantic Forest,12.0,4,8.91304347826087,GEORGETE
AF_15_GEORGETE,Atlantic Forest,13.0,1,8.91304347826087,GEORGETE
AF_15_GEORGETE,Atlantic Forest,14.0,2,8.91304347826087,GEORGETE
AF_15_GEORGETE,Atlantic Forest,15.0,2,8.91304347826087,GEORGETE
AF_15_GEORGETE,Atlantic Forest,16.0,1,8.91304347826087,GEORGETE
AF_15_GEORGETE,Atlantic Forest,17.0,5,8.91304347826087,GEORGETE
AF_15_GEORGETE,Atlantic Forest,18.0,15,8.91304347826087,GEORGETE
AF_15_GEORGETE,Atlantic Forest,19.0,16,8.91304347826087,GEORGETE
AF_15_GEORGETE,Atlantic Forest,20.0,19,8.91304347826087,GEORGETE
AF_15_GEORGETE,Atlantic Forest,21.0,17,8.91304347826087,GEORGETE
AF_15_GEORGETE,Atlantic Forest,22.0,11,8.91304347826087,GEORGETE
AF_15_GEORGETE,Atlantic Forest,23.0,10,8.91304347826087,GEORGETE
AF_17_ESPERTA,Atlantic Forest,5.0,2,6.176470588235294,ESPERTA
AF_17_ESPERTA,Atlantic Forest,6.0,5,6.176470588235294,ESPERTA
AF_17_ESPERTA,Atlantic Forest,7.0,11,6.176470588235294,ESPERTA
AF_17_ESPERTA,Atlantic Forest,8.0,17,6.176470588235294,ESPERTA
AF_17_ESPERTA,Atlantic Forest,9.0,10,6.176470588235294,ESPERTA
AF_17_ESPERTA,Atlantic Forest,10.0,4,6.176470588235294,ESPERTA
AF_17_ESPERTA,Atlantic Forest,11.0,1,6.176470588235294,ESPERTA
AF_17_ESPERTA,Atlantic Forest,13.0,1,6.176470588235294,ESPERTA
AF_17_ESPERTA,Atlantic Forest,15.0,1,6.176470588235294,ESPERTA
AF_17_ESPERTA,Atlantic Forest,16.0,6,6.176470588235294,ESPERTA
AF_17_ESPERTA,Atlantic Forest,17.0,13,6.176470588235294,ESPERTA
AF_17_ESPERTA,Atlantic Forest,18.0,16,6.176470588235294,ESPERTA
AF_17_ESPERTA,Atlantic Forest,19.0,10,6.176470588235294,ESPERTA
AF_17_ESPERTA,Atlantic Forest,20.0,4,6.176470588235294,ESPERTA
AF_17_ESPERTA,Atlantic Forest,21.0,2,6.176470588235294,ESPERTA
AF_17_ESPERTA,Atlantic Forest,22.0,1,6.176470588235294,ESPERTA
AF_17_ESPERTA,Atlantic Forest,23.0,1,6.176470588235294,ESPERTA
AF_20_CHICO,Atlantic Forest,0.0,14,20.952380952380953,CHICO
AF_20_CHICO,Atlantic Forest,1.0,13,20.952380952380953,CHICO
AF_20_CHICO,Atlantic Forest,2.0,10,20.952380952380953,CHICO
AF_20_CHICO,Atlantic Forest,3.0,16,20.952380952380953,CHICO
AF_20_CHICO,Atlantic Forest,4.0,40,20.952380952380953,CHICO
AF_20_CHICO,Atlantic Forest,5.0,43,20.952380952380953,CHICO
AF_20_CHICO,Atlantic Forest,6.0,54,20.952380952380953,CHICO
AF_20_CHICO,Atlantic Forest,7.0,38,20.952380952380953,CHICO
AF_20_CHICO,Atlantic Forest,8.0,23,20.952380952380953,CHICO
AF_20_CHICO,Atlantic Forest,9.0,8,20.952380952380953,CHICO
AF_20_CHICO,Atlantic Forest,13.0,1,20.952380952380953,CHICO
AF_20_CHICO,Atlantic Forest,14.0,1,20.952380952380953,CHICO
AF_20_CHICO,Atlantic Forest,15.0,5,20.952380952380953,CHICO
AF_20_CHICO,Atlantic Forest,16.0,7,20.952380952380953,CHICO
AF_20_CHICO,Atlantic Forest,17.0,10,20.952380952380953,CHICO
AF_20_CHICO,Atlantic Forest,18.0,34,20.952380952380953,CHICO
AF_20_CHICO,Atlantic Forest,19.0,37,20.952380952380953,CHICO
AF_20_CHICO,Atlantic Forest,20.0,27,20.952380952380953,CHICO
AF_20_CHICO,Atlantic Forest,21.0,27,20.952380952380953,CHICO
AF_20_CHICO,Atlantic Forest,22.0,15,20.952380952380953,CHICO
AF_20_CHICO,Atlantic Forest,23.0,17,20.952380952380953,CHICO
AF_23_TONHA,Atlantic Forest,0.0,13,26.75,TONHA
AF_23_TONHA,Atlantic Forest,1.0,11,26.75,TONHA
AF_23_TONHA,Atlantic Forest,2.0,13,26.75,TONHA
AF_23_TONHA,Atlantic Forest,3.0,14,26.75,TONHA
AF_23_TONHA,Atlantic Forest,4.0,63,26.75,TONHA
AF_23_TONHA,Atlantic Forest,5.0,53,26.75,TONHA
AF_23_TONHA,Atlantic Forest,6.0,44,26.75,TONHA
AF_23_TONHA,Atlantic Forest,7.0,24,26.75,TONHA
AF_23_TONHA,Atlantic Forest,8.0,5,26.75,TONHA
AF_23_TONHA,Atlantic Forest,9.0,1,26.75,TONHA
AF_23_TONHA,Atlantic Forest,11.0,1,26.75,TONHA
AF_23_TONHA,Atlantic Forest,15.0,2,26.75,TONHA
AF_23_TONHA,Atlantic Forest,16.0,5,26.75,TONHA
AF_23_TONHA,Atlantic Forest,17.0,9,26.75,TONHA
AF_23_TONHA,Atlantic Forest,18.0,57,26.75,TONHA
AF_23_TONHA,Atlantic Forest,19.0,87,26.75,TONHA
AF_23_TONHA,Atlantic Forest,20.0,54,26.75,TONHA
AF_23_TONHA,Atlantic Forest,21.0,44,26.75,TONHA
AF_23_TONHA,Atlantic Forest,22.0,17,26.75,TONHA
AF_23_TONHA,Atlantic Forest,23.0,18,26.75,TONHA
AF_24_TINA,Atlantic Forest,0.0,10,29.866666666666667,TINA
AF_24_TINA,Atlantic Forest,1.0,9,29.866666666666667,TINA
AF_24_TINA,Atlantic Forest,2.0,8,29.866666666666667,TINA
AF_24_TINA,Atlantic Forest,3.0,10,29.866666666666667,TINA
AF_24_TINA,Atlantic Forest,4.0,42,29.866666666666667,TINA
AF_24_TINA,Atlantic Forest,5.0,52,29.866666666666667,TINA
AF_24_TINA,Atlantic Forest,6.0,40,29.866666666666667,TINA
AF_24_TINA,Atlantic Forest,7.0,9,29.866666666666667,TINA
AF_24_TINA,Atlantic Forest,17.0,9,29.866666666666667,TINA
AF_24_TINA,Atlantic Forest,18.0,56,29.866666666666667,TINA
AF_24_TINA,Atlantic Forest,19.0,80,29.866666666666667,TINA
AF_24_TINA,Atlantic Forest,20.0,60,29.866666666666667,TINA
AF_24_TINA,Atlantic Forest,21.0,27,29.866666666666667,TINA
AF_24_TINA,Atlantic Forest,22.0,21,29.866666666666667,TINA
AF_24_TINA,Atlantic Forest,23.0,15,29.866666666666667,TINA
AF_25_MAMA,Atlantic Forest,0.0,5,12.105263157894736,MAMA
AF_25_MAMA,Atlantic Forest,1.0,2,12.105263157894736,MAMA
AF_25_MAMA,Atlantic Forest,2.0,2,12.105263157894736,MAMA
AF_25_MAMA,Atlantic Forest,3.0,3,12.105263157894736,MAMA
AF_25_MAMA,Atlantic Forest,4.0,19,12.105263157894736,MAMA
AF_25_MAMA,Atlantic Forest,5.0,25,12.105263157894736,MAMA
AF_25_MAMA,Atlantic Forest,6.0,22,12.105263157894736,MAMA
AF_25_MAMA,Atlantic Forest,7.0,5,12.105263157894736,MAMA
AF_25_MAMA,Atlantic Forest,8.0,7,12.105263157894736,MAMA
AF_25_MAMA,Atlantic Forest,9.0,1,12.105263157894736,MAMA
AF_25_MAMA,Atlantic Forest,15.0,2,12.105263157894736,MAMA
AF_25_MAMA,Atlantic Forest,16.0,2,12.105263157894736,MAMA
AF_25_MAMA,Atlantic Forest,17.0,10,12.105263157894736,MAMA
AF_25_MAMA,Atlantic Forest,18.0,37,12.105263157894736,MAMA
AF_25_MAMA,Atlantic Forest,19.0,40,12.105263157894736,MAMA
AF_25_MAMA,Atlantic Forest,20.0,22,12.105263157894736,MAMA
AF_25_MAMA,Atlantic Forest,21.0,12,12.105263157894736,MAMA
AF_25_MAMA,Atlantic Forest,22.0,9,12.105263157894736,MAMA
AF_25_MAMA,Atlantic Forest,23.0,5,12.105263157894736,MAMA
CE_03_LOU,Cerrado,0.0,494,483.875,LOU
CE_03_LOU,Cerrado,1.0,503,483.875,LOU
CE_03_LOU,Cerrado,2.0,498,483.875,LOU
CE_03_LOU,Cerrado,3.0,512,483.875,LOU
CE_03_LOU,Cerrado,4.0,495,483.875,LOU
CE_03_LOU,Cerrado,5.0,484,483.875,LOU
CE_03_LOU,Cerrado,6.0,464,483.875,LOU
CE_03_LOU,Cerrado,7.0,478,483.875,LOU
CE_03_LOU,Cerrado,8.0,481,483.875,LOU
CE_03_LOU,Cerrado,9.0,478,483.875,LOU
CE_03_LOU,Cerrado,10.0,475,483.875,LOU
CE_03_LOU,Cerrado,11.0,480,483.875,LOU
CE_03_LOU,Cerrado,12.0,465,483.875,LOU
CE_03_LOU,Cerrado,13.0,466,483.875,LOU
CE_03_LOU,Cerrado,14.0,454,483.875,LOU
CE_03_LOU,Cerrado,15.0,465,483.875,LOU
CE_03_LOU,Cerrado,16.0,470,483.875,LOU
CE_03_LOU,Cerrado,17.0,469,483.875,LOU
CE_03_LOU,Cerrado,18.0,491,483.875,LOU
CE_03_LOU,Cerrado,19.0,502,483.875,LOU
CE_03_LOU,Cerrado,20.0,493,483.875,LOU
CE_03_LOU,Cerrado,21.0,508,483.875,LOU
CE_03_LOU,Cerrado,22.0,486,483.875,LOU
CE_03_LOU,Cerrado,23.0,502,483.875,LOU
CE_04_TITI,Cerrado,0.0,194,186.54166666666666,TITI
CE_04_TITI,Cerrado,1.0,198,186.54166666666666,TITI
CE_04_TITI,Cerrado,2.0,191,186.54166666666666,TITI
CE_04_TITI,Cerrado,3.0,203,186.54166666666666,TITI
CE_04_TITI,Cerrado,4.0,198,186.54166666666666,TITI
CE_04_TITI,Cerrado,5.0,193,186.54166666666666,TITI
CE_04_TITI,Cerrado,6.0,181,186.54166666666666,TITI
CE_04_TITI,Cerrado,7.0,173,186.54166666666666,TITI
CE_04_TITI,Cerrado,8.0,175,186.54166666666666,TITI
CE_04_TITI,Cerrado,9.0,180,186.54166666666666,TITI
CE_04_TITI,Cerrado,10.0,184,186.54166666666666,TITI
CE_04_TITI,Cerrado,11.0,182,186.54166666666666,TITI
CE_04_TITI,Cerrado,12.0,176,186.54166666666666,TITI
CE_04_TITI,Cerrado,13.0,181,186.54166666666666,TITI
CE_04_TITI,Cerrado,14.0,170,186.54166666666666,TITI
CE_04_TITI,Cerrado,15.0,177,186.54166666666666,TITI
CE_04_TITI,Cerrado,16.0,180,186.54166666666666,TITI
CE_04_TITI,Cerrado,17.0,185,186.54166666666666,TITI
CE_04_TITI,Cerrado,18.0,187,186.54166666666666,TITI
CE_04_TITI,Cerrado,19.0,199,186.54166666666666,TITI
CE_04_TITI,Cerrado,20.0,195,186.54166666666666,TITI
CE_04_TITI,Cerrado,21.0,197,186.54166666666666,TITI
CE_04_TITI,Cerrado,22.0,192,186.54166666666666,TITI
CE_04_TITI,Cerrado,23.0,186,186.54166666666666,TITI
CE_08_COLOMBINA,Cerrado,0.0,23,23.625,COLOMBINA
CE_08_COLOMBINA,Cerrado,1.0,15,23.625,COLOMBINA
CE_08_COLOMBINA,Cerrado,2.0,15,23.625,COLOMBINA
CE_08_COLOMBINA,Cerrado,3.0,26,23.625,COLOMBINA
CE_08_COLOMBINA,Cerrado,4.0,52,23.625,COLOMBINA
CE_08_COLOMBINA,Cerrado,5.0,53,23.625,COLOMBINA
CE_08_COLOMBINA,Cerrado,6.0,33,23.625,COLOMBINA
CE_08_COLOMBINA,Cerrado,7.0,15,23.625,COLOMBINA
CE_08_COLOMBINA,Cerrado,8.0,4,23.625,COLOMBINA
CE_08_COLOMBINA,Cerrado,9.0,6,23.625,COLOMBINA
CE_08_COLOMBINA,Cerrado,10.0,3,23.625,COLOMBINA
CE_08_COLOMBINA,Cerrado,11.0,4,23.625,COLOMBINA
CE_08_COLOMBINA,Cerrado,12.0,1,23.625,COLOMBINA
CE_08_COLOMBINA,Cerrado,13.0,2,23.625,COLOMBINA
CE_08_COLOMBINA,Cerrado,14.0,5,23.625,COLOMBINA
CE_08_COLOMBINA,Cerrado,15.0,2,23.625,COLOMBINA
CE_08_COLOMBINA,Cerrado,16.0,4,23.625,COLOMBINA
CE_08_COLOMBINA,Cerrado,17.0,38,23.625,COLOMBINA
CE_08_COLOMBINA,Cerrado,18.0,77,23.625,COLOMBINA
CE_08_COLOMBINA,Cerrado,19.0,49,23.625,COLOMBINA
CE_08_COLOMBINA,Cerrado,20.0,45,23.625,COLOMBINA
CE_08_COLOMBINA,Cerrado,21.0,32,23.625,COLOMBINA
CE_08_COLOMBINA,Cerrado,22.0,32,23.625,COLOMBINA
CE_08_COLOMBINA,Cerrado,23.0,31,23.625,COLOMBINA
CE_09_PANA,Cerrado,0.0,21,21.291666666666668,PANA
CE_09_PANA,Cerrado,1.0,15,21.291666666666668,PANA
CE_09_PANA,Cerrado,2.0,13,21.291666666666668,PANA
CE_09_PANA,Cerrado,3.0,23,21.291666666666668,PANA
CE_09_PANA,Cerrado,4.0,55,21.291666666666668,PANA
CE_09_PANA,Cerrado,5.0,45,21.291666666666668,PANA
CE_09_PANA,Cerrado,6.0,22,21.291666666666668,PANA
CE_09_PANA,Cerrado,7.0,8,21.291666666666668,PANA
CE_09_PANA,Cerrado,8.0,5,21.291666666666668,PANA
CE_09_PANA,Cerrado,9.0,4,21.291666666666668,PANA
CE_09_PANA,Cerrado,10.0,7,21.291666666666668,PANA
CE_09_PANA,Cerrado,11.0,5,21.291666666666668,PANA
CE_09_PANA,Cerrado,12.0,2,21.291666666666668,PANA
CE_09_PANA,Cerrado,13.0,5,21.291666666666668,PANA
CE_09_PANA,Cerrado,14.0,2,21.291666666666668,PANA
CE_09_PANA,Cerrado,15.0,1,21.291666666666668,PANA
CE_09_PANA,Cerrado,16.0,4,21.291666666666668,PANA
CE_09_PANA,Cerrado,17.0,29,21.291666666666668,PANA
CE_09_PANA,Cerrado,18.0,58,21.291666666666668,PANA
CE_09_PANA,Cerrado,19.0,49,21.291666666666668,PANA
CE_09_PANA,Cerrado,20.0,41,21.291666666666668,PANA
CE_09_PANA,Cerrado,21.0,30,21.291666666666668,PANA
CE_09_PANA,Cerrado,22.0,40,21.291666666666668,PANA
CE_09_PANA,Cerrado,23.0,27,21.291666666666668,PANA
CE_10_ELIS,Cerrado,0.0,10,9.11111111111111,ELIS
CE_10_ELIS,Cerrado,1.0,11,9.11111111111111,ELIS
CE_10_ELIS,Cerrado,2.0,10,9.11111111111111,ELIS
CE_10_ELIS,Cerrado,3.0,6,9.11111111111111,ELIS
CE_10_ELIS,Cerrado,4.0,12,9.11111111111111,ELIS
CE_10_ELIS,Cerrado,5.0,12,9.11111111111111,ELIS
CE_10_ELIS,Cerrado,6.0,12,9.11111111111111,ELIS
CE_10_ELIS,Cerrado,7.0,6,9.11111111111111,ELIS
CE_10_ELIS,Cerrado,8.0,2,9.11111111111111,ELIS
CE_10_ELIS,Cerrado,12.0,2,9.11111111111111,ELIS
CE_10_ELIS,Cerrado,15.0,1,9.11111111111111,ELIS
CE_10_ELIS,Cerrado,17.0,3,9.11111111111111,ELIS
CE_10_ELIS,Cerrado,18.0,14,9.11111111111111,ELIS
CE_10_ELIS,Cerrado,19.0,14,9.11111111111111,ELIS
CE_10_ELIS,Cerrado,20.0,10,9.11111111111111,ELIS
CE_10_ELIS,Cerrado,21.0,18,9.11111111111111,ELIS
CE_10_ELIS,Cerrado,22.0,11,9.11111111111111,ELIS
CE_10_ELIS,Cerrado,23.0,10,9.11111111111111,ELIS
CE_11_ZACA,Cerrado,0.0,126,113.33333333333333,ZACA
CE_11_ZACA,Cerrado,1.0,127,113.33333333333333,ZACA
CE_11_ZACA,Cerrado,2.0,126,113.33333333333333,ZACA
CE_11_ZACA,Cerrado,3.0,125,113.33333333333333,ZACA
CE_11_ZACA,Cerrado,4.0,123,113.33333333333333,ZACA
CE_11_ZACA,Cerrado,5.0,107,113.33333333333333,ZACA
CE_11_ZACA,Cerrado,6.0,108,113.33333333333333,ZACA
CE_11_ZACA,Cerrado,7.0,100,113.33333333333333,ZACA
CE_11_ZACA,Cerrado,8.0,97,113.33333333333333,ZACA
CE_11_ZACA,Cerrado,9.0,96,113.33333333333333,ZACA
CE_11_ZACA,Cerrado,10.0,97,113.33333333333333,ZACA
CE_11_ZACA,Cerrado,11.0,105,113.33333333333333,ZACA
CE_11_ZACA,Cerrado,12.0,116,113.33333333333333,ZACA
CE_11_ZACA,Cerrado,13.0,111,113.33333333333333,ZACA
CE_11_ZACA,Cerrado,14.0,107,113.33333333333333,ZACA
CE_11_ZACA,Cerrado,15.0,104,113.33333333333333,ZACA
CE_11_ZACA,Cerrado,16.0,96,113.33333333333333,ZACA
CE_11_ZACA,Cerrado,17.0,105,113.33333333333333,ZACA
CE_11_ZACA,Cerrado,18.0,116,113.33333333333333,ZACA
CE_11_ZACA,Cerrado,19.0,123,113.33333333333333,ZACA
CE_11_ZACA,Cerrado,20.0,126,113.33333333333333,ZACA
CE_11_ZACA,Cerrado,21.0,125,113.33333333333333,ZACA
CE_11_ZACA,Cerrado,22.0,125,113.33333333333333,ZACA
CE_11_ZACA,Cerrado,23.0,129,113.33333333333333,ZACA
CE_13_SULI,Cerrado,0.0,57,48.166666666666664,SULI
CE_13_SULI,Cerrado,1.0,55,48.166666666666664,SULI
CE_13_SULI,Cerrado,2.0,54,48.166666666666664,SULI
CE_13_SULI,Cerrado,3.0,55,48.166666666666664,SULI
CE_13_SULI,Cerrado,4.0,49,48.166666666666664,SULI
CE_13_SULI,Cerrado,5.0,50,48.166666666666664,SULI
CE_13_SULI,Cerrado,6.0,47,48.166666666666664,SULI
CE_13_SULI,Cerrado,7.0,47,48.166666666666664,SULI
CE_13_SULI,Cerrado,8.0,45,48.166666666666664,SULI
CE_13_SULI,Cerrado,9.0,46,48.166666666666664,SULI
CE_13_SULI,Cerrado,10.0,43,48.166666666666664,SULI
CE_13_SULI,Cerrado,11.0,44,48.166666666666664,SULI
CE_13_SULI,Cerrado,12.0,45,48.166666666666664,SULI
CE_13_SULI,Cerrado,13.0,43,48.166666666666664,SULI
CE_13_SULI,Cerrado,14.0,43,48.166666666666664,SULI
CE_13_SULI,Cerrado,15.0,45,48.166666666666664,SULI
CE_13_SULI,Cerrado,16.0,43,48.166666666666664,SULI
CE_13_SULI,Cerrado,17.0,43,48.166666666666664,SULI
CE_13_SULI,Cerrado,18.0,46,48.166666666666664,SULI
CE_13_SULI,Cerrado,19.0,48,48.166666666666664,SULI
CE_13_SULI,Cerrado,20.0,48,48.166666666666664,SULI
CE_13_SULI,Cerrado,21.0,50,48.166666666666664,SULI
CE_13_SULI,Cerrado,22.0,53,48.166666666666664,SULI
CE_13_SULI,Cerrado,23.0,57,48.166666666666664,SULI
CE_15_KURUKA,Cerrado,0.0,71,67.91666666666667,KURUKA
CE_15_KURUKA,Cerrado,1.0,69,67.91666666666667,KURUKA
CE_15_KURUKA,Cerrado,2.0,69,67.91666666666667,KURUKA
CE_15_KURUKA,Cerrado,3.0,68,67.91666666666667,KURUKA
CE_15_KURUKA,Cerrado,4.0,68,67.91666666666667,KURUKA
CE_15_KURUKA,Cerrado,5.0,66,67.91666666666667,KURUKA
CE_15_KURUKA,Cerrado,6.0,66,67.91666666666667,KURUKA
CE_15_KURUKA,Cerrado,7.0,69,67.91666666666667,KURUKA
CE_15_KURUKA,Cerrado,8.0,66,67.91666666666667,KURUKA
CE_15_KURUKA,Cerrado,9.0,68,67.91666666666667,KURUKA
CE_15_KURUKA,Cerrado,10.0,68,67.91666666666667,KURUKA
CE_15_KURUKA,Cerrado,11.0,68,67.91666666666667,KURUKA
CE_15_KURUKA,Cerrado,12.0,65,67.91666666666667,KURUKA
CE_15_KURUKA,Cerrado,13.0,65,67.91666666666667,KURUKA
CE_15_KURUKA,Cerrado,14.0,65,67.91666666666667,KURUKA
CE_15_KURUKA,Cerrado,15.0,65,67.91666666666667,KURUKA
CE_15_KURUKA,Cerrado,16.0,66,67.91666666666667,KURUKA
CE_15_KURUKA,Cerrado,17.0,66,67.91666666666667,KURUKA
CE_15_KURUKA,Cerrado,18.0,70,67.91666666666667,KURUKA
CE_15_KURUKA,Cerrado,19.0,72,67.91666666666667,KURUKA
CE_15_KURUKA,Cerrado,20.0,71,67.91666666666667,KURUKA
CE_15_KURUKA,Cerrado,21.0,69,67.91666666666667,KURUKA
CE_15_KURUKA,Cerrado,22.0,70,67.91666666666667,KURUKA
CE_15_KURUKA,Cerrado,23.0,70,67.91666666666667,KURUKA
CE_17_ARNO,Cerrado,0.0,246,238.95833333333334,ARNO
CE_17_ARNO,Cerrado,1.0,245,238.95833333333334,ARNO
CE_17_ARNO,Cerrado,2.0,246,238.95833333333334,ARNO
CE_17_ARNO,Cerrado,3.0,247,238.95833333333334,ARNO
CE_17_ARNO,Cerrado,4.0,238,238.95833333333334,ARNO
CE_17_ARNO,Cerrado,5.0,241,238.95833333333334,ARNO
CE_17_ARNO,Cerrado,6.0,233,238.95833333333334,ARNO
CE_17_ARNO,Cerrado,7.0,239,238.95833333333334,ARNO
CE_17_ARNO,Cerrado,8.0,240,238.95833333333334,ARNO
CE_17_ARNO,Cerrado,9.0,234,238.95833333333334,ARNO
CE_17_ARNO,Cerrado,10.0,234,238.95833333333334,ARNO
CE_17_ARNO,Cerrado,11.0,239,238.95833333333334,ARNO
CE_17_ARNO,Cerrado,12.0,231,238.95833333333334,ARNO
CE_17_ARNO,Cerrado,13.0,229,238.95833333333334,ARNO
CE_17_ARNO,Cerrado,14.0,230,238.95833333333334,ARNO
CE_17_ARNO,Cerrado,15.0,231,238.95833333333334,ARNO
CE_17_ARNO,Cerrado,16.0,231,238.95833333333334,ARNO
CE_17_ARNO,Cerrado,17.0,238,238.95833333333334,ARNO
CE_17_ARNO,Cerrado,18.0,238,238.95833333333334,ARNO
CE_17_ARNO,Cerrado,19.0,247,238.95833333333334,ARNO
CE_17_ARNO,Cerrado,20.0,245,238.95833333333334,ARNO
CE_17_ARNO,Cerrado,21.0,245,238.95833333333334,ARNO
CE_17_ARNO,Cerrado,22.0,244,238.95833333333334,ARNO
CE_17_ARNO,Cerrado,23.0,244,238.95833333333334,ARNO
CE_21_ZEMARIA,Cerrado,0.0,393,367.7916666666667,ZEMARIA
CE_21_ZEMARIA,Cerrado,1.0,404,367.7916666666667,ZEMARIA
CE_21_ZEMARIA,Cerrado,2.0,389,367.7916666666667,ZEMARIA
CE_21_ZEMARIA,Cerrado,3.0,407,367.7916666666667,ZEMARIA
CE_21_ZEMARIA,Cerrado,4.0,393,367.7916666666667,ZEMARIA
CE_21_ZEMARIA,Cerrado,5.0,392,367.7916666666667,ZEMARIA
CE_21_ZEMARIA,Cerrado,6.0,377,367.7916666666667,ZEMARIA
CE_21_ZEMARIA,Cerrado,7.0,372,367.7916666666667,ZEMARIA
CE_21_ZEMARIA,Cerrado,8.0,362,367.7916666666667,ZEMARIA
CE_21_ZEMARIA,Cerrado,9.0,355,367.7916666666667,ZEMARIA
CE_21_ZEMARIA,Cerrado,10.0,342,367.7916666666667,ZEMARIA
CE_21_ZEMARIA,Cerrado,11.0,330,367.7916666666667,ZEMARIA
CE_21_ZEMARIA,Cerrado,12.0,327,367.7916666666667,ZEMARIA
CE_21_ZEMARIA,Cerrado,13.0,338,367.7916666666667,ZEMARIA
CE_21_ZEMARIA,Cerrado,14.0,326,367.7916666666667,ZEMARIA
CE_21_ZEMARIA,Cerrado,15.0,329,367.7916666666667,ZEMARIA
CE_21_ZEMARIA,Cerrado,16.0,334,367.7916666666667,ZEMARIA
CE_21_ZEMARIA,Cerrado,17.0,346,367.7916666666667,ZEMARIA
CE_21_ZEMARIA,Cerrado,18.0,357,367.7916666666667,ZEMARIA
CE_21_ZEMARIA,Cerrado,19.0,386,367.7916666666667,ZEMARIA
CE_21_ZEMARIA,Cerrado,20.0,387,367.7916666666667,ZEMARIA
CE_21_ZEMARIA,Cerrado,21.0,397,367.7916666666667,ZEMARIA
CE_21_ZEMARIA,Cerrado,22.0,390,367.7916666666667,ZEMARIA
CE_21_ZEMARIA,Cerrado,23.0,394,367.7916666666667,ZEMARIA
CE_22_ZEFA,Cerrado,0.0,80,81.75,ZEFA
CE_22_ZEFA,Cerrado,1.0,85,81.75,ZEFA
CE_22_ZEFA,Cerrado,2.0,82,81.75,ZEFA
CE_22_ZEFA,Cerrado,3.0,84,81.75,ZEFA
CE_22_ZEFA,Cerrado,4.0,81,81.75,ZEFA
CE_22_ZEFA,Cerrado,5.0,80,81.75,ZEFA
CE_22_ZEFA,Cerrado,6.0,79,81.75,ZEFA
CE_22_ZEFA,Cerrado,7.0,83,81.75,ZEFA
CE_22_ZEFA,Cerrado,8.0,80,81.75,ZEFA
CE_22_ZEFA,Cerrado,9.0,85,81.75,ZEFA
CE_22_ZEFA,Cerrado,10.0,79,81.75,ZEFA
CE_22_ZEFA,Cerrado,11.0,83,81.75,ZEFA
CE_22_ZEFA,Cerrado,12.0,78,81.75,ZEFA
CE_22_ZEFA,Cerrado,13.0,73,81.75,ZEFA
CE_22_ZEFA,Cerrado,14.0,80,81.75,ZEFA
CE_22_ZEFA,Cerrado,15.0,80,81.75,ZEFA
CE_22_ZEFA,Cerrado,16.0,83,81.75,ZEFA
CE_22_ZEFA,Cerrado,17.0,84,81.75,ZEFA
CE_22_ZEFA,Cerrado,18.0,85,81.75,ZEFA
CE_22_ZEFA,Cerrado,19.0,84,81.75,ZEFA
CE_22_ZEFA,Cerrado,20.0,86,81.75,ZEFA
CE_22_ZEFA,Cerrado,21.0,83,81.75,ZEFA
CE_22_ZEFA,Cerrado,22.0,83,81.75,ZEFA
CE_22_ZEFA,Cerrado,23.0,82,81.75,ZEFA
CE_23_CARABI,Cerrado,0.0,460,453.1666666666667,CARABI
CE_23_CARABI,Cerrado,1.0,471,453.1666666666667,CARABI
CE_23_CARABI,Cerrado,2.0,454,453.1666666666667,CARABI
CE_23_CARABI,Cerrado,3.0,480,453.1666666666667,CARABI
CE_23_CARABI,Cerrado,4.0,477,453.1666666666667,CARABI
CE_23_CARABI,Cerrado,5.0,471,453.1666666666667,CARABI
CE_23_CARABI,Cerrado,6.0,453,453.1666666666667,CARABI
CE_23_CARABI,Cerrado,7.0,472,453.1666666666667,CARABI
CE_23_CARABI,Cerrado,8.0,467,453.1666666666667,CARABI
CE_23_CARABI,Cerrado,9.0,463,453.1666666666667,CARABI
CE_23_CARABI,Cerrado,10.0,439,453.1666666666667,CARABI
CE_23_CARABI,Cerrado,11.0,435,453.1666666666667,CARABI
CE_23_CARABI,Cerrado,12.0,414,453.1666666666667,CARABI
CE_23_CARABI,Cerrado,13.0,415,453.1666666666667,CARABI
CE_23_CARABI,Cerrado,14.0,415,453.1666666666667,CARABI
CE_23_CARABI,Cerrado,15.0,413,453.1666666666667,CARABI
CE_23_CARABI,Cerrado,16.0,414,453.1666666666667,CARABI
CE_23_CARABI,Cerrado,17.0,432,453.1666666666667,CARABI
CE_23_CARABI,Cerrado,18.0,435,453.1666666666667,CARABI
CE_23_CARABI,Cerrado,19.0,486,453.1666666666667,CARABI
CE_23_CARABI,Cerrado,20.0,475,453.1666666666667,CARABI
CE_23_CARABI,Cerrado,21.0,483,453.1666666666667,CARABI
CE_23_CARABI,Cerrado,22.0,466,453.1666666666667,CARABI
CE_23_CARABI,Cerrado,23.0,486,453.1666666666667,CARABI
CE_25_SEGRE,Cerrado,0.0,453,444.75,SEGRE
CE_25_SEGRE,Cerrado,1.0,462,444.75,SEGRE
CE_25_SEGRE,Cerrado,2.0,456,444.75,SEGRE
CE_25_SEGRE,Cerrado,3.0,463,444.75,SEGRE
CE_25_SEGRE,Cerrado,4.0,446,444.75,SEGRE
CE_25_SEGRE,Cerrado,5.0,439,444.75,SEGRE
CE_25_SEGRE,Cerrado,6.0,428,444.75,SEGRE
CE_25_SEGRE,Cerrado,7.0,443,444.75,SEGRE
CE_25_SEGRE,Cerrado,8.0,443,444.75,SEGRE
CE_25_SEGRE,Cerrado,9.0,443,444.75,SEGRE
CE_25_SEGRE,Cerrado,10.0,433,444.75,SEGRE
CE_25_SEGRE,Cerrado,11.0,438,444.75,SEGRE
CE_25_SEGRE,Cerrado,12.0,429,444.75,SEGRE
CE_25_SEGRE,Cerrado,13.0,434,444.75,SEGRE
CE_25_SEGRE,Cerrado,14.0,425,444.75,SEGRE
CE_25_SEGRE,Cerrado,15.0,426,444.75,SEGRE
CE_25_SEGRE,Cerrado,16.0,432,444.75,SEGRE
CE_25_SEGRE,Cerrado,17.0,437,444.75,SEGRE
CE_25_SEGRE,Cerrado,18.0,448,444.75,SEGRE
CE_25_SEGRE,Cerrado,19.0,463,444.75,SEGRE
CE_25_SEGRE,Cerrado,20.0,454,444.75,SEGRE
CE_25_SEGRE,Cerrado,21.0,456,444.75,SEGRE
CE_25_SEGRE,Cerrado,22.0,457,444.75,SEGRE
CE_25_SEGRE,Cerrado,23.0,466,444.75,SEGRE
CE_27_DONALINA,Cerrado,0.0,41,37.583333333333336,DONALINA
CE_27_DONALINA,Cerrado,1.0,39,37.583333333333336,DONALINA
CE_27_DONALINA,Cerrado,2.0,42,37.583333333333336,DONALINA
CE_27_DONALINA,Cerrado,3.0,39,37.583333333333336,DONALINA
CE_27_DONALINA,Cerrado,4.0,38,37.583333333333336,DONALINA
CE_27_DONALINA,Cerrado,5.0,38,37.583333333333336,DONALINA
CE_27_DONALINA,Cerrado,6.0,40,37.583333333333336,DONALINA
CE_27_DONALINA,Cerrado,7.0,38,37.583333333333336,DONALINA
CE_27_DONALINA,Cerrado,8.0,41,37.583333333333336,DONALINA
CE_27_DONALINA,Cerrado,9.0,39,37.583333333333336,DONALINA
CE_27_DONALINA,Cerrado,10.0,37,37.583333333333336,DONALINA
CE_27_DONALINA,Cerrado,11.0,38,37.583333333333336,DONALINA
CE_27_DONALINA,Cerrado,12.0,36,37.583333333333336,DONALINA
CE_27_DONALINA,Cerrado,13.0,35,37.583333333333336,DONALINA
CE_27_DONALINA,Cerrado,14.0,27,37.583333333333336,DONALINA
CE_27_DONALINA,Cerrado,15.0,29,37.583333333333336,DONALINA
CE_27_DONALINA,Cerrado,16.0,33,37.583333333333336,DONALINA
CE_27_DONALINA,Cerrado,17.0,33,37.583333333333336,DONALINA
CE_27_DONALINA,Cerrado,18.0,41,37.583333333333336,DONALINA
CE_27_DONALINA,Cerrado,19.0,38,37.583333333333336,DONALINA
CE_27_DONALINA,Cerrado,20.0,42,37.583333333333336,DONALINA
CE_27_DONALINA,Cerrado,21.0,40,37.583333333333336,DONALINA
CE_27_DONALINA,Cerrado,22.0,40,37.583333333333336,DONALINA
CE_27_DONALINA,Cerrado,23.0,38,37.583333333333336,DONALINA
CE_28_ZIGGY,Cerrado,0.0,405,395.0,ZIGGY
CE_28_ZIGGY,Cerrado,1.0,402,395.0,ZIGGY
CE_28_ZIGGY,Cerrado,2.0,410,395.0,ZIGGY
CE_28_ZIGGY,Cerrado,3.0,410,395.0,ZIGGY
CE_28_ZIGGY,Cerrado,4.0,410,395.0,ZIGGY
CE_28_ZIGGY,Cerrado,5.0,403,395.0,ZIGGY
CE_28_ZIGGY,Cerrado,6.0,388,395.0,ZIGGY
CE_28_ZIGGY,Cerrado,7.0,387,395.0,ZIGGY
CE_28_ZIGGY,Cerrado,8.0,387,395.0,ZIGGY
CE_28_ZIGGY,Cerrado,9.0,378,395.0,ZIGGY
CE_28_ZIGGY,Cerrado,10.0,372,395.0,ZIGGY
CE_28_ZIGGY,Cerrado,11.0,375,395.0,ZIGGY
CE_28_ZIGGY,Cerrado,12.0,382,395.0,ZIGGY
CE_28_ZIGGY,Cerrado,13.0,378,395.0,ZIGGY
CE_28_ZIGGY,Cerrado,14.0,384,395.0,ZIGGY
CE_28_ZIGGY,Cerrado,15.0,383,395.0,ZIGGY
CE_28_ZIGGY,Cerrado,16.0,387,395.0,ZIGGY
CE_28_ZIGGY,Cerrado,17.0,401,395.0,ZIGGY
CE_28_ZIGGY,Cerrado,18.0,413,395.0,ZIGGY
CE_28_ZIGGY,Cerrado,19.0,405,395.0,ZIGGY
CE_28_ZIGGY,Cerrado,20.0,406,395.0,ZIGGY
CE_28_ZIGGY,Cerrado,21.0,408,395.0,ZIGGY
CE_28_ZIGGY,Cerrado,22.0,404,395.0,ZIGGY
CE_28_ZIGGY,Cerrado,23.0,402,395.0,ZIGGY
CE_31_ANNA,Cerrado,0.0,435,418.1666666666667,ANNA
CE_31_ANNA,Cerrado,1.0,431,418.1666666666667,ANNA
CE_31_ANNA,Cerrado,2.0,425,418.1666666666667,ANNA
CE_31_ANNA,Cerrado,3.0,438,418.1666666666667,ANNA
CE_31_ANNA,Cerrado,4.0,416,418.1666666666667,ANNA
CE_31_ANNA,Cerrado,5.0,423,418.1666666666667,ANNA
CE_31_ANNA,Cerrado,6.0,416,418.1666666666667,ANNA
CE_31_ANNA,Cerrado,7.0,425,418.1666666666667,ANNA
CE_31_ANNA,Cerrado,8.0,398,418.1666666666667,ANNA
CE_31_ANNA,Cerrado,9.0,411,418.1666666666667,ANNA
CE_31_ANNA,Cerrado,10.0,402,418.1666666666667,ANNA
CE_31_ANNA,Cerrado,11.0,422,418.1666666666667,ANNA
CE_31_ANNA,Cerrado,12.0,409,418.1666666666667,ANNA
CE_31_ANNA,Cerrado,13.0,421,418.1666666666667,ANNA
CE_31_ANNA,Cerrado,14.0,397,418.1666666666667,ANNA
CE_31_ANNA,Cerrado,15.0,420,418.1666666666667,ANNA
CE_31_ANNA,Cerrado,16.0,400,418.1666666666667,ANNA
CE_31_ANNA,Cerrado,17.0,416,418.1666666666667,ANNA
CE_31_ANNA,Cerrado,18.0,411,418.1666666666667,ANNA
CE_31_ANNA,Cerrado,19.0,420,418.1666666666667,ANNA
CE_31_ANNA,Cerrado,20.0,428,418.1666666666667,ANNA
CE_31_ANNA,Cerrado,21.0,424,418.1666666666667,ANNA
CE_31_ANNA,Cerrado,22.0,420,418.1666666666667,ANNA
CE_31_ANNA,Cerrado,23.0,428,418.1666666666667,ANNA
CE_34_DONACIDA,Cerrado,0.0,375,369.5,DONACIDA
CE_34_DONACIDA,Cerrado,1.0,384,369.5,DONACIDA
CE_34_DONACIDA,Cerrado,2.0,380,369.5,DONACIDA
CE_34_DONACIDA,Cerrado,3.0,385,369.5,DONACIDA
CE_34_DONACIDA,Cerrado,4.0,378,369.5,DONACIDA
CE_34_DONACIDA,Cerrado,5.0,376,369.5,DONACIDA
CE_34_DONACIDA,Cerrado,6.0,376,369.5,DONACIDA
CE_34_DONACIDA,Cerrado,7.0,376,369.5,DONACIDA
CE_34_DONACIDA,Cerrado,8.0,374,369.5,DONACIDA
CE_34_DONACIDA,Cerrado,9.0,373,369.5,DONACIDA
CE_34_DONACIDA,Cerrado,10.0,362,369.5,DONACIDA
CE_34_DONACIDA,Cerrado,11.0,358,369.5,DONACIDA
CE_34_DONACIDA,Cerrado,12.0,354,369.5,DONACIDA
CE_34_DONACIDA,Cerrado,13.0,351,369.5,DONACIDA
CE_34_DONACIDA,Cerrado,14.0,341,369.5,DONACIDA
CE_34_DONACIDA,Cerrado,15.0,347,369.5,DONACIDA
CE_34_DONACIDA,Cerrado,16.0,343,369.5,DONACIDA
CE_34_DONACIDA,Cerrado,17.0,359,369.5,DONACIDA
CE_34_DONACIDA,Cerrado,18.0,365,369.5,DONACIDA
CE_34_DONACIDA,Cerrado,19.0,382,369.5,DONACIDA
CE_34_DONACIDA,Cerrado,20.0,382,369.5,DONACIDA
CE_34_DONACIDA,Cerrado,21.0,387,369.5,DONACIDA
CE_34_DONACIDA,Cerrado,22.0,380,369.5,DONACIDA
CE_34_DONACIDA,Cerrado,23.0,380,369.5,DONACIDA
PA_03_BANDAID,Pantanal,0.0,12,9.26086956521739,BANDAID
PA_03_BANDAID,Pantanal,1.0,11,9.26086956521739,BANDAID
PA_03_BANDAID,Pantanal,2.0,9,9.26086956521739,BANDAID
PA_03_BANDAID,Pantanal,3.0,10,9.26086956521739,BANDAID
PA_03_BANDAID,Pantanal,4.0,14,9.26086956521739,BANDAID
PA_03_BANDAID,Pantanal,5.0,22,9.26086956521739,BANDAID
PA_03_BANDAID,Pantanal,6.0,12,9.26086956521739,BANDAID
PA_03_BANDAID,Pantanal,7.0,5,9.26086956521739,BANDAID
PA_03_BANDAID,Pantanal,8.0,8,9.26086956521739,BANDAID
PA_03_BANDAID,Pantanal,9.0,13,9.26086956521739,BANDAID
PA_03_BANDAID,Pantanal,10.0,5,9.26086956521739,BANDAID
PA_03_BANDAID,Pantanal,12.0,3,9.26086956521739,BANDAID
PA_03_BANDAID,Pantanal,13.0,1,9.26086956521739,BANDAID
PA_03_BANDAID,Pantanal,14.0,1,9.26086956521739,BANDAID
PA_03_BANDAID,Pantanal,15.0,1,9.26086956521739,BANDAID
PA_03_BANDAID,Pantanal,16.0,2,9.26086956521739,BANDAID
PA_03_BANDAID,Pantanal,17.0,2,9.26086956521739,BANDAID
PA_03_BANDAID,Pantanal,18.0,15,9.26086956521739,BANDAID
PA_03_BANDAID,Pantanal,19.0,19,9.26086956521739,BANDAID
PA_03_BANDAID,Pantanal,20.0,18,9.26086956521739,BANDAID
PA_03_BANDAID,Pantanal,21.0,18,9.26086956521739,BANDAID
PA_03_BANDAID,Pantanal,22.0,7,9.26086956521739,BANDAID
PA_03_BANDAID,Pantanal,23.0,5,9.26086956521739,BANDAID
PA_05_KELLY,Pantanal,0.0,7,8.590909090909092,KELLY
PA_05_KELLY,Pantanal,1.0,8,8.590909090909092,KELLY
PA_05_KELLY,Pantanal,2.0,7,8.590909090909092,KELLY
PA_05_KELLY,Pantanal,3.0,10,8.590909090909092,KELLY
PA_05_KELLY,Pantanal,4.0,12,8.590909090909092,KELLY
PA_05_KELLY,Pantanal,5.0,15,8.590909090909092,KELLY
PA_05_KELLY,Pantanal,6.0,15,8.590909090909092,KELLY
PA_05_KELLY,Pantanal,7.0,5,8.590909090909092,KELLY
PA_05_KELLY,Pantanal,8.0,5,8.590909090909092,KELLY
PA_05_KELLY,Pantanal,9.0,8,8.590909090909092,KELLY
PA_05_KELLY,Pantanal,10.0,2,8.590909090909092,KELLY
PA_05_KELLY,Pantanal,12.0,1,8.590909090909092,KELLY
PA_05_KELLY,Pantanal,13.0,2,8.590909090909092,KELLY
PA_05_KELLY,Pantanal,14.0,2,8.590909090909092,KELLY
PA_05_KELLY,Pantanal,15.0,1,8.590909090909092,KELLY
PA_05_KELLY,Pantanal,16.0,2,8.590909090909092,KELLY
PA_05_KELLY,Pantanal,18.0,13,8.590909090909092,KELLY
PA_05_KELLY,Pantanal,19.0,21,8.590909090909092,KELLY
PA_05_KELLY,Pantanal,20.0,19,8.590909090909092,KELLY
PA_05_KELLY,Pantanal,21.0,17,8.590909090909092,KELLY
PA_05_KELLY,Pantanal,22.0,11,8.590909090909092,KELLY
PA_05_KELLY,Pantanal,23.0,6,8.590909090909092,KELLY
PA_08_BENJAMIN,Pantanal,0.0,27,23.26086956521739,BENJAMIN
PA_08_BENJAMIN,Pantanal,1.0,26,23.26086956521739,BENJAMIN
PA_08_BENJAMIN,Pantanal,2.0,26,23.26086956521739,BENJAMIN
PA_08_BENJAMIN,Pantanal,3.0,27,23.26086956521739,BENJAMIN
PA_08_BENJAMIN,Pantanal,4.0,36,23.26086956521739,BENJAMIN
PA_08_BENJAMIN,Pantanal,5.0,42,23.26086956521739,BENJAMIN
PA_08_BENJAMIN,Pantanal,6.0,28,23.26086956521739,BENJAMIN
PA_08_BENJAMIN,Pantanal,7.0,19,23.26086956521739,BENJAMIN
PA_08_BENJAMIN,Pantanal,8.0,17,23.26086956521739,BENJAMIN
PA_08_BENJAMIN,Pantanal,9.0,26,23.26086956521739,BENJAMIN
PA_08_BENJAMIN,Pantanal,10.0,16,23.26086956521739,BENJAMIN
PA_08_BENJAMIN,Pantanal,11.0,5,23.26086956521739,BENJAMIN
PA_08_BENJAMIN,Pantanal,12.0,1,23.26086956521739,BENJAMIN
PA_08_BENJAMIN,Pantanal,14.0,2,23.26086956521739,BENJAMIN
PA_08_BENJAMIN,Pantanal,15.0,3,23.26086956521739,BENJAMIN
PA_08_BENJAMIN,Pantanal,16.0,3,23.26086956521739,BENJAMIN
PA_08_BENJAMIN,Pantanal,17.0,7,23.26086956521739,BENJAMIN
PA_08_BENJAMIN,Pantanal,18.0,41,23.26086956521739,BENJAMIN
PA_08_BENJAMIN,Pantanal,19.0,52,23.26086956521739,BENJAMIN
PA_08_BENJAMIN,Pantanal,20.0,41,23.26086956521739,BENJAMIN
PA_08_BENJAMIN,Pantanal,21.0,29,23.26086956521739,BENJAMIN
PA_08_BENJAMIN,Pantanal,22.0,33,23.26086956521739,BENJAMIN
PA_08_BENJAMIN,Pantanal,23.0,28,23.26086956521739,BENJAMIN
PA_09_SONIAMADALENA,Pantanal,0.0,32,28.0,SONIAMADALENA
PA_09_SONIAMADALENA,Pantanal,1.0,29,28.0,SONIAMADALENA
PA_09_SONIAMADALENA,Pantanal,2.0,31,28.0,SONIAMADALENA
PA_09_SONIAMADALENA,Pantanal,3.0,21,28.0,SONIAMADALENA
PA_09_SONIAMADALENA,Pantanal,4.0,23,28.0,SONIAMADALENA
PA_09_SONIAMADALENA,Pantanal,5.0,21,28.0,SONIAMADALENA
PA_09_SONIAMADALENA,Pantanal,6.0,24,28.0,SONIAMADALENA
PA_09_SONIAMADALENA,Pantanal,7.0,25,28.0,SONIAMADALENA
PA_09_SONIAMADALENA,Pantanal,8.0,31,28.0,SONIAMADALENA
PA_09_SONIAMADALENA,Pantanal,9.0,28,28.0,SONIAMADALENA
PA_09_SONIAMADALENA,Pantanal,10.0,30,28.0,SONIAMADALENA
PA_09_SONIAMADALENA,Pantanal,11.0,25,28.0,SONIAMADALENA
PA_09_SONIAMADALENA,Pantanal,12.0,33,28.0,SONIAMADALENA
PA_09_SONIAMADALENA,Pantanal,13.0,31,28.0,SONIAMADALENA
PA_09_SONIAMADALENA,Pantanal,14.0,36,28.0,SONIAMADALENA
PA_09_SONIAMADALENA,Pantanal,15.0,29,28.0,SONIAMADALENA
PA_09_SONIAMADALENA,Pantanal,16.0,34,28.0,SONIAMADALENA
PA_09_SONIAMADALENA,Pantanal,17.0,28,28.0,SONIAMADALENA
PA_09_SONIAMADALENA,Pantanal,18.0,34,28.0,SONIAMADALENA
PA_09_SONIAMADALENA,Pantanal,19.0,28,28.0,SONIAMADALENA
PA_09_SONIAMADALENA,Pantanal,20.0,29,28.0,SONIAMADALENA
PA_09_SONIAMADALENA,Pantanal,21.0,21,28.0,SONIAMADALENA
PA_09_SONIAMADALENA,Pantanal,22.0,22,28.0,SONIAMADALENA
PA_09_SONIAMADALENA,Pantanal,23.0,27,28.0,SONIAMADALENA
PA_10_VIVEK,Pantanal,0.0,27,29.272727272727273,VIVEK
PA_10_VIVEK,Pantanal,1.0,30,29.272727272727273,VIVEK
PA_10_VIVEK,Pantanal,2.0,35,29.272727272727273,VIVEK
PA_10_VIVEK,Pantanal,3.0,35,29.272727272727273,VIVEK
PA_10_VIVEK,Pantanal,4.0,58,29.272727272727273,VIVEK
PA_10_VIVEK,Pantanal,5.0,50,29.272727272727273,VIVEK
PA_10_VIVEK,Pantanal,6.0,37,29.272727272727273,VIVEK
PA_10_VIVEK,Pantanal,7.0,22,29.272727272727273,VIVEK
PA_10_VIVEK,Pantanal,8.0,23,29.272727272727273,VIVEK
PA_10_VIVEK,Pantanal,9.0,12,29.272727272727273,VIVEK
PA_10_VIVEK,Pantanal,10.0,3,29.272727272727273,VIVEK
PA_10_VIVEK,Pantanal,12.0,1,29.272727272727273,VIVEK
PA_10_VIVEK,Pantanal,14.0,3,29.272727272727273,VIVEK
PA_10_VIVEK,Pantanal,15.0,4,29.272727272727273,VIVEK
PA_10_VIVEK,Pantanal,16.0,1,29.272727272727273,VIVEK
PA_10_VIVEK,Pantanal,17.0,11,29.272727272727273,VIVEK
PA_10_VIVEK,Pantanal,18.0,74,29.272727272727273,VIVEK
PA_10_VIVEK,Pantanal,19.0,57,29.272727272727273,VIVEK
PA_10_VIVEK,Pantanal,20.0,61,29.272727272727273,VIVEK
PA_10_VIVEK,Pantanal,21.0,24,29.272727272727273,VIVEK
PA_10_VIVEK,Pantanal,22.0,48,29.272727272727273,VIVEK
PA_10_VIVEK,Pantanal,23.0,28,29.272727272727273,VIVEK
PA_11_LUIS,Pantanal,0.0,8,10.263157894736842,LUIS
PA_11_LUIS,Pantanal,1.0,6,10.263157894736842,LUIS
PA_11_LUIS,Pantanal,2.0,3,10.263157894736842,LUIS
PA_11_LUIS,Pantanal,3.0,5,10.263157894736842,LUIS
PA_11_LUIS,Pantanal,4.0,19,10.263157894736842,LUIS
PA_11_LUIS,Pantanal,5.0,19,10.263157894736842,LUIS
PA_11_LUIS,Pantanal,6.0,14,10.263157894736842,LUIS
PA_11_LUIS,Pantanal,7.0,6,10.263157894736842,LUIS
PA_11_LUIS,Pantanal,8.0,18,10.263157894736842,LUIS
PA_11_LUIS,Pantanal,9.0,14,10.263157894736842,LUIS
PA_11_LUIS,Pantanal,10.0,18,10.263157894736842,LUIS
PA_11_LUIS,Pantanal,11.0,1,10.263157894736842,LUIS
PA_11_LUIS,Pantanal,15.0,2,10.263157894736842,LUIS
PA_11_LUIS,Pantanal,18.0,11,10.263157894736842,LUIS
PA_11_LUIS,Pantanal,19.0,12,10.263157894736842,LUIS
PA_11_LUIS,Pantanal,20.0,10,10.263157894736842,LUIS
PA_11_LUIS,Pantanal,21.0,16,10.263157894736842,LUIS
PA_11_LUIS,Pantanal,22.0,6,10.263157894736842,LUIS
PA_11_LUIS,Pantanal,23.0,7,10.263157894736842,LUIS
PA_12_FELIPPE,Pantanal,0.0,3,3.75,FELIPPE
PA_12_FELIPPE,Pantanal,1.0,5,3.75,FELIPPE
PA_12_FELIPPE,Pantanal,2.0,2,3.75,FELIPPE
PA_12_FELIPPE,Pantanal,3.0,8,3.75,FELIPPE
PA_12_FELIPPE,Pantanal,4.0,4,3.75,FELIPPE
PA_12_FELIPPE,Pantanal,5.0,4,3.75,FELIPPE
PA_12_FELIPPE,Pantanal,6.0,1,3.75,FELIPPE
PA_12_FELIPPE,Pantanal,7.0,1,3.75,FELIPPE
PA_12_FELIPPE,Pantanal,8.0,12,3.75,FELIPPE
PA_12_FELIPPE,Pantanal,9.0,8,3.75,FELIPPE
PA_12_FELIPPE,Pantanal,10.0,3,3.75,FELIPPE
PA_12_FELIPPE,Pantanal,11.0,2,3.75,FELIPPE
PA_12_FELIPPE,Pantanal,12.0,1,3.75,FELIPPE
PA_12_FELIPPE,Pantanal,15.0,1,3.75,FELIPPE
PA_12_FELIPPE,Pantanal,18.0,4,3.75,FELIPPE
PA_12_FELIPPE,Pantanal,19.0,4,3.75,FELIPPE
PA_12_FELIPPE,Pantanal,20.0,3,3.75,FELIPPE
PA_12_FELIPPE,Pantanal,21.0,3,3.75,FELIPPE
PA_12_FELIPPE,Pantanal,22.0,2,3.75,FELIPPE
PA_12_FELIPPE,Pantanal,23.0,4,3.75,FELIPPE
PA_13_RITA,Pantanal,0.0,23,26.333333333333332,RITA
PA_13_RITA,Pantanal,1.0,26,26.333333333333332,RITA
PA_13_RITA,Pantanal,2.0,29,26.333333333333332,RITA
PA_13_RITA,Pantanal,3.0,20,26.333333333333332,RITA
PA_13_RITA,Pantanal,4.0,22,26.333333333333332,RITA
PA_13_RITA,Pantanal,5.0,22,26.333333333333332,RITA
PA_13_RITA,Pantanal,6.0,28,26.333333333333332,RITA
PA_13_RITA,Pantanal,7.0,24,26.333333333333332,RITA
PA_13_RITA,Pantanal,8.0,22,26.333333333333332,RITA
PA_13_RITA,Pantanal,9.0,27,26.333333333333332,RITA
PA_13_RITA,Pantanal,10.0,32,26.333333333333332,RITA
PA_13_RITA,Pantanal,11.0,21,26.333333333333332,RITA
PA_13_RITA,Pantanal,12.0,28,26.333333333333332,RITA
PA_13_RITA,Pantanal,13.0,24,26.333333333333332,RITA
PA_13_RITA,Pantanal,14.0,25,26.333333333333332,RITA
PA_13_RITA,Pantanal,15.0,23,26.333333333333332,RITA
PA_13_RITA,Pantanal,16.0,30,26.333333333333332,RITA
PA_13_RITA,Pantanal,17.0,34,26.333333333333332,RITA
PA_13_RITA,Pantanal,18.0,36,26.333333333333332,RITA
PA_13_RITA,Pantanal,19.0,26,26.333333333333332,RITA
PA_13_RITA,Pantanal,20.0,29,26.333333333333332,RITA
PA_13_RITA,Pantanal,21.0,22,26.333333333333332,RITA
PA_13_RITA,Pantanal,22.0,30,26.333333333333332,RITA
PA_13_RITA,Pantanal,23.0,29,26.333333333333332,RITA
PA_15_MORENA,Pantanal,0.0,158,177.625,MORENA
PA_15_MORENA,Pantanal,1.0,144,177.625,MORENA
PA_15_MORENA,Pantanal,2.0,161,177.625,MORENA
PA_15_MORENA,Pantanal,3.0,146,177.625,MORENA
PA_15_MORENA,Pantanal,4.0,158,177.625,MORENA
PA_15_MORENA,Pantanal,5.0,122,177.625,MORENA
PA_15_MORENA,Pantanal,6.0,154,177.625,MORENA
PA_15_MORENA,Pantanal,7.0,142,177.625,MORENA
PA_15_MORENA,Pantanal,8.0,184,177.625,MORENA
PA_15_MORENA,Pantanal,9.0,195,177.625,MORENA
PA_15_MORENA,Pantanal,10.0,218,177.625,MORENA
PA_15_MORENA,Pantanal,11.0,220,177.625,MORENA
PA_15_MORENA,Pantanal,12.0,227,177.625,MORENA
PA_15_MORENA,Pantanal,13.0,218,177.625,MORENA
PA_15_MORENA,Pantanal,14.0,226,177.625,MORENA
PA_15_MORENA,Pantanal,15.0,205,177.625,MORENA
PA_15_MORENA,Pantanal,16.0,214,177.625,MORENA
PA_15_MORENA,Pantanal,17.0,212,177.625,MORENA
PA_15_MORENA,Pantanal,18.0,210,177.625,MORENA
PA_15_MORENA,Pantanal,19.0,179,177.625,MORENA
PA_15_MORENA,Pantanal,20.0,178,177.625,MORENA
PA_15_MORENA,Pantanal,21.0,119,177.625,MORENA
PA_15_MORENA,Pantanal,22.0,151,177.625,MORENA
PA_15_MORENA,Pantanal,23.0,122,177.625,MORENA
PA_16_DORA,Pantanal,0.0,18,17.952380952380953,DORA
PA_16_DORA,Pantanal,1.0,18,17.952380952380953,DORA
PA_16_DORA,Pantanal,2.0,20,17.952380952380953,DORA
PA_16_DORA,Pantanal,3.0,15,17.952380952380953,DORA
PA_16_DORA,Pantanal,4.0,28,17.952380952380953,DORA
PA_16_DORA,Pantanal,5.0,23,17.952380952380953,DORA
PA_16_DORA,Pantanal,6.0,15,17.952380952380953,DORA
PA_16_DORA,Pantanal,7.0,13,17.952380952380953,DORA
PA_16_DORA,Pantanal,8.0,22,17.952380952380953,DORA
PA_16_DORA,Pantanal,9.0,10,17.952380952380953,DORA
PA_16_DORA,Pantanal,10.0,4,17.952380952380953,DORA
PA_16_DORA,Pantanal,14.0,1,17.952380952380953,DORA
PA_16_DORA,Pantanal,15.0,1,17.952380952380953,DORA
PA_16_DORA,Pantanal,16.0,3,17.952380952380953,DORA
PA_16_DORA,Pantanal,17.0,11,17.952380952380953,DORA
PA_16_DORA,Pantanal,18.0,42,17.952380952380953,DORA
PA_16_DORA,Pantanal,19.0,35,17.952380952380953,DORA
PA_16_DORA,Pantanal,20.0,35,17.952380952380953,DORA
PA_16_DORA,Pantanal,21.0,29,17.952380952380953,DORA
PA_16_DORA,Pantanal,22.0,12,17.952380952380953,DORA
PA_16_DORA,Pantanal,23.0,22,17.952380952380953,DORA
PA_18_NIC,Pantanal,0.0,12,15.833333333333334,NIC
PA_18_NIC,Pantanal,1.0,12,15.833333333333334,NIC
PA_18_NIC,Pantanal,2.0,15,15.833333333333334,NIC
PA_18_NIC,Pantanal,3.0,13,15.833333333333334,NIC
PA_18_NIC,Pantanal,4.0,22,15.833333333333334,NIC
PA_18_NIC,Pantanal,5.0,20,15.833333333333334,NIC
PA_18_NIC,Pantanal,6.0,14,15.833333333333334,NIC
PA_18_NIC,Pantanal,7.0,18,15.833333333333334,NIC
PA_18_NIC,Pantanal,8.0,15,15.833333333333334,NIC
PA_18_NIC,Pantanal,9.0,7,15.833333333333334,NIC
PA_18_NIC,Pantanal,10.0,2,15.833333333333334,NIC
PA_18_NIC,Pantanal,17.0,5,15.833333333333334,NIC
PA_18_NIC,Pantanal,18.0,40,15.833333333333334,NIC
PA_18_NIC,Pantanal,19.0,30,15.833333333333334,NIC
PA_18_NIC,Pantanal,20.0,24,15.833333333333334,NIC
PA_18_NIC,Pantanal,21.0,7,15.833333333333334,NIC
PA_18_NIC,Pantanal,22.0,16,15.833333333333334,NIC
PA_18_NIC,Pantanal,23.0,13,15.833333333333334,NIC
PA_19_SERGIAO,Pantanal,0.0,536,507.5416666666667,SERGIAO
PA_19_SERGIAO,Pantanal,1.0,540,507.5416666666667,SERGIAO
PA_19_SERGIAO,Pantanal,2.0,538,507.5416666666667,SERGIAO
PA_19_SERGIAO,Pantanal,3.0,547,507.5416666666667,SERGIAO
PA_19_SERGIAO,Pantanal,4.0,553,507.5416666666667,SERGIAO
PA_19_SERGIAO,Pantanal,5.0,524,507.5416666666667,SERGIAO
PA_19_SERGIAO,Pantanal,6.0,486,507.5416666666667,SERGIAO
PA_19_SERGIAO,Pantanal,7.0,469,507.5416666666667,SERGIAO
PA_19_SERGIAO,Pantanal,8.0,472,507.5416666666667,SERGIAO
PA_19_SERGIAO,Pantanal,9.0,497,507.5416666666667,SERGIAO
PA_19_SERGIAO,Pantanal,10.0,493,507.5416666666667,SERGIAO
PA_19_SERGIAO,Pantanal,11.0,495,507.5416666666667,SERGIAO
PA_19_SERGIAO,Pantanal,12.0,492,507.5416666666667,SERGIAO
PA_19_SERGIAO,Pantanal,13.0,479,507.5416666666667,SERGIAO
PA_19_SERGIAO,Pantanal,14.0,472,507.5416666666667,SERGIAO
PA_19_SERGIAO,Pantanal,15.0,467,507.5416666666667,SERGIAO
PA_19_SERGIAO,Pantanal,16.0,459,507.5416666666667,SERGIAO
PA_19_SERGIAO,Pantanal,17.0,462,507.5416666666667,SERGIAO
PA_19_SERGIAO,Pantanal,18.0,504,507.5416666666667,SERGIAO
PA_19_SERGIAO,Pantanal,19.0,549,507.5416666666667,SERGIAO
PA_19_SERGIAO,Pantanal,20.0,544,507.5416666666667,SERGIAO
PA_19_SERGIAO,Pantanal,21.0,536,507.5416666666667,SERGIAO
PA_19_SERGIAO,Pantanal,22.0,530,507.5416666666667,SERGIAO
PA_19_SERGIAO,Pantanal,23.0,537,507.5416666666667,SERGIAO
PA_20_SY,Pantanal,0.0,57,55.083333333333336,SY
PA_20_SY,Pantanal,1.0,54,55.083333333333336,SY
PA_20_SY,Pantanal,2.0,54,55.083333333333336,SY
PA_20_SY,Pantanal,3.0,56,55.083333333333336,SY
PA_20_SY,Pantanal,4.0,56,55.083333333333336,SY
PA_20_SY,Pantanal,5.0,54,55.083333333333336,SY
PA_20_SY,Pantanal,6.0,51,55.083333333333336,SY
PA_20_SY,Pantanal,7.0,53,55.083333333333336,SY
PA_20_SY,Pantanal,8.0,56,55.083333333333336,SY
PA_20_SY,Pantanal,9.0,50,55.083333333333336,SY
PA_20_SY,Pantanal,10.0,52,55.083333333333336,SY
PA_20_SY,Pantanal,11.0,57,55.083333333333336,SY
PA_20_SY,Pantanal,12.0,57,55.083333333333336,SY
PA_20_SY,Pantanal,13.0,56,55.083333333333336,SY
PA_20_SY,Pantanal,14.0,55,55.083333333333336,SY
PA_20_SY,Pantanal,15.0,54,55.083333333333336,SY
PA_20_SY,Pantanal,16.0,56,55.083333333333336,SY
PA_20_SY,Pantanal,17.0,58,55.083333333333336,SY
PA_20_SY,Pantanal,18.0,54,55.083333333333336,SY
PA_20_SY,Pantanal,19.0,57,55.083333333333336,SY
PA_20_SY,Pantanal,20.0,55,55.083333333333336,SY
PA_20_SY,Pantanal,21.0,57,55.083333333333336,SY
PA_20_SY,Pantanal,22.0,58,55.083333333333336,SY
PA_20_SY,Pantanal,23.0,55,55.083333333333336,SY
PA_21_CAIO,Pantanal,0.0,6,8.666666666666666,CAIO
PA_21_CAIO,Pantanal,1.0,10,8.666666666666666,CAIO
PA_21_CAIO,Pantanal,2.0,6,8.666666666666666,CAIO
PA_21_CAIO,Pantanal,3.0,10,8.666666666666666,CAIO
PA_21_CAIO,Pantanal,4.0,8,8.666666666666666,CAIO
PA_21_CAIO,Pantanal,5.0,9,8.666666666666666,CAIO
PA_21_CAIO,Pantanal,6.0,12,8.666666666666666,CAIO
PA_21_CAIO,Pantanal,7.0,11,8.666666666666666,CAIO
PA_21_CAIO,Pantanal,8.0,5,8.666666666666666,CAIO
PA_21_CAIO,Pantanal,9.0,7,8.666666666666666,CAIO
PA_21_CAIO,Pantanal,10.0,4,8.666666666666666,CAIO
PA_21_CAIO,Pantanal,11.0,1,8.666666666666666,CAIO
PA_21_CAIO,Pantanal,14.0,2,8.666666666666666,CAIO
PA_21_CAIO,Pantanal,16.0,4,8.666666666666666,CAIO
PA_21_CAIO,Pantanal,17.0,2,8.666666666666666,CAIO
PA_21_CAIO,Pantanal,18.0,20,8.666666666666666,CAIO
PA_21_CAIO,Pantanal,19.0,18,8.666666666666666,CAIO
PA_21_CAIO,Pantanal,20.0,22,8.666666666666666,CAIO
PA_21_CAIO,Pantanal,21.0,4,8.666666666666666,CAIO
PA_21_CAIO,Pantanal,22.0,12,8.666666666666666,CAIO
PA_21_CAIO,Pantanal,23.0,9,8.666666666666666,CAIO
PA_22_EMILIO,Pantanal,0.0,3,3.7222222222222223,EMILIO
PA_22_EMILIO,Pantanal,1.0,4,3.7222222222222223,EMILIO
PA_22_EMILIO,Pantanal,2.0,3,3.7222222222222223,EMILIO
PA_22_EMILIO,Pantanal,3.0,5,3.7222222222222223,EMILIO
PA_22_EMILIO,Pantanal,4.0,3,3.7222222222222223,EMILIO
PA_22_EMILIO,Pantanal,5.0,2,3.7222222222222223,EMILIO
PA_22_EMILIO,Pantanal,6.0,12,3.7222222222222223,EMILIO
PA_22_EMILIO,Pantanal,7.0,3,3.7222222222222223,EMILIO
PA_22_EMILIO,Pantanal,8.0,1,3.7222222222222223,EMILIO
PA_22_EMILIO,Pantanal,9.0,1,3.7222222222222223,EMILIO
PA_22_EMILIO,Pantanal,10.0,4,3.7222222222222223,EMILIO
PA_22_EMILIO,Pantanal,17.0,2,3.7222222222222223,EMILIO
PA_22_EMILIO,Pantanal,18.0,5,3.7222222222222223,EMILIO
PA_22_EMILIO,Pantanal,19.0,6,3.7222222222222223,EMILIO
PA_22_EMILIO,Pantanal,20.0,3,3.7222222222222223,EMILIO
PA_22_EMILIO,Pantanal,21.0,4,3.7222222222222223,EMILIO
PA_22_EMILIO,Pantanal,22.0,3,3.7222222222222223,EMILIO
PA_22_EMILIO,Pantanal,23.0,3,3.7222222222222223,EMILIO
PA_23_RICK,Pantanal,0.0,17,23.695652173913043,RICK
PA_23_RICK,Pantanal,1.0,27,23.695652173913043,RICK
PA_23_RICK,Pantanal,2.0,25,23.695652173913043,RICK
PA_23_RICK,Pantanal,3.0,26,23.695652173913043,RICK
PA_23_RICK,Pantanal,4.0,44,23.695652173913043,RICK
PA_23_RICK,Pantanal,5.0,45,23.695652173913043,RICK
PA_23_RICK,Pantanal,6.0,32,23.695652173913043,RICK
PA_23_RICK,Pantanal,7.0,12,23.695652173913043,RICK
PA_23_RICK,Pantanal,8.0,7,23.695652173913043,RICK
PA_23_RICK,Pantanal,9.0,14,23.695652173913043,RICK
PA_23_RICK,Pantanal,10.0,8,23.695652173913043,RICK
PA_23_RICK,Pantanal,11.0,1,23.695652173913043,RICK
PA_23_RICK,Pantanal,12.0,1,23.695652173913043,RICK
PA_23_RICK,Pantanal,14.0,2,23.695652173913043,RICK
PA_23_RICK,Pantanal,15.0,1,23.695652173913043,RICK
PA_23_RICK,Pantanal,16.0,2,23.695652173913043,RICK
PA_23_RICK,Pantanal,17.0,18,23.695652173913043,RICK
PA_23_RICK,Pantanal,18.0,60,23.695652173913043,RICK
PA_23_RICK,Pantanal,19.0,65,23.695652173913043,RICK
PA_23_RICK,Pantanal,20.0,47,23.695652173913043,RICK
PA_23_RICK,Pantanal,21.0,35,23.695652173913043,RICK
PA_23_RICK,Pantanal,22.0,25,23.695652173913043,RICK
PA_23_RICK,Pantanal,23.0,31,23.695652173913043,RICK
PA_24_LESLIE,Pantanal,0.0,13,15.857142857142858,LESLIE
PA_24_LESLIE,Pantanal,1.0,17,15.857142857142858,LESLIE
PA_24_LESLIE,Pantanal,2.0,17,15.857142857142858,LESLIE
PA_24_LESLIE,Pantanal,3.0,18,15.857142857142858,LESLIE
PA_24_LESLIE,Pantanal,4.0,23,15.857142857142858,LESLIE
PA_24_LESLIE,Pantanal,5.0,28,15.857142857142858,LESLIE
PA_24_LESLIE,Pantanal,6.0,17,15.857142857142858,LESLIE
PA_24_LESLIE,Pantanal,7.0,9,15.857142857142858,LESLIE
PA_24_LESLIE,Pantanal,8.0,6,15.857142857142858,LESLIE
PA_24_LESLIE,Pantanal,9.0,5,15.857142857142858,LESLIE
PA_24_LESLIE,Pantanal,10.0,5,15.857142857142858,LESLIE
PA_24_LESLIE,Pantanal,11.0,2,15.857142857142858,LESLIE
PA_24_LESLIE,Pantanal,15.0,1,15.857142857142858,LESLIE
PA_24_LESLIE,Pantanal,16.0,2,15.857142857142858,LESLIE
PA_24_LESLIE,Pantanal,17.0,12,15.857142857142858,LESLIE
PA_24_LESLIE,Pantanal,18.0,34,15.857142857142858,LESLIE
PA_24_LESLIE,Pantanal,19.0,35,15.857142857142858,LESLIE
PA_24_LESLIE,Pantanal,20.0,34,15.857142857142858,LESLIE
PA_24_LESLIE,Pantanal,21.0,26,15.857142857142858,LESLIE
PA_24_LESLIE,Pantanal,22.0,10,15.857142857142858,LESLIE
PA_24_LESLIE,Pantanal,23.0,19,15.857142857142858,LESLIE
PA_26_SACHIN,Pantanal,0.0,13,17.105263157894736,SACHIN
PA_26_SACHIN,Pantanal,1.0,17,17.105263157894736,SACHIN
PA_26_SACHIN,Pantanal,2.0,18,17.105263157894736,SACHIN
PA_26_SACHIN,Pantanal,3.0,16,17.105263157894736,SACHIN
PA_26_SACHIN,Pantanal,4.0,18,17.105263157894736,SACHIN
PA_26_SACHIN,Pantanal,5.0,28,17.105263157894736,SACHIN
PA_26_SACHIN,Pantanal,6.0,27,17.105263157894736,SACHIN
PA_26_SACHIN,Pantanal,7.0,20,17.105263157894736,SACHIN
PA_26_SACHIN,Pantanal,8.0,7,17.105263157894736,SACHIN
PA_26_SACHIN,Pantanal,9.0,8,17.105263157894736,SACHIN
PA_26_SACHIN,Pantanal,10.0,1,17.105263157894736,SACHIN
PA_26_SACHIN,Pantanal,14.0,1,17.105263157894736,SACHIN
PA_26_SACHIN,Pantanal,17.0,3,17.105263157894736,SACHIN
PA_26_SACHIN,Pantanal,18.0,36,17.105263157894736,SACHIN
PA_26_SACHIN,Pantanal,19.0,38,17.105263157894736,SACHIN
PA_26_SACHIN,Pantanal,20.0,24,17.105263157894736,SACHIN
PA_26_SACHIN,Pantanal,21.0,13,17.105263157894736,SACHIN
PA_26_SACHIN,Pantanal,22.0,21,17.105263157894736,SACHIN
PA_26_SACHIN,Pantanal,23.0,16,17.105263157894736,SACHIN
PA_28_DUDA,Pantanal,0.0,479,490.25,DUDA
PA_28_DUDA,Pantanal,1.0,531,490.25,DUDA
PA_28_DUDA,Pantanal,2.0,485,490.25,DUDA
PA_28_DUDA,Pantanal,3.0,554,490.25,DUDA
PA_28_DUDA,Pantanal,4.0,471,490.25,DUDA
PA_28_DUDA,Pantanal,5.0,515,490.25,DUDA
PA_28_DUDA,Pantanal,6.0,483,490.25,DUDA
PA_28_DUDA,Pantanal,7.0,497,490.25,DUDA
PA_28_DUDA,Pantanal,8.0,499,490.25,DUDA
PA_28_DUDA,Pantanal,9.0,511,490.25,DUDA
PA_28_DUDA,Pantanal,10.0,467,490.25,DUDA
PA_28_DUDA,Pantanal,11.0,472,490.25,DUDA
PA_28_DUDA,Pantanal,12.0,435,490.25,DUDA
PA_28_DUDA,Pantanal,13.0,456,490.25,DUDA
PA_28_DUDA,Pantanal,14.0,423,490.25,DUDA
PA_28_DUDA,Pantanal,15.0,462,490.25,DUDA
PA_28_DUDA,Pantanal,16.0,456,490.25,DUDA
PA_28_DUDA,Pantanal,17.0,498,490.25,DUDA
PA_28_DUDA,Pantanal,18.0,492,490.25,DUDA
PA_28_DUDA,Pantanal,19.0,553,490.25,DUDA
PA_28_DUDA,Pantanal,20.0,467,490.25,DUDA
PA_28_DUDA,Pantanal,21.0,521,490.25,DUDA
PA_28_DUDA,Pantanal,22.0,499,490.25,DUDA
PA_28_DUDA,Pantanal,23.0,540,490.25,DUDA
PA_29_KARIN,Pantanal,0.0,7,7.35,KARIN
PA_29_KARIN,Pantanal,1.0,8,7.35,KARIN
PA_29_KARIN,Pantanal,2.0,9,7.35,KARIN
PA_29_KARIN,Pantanal,3.0,5,7.35,KARIN
PA_29_KARIN,Pantanal,4.0,8,7.35,KARIN
PA_29_KARIN,Pantanal,5.0,15,7.35,KARIN
PA_29_KARIN,Pantanal,6.0,7,7.35,KARIN
PA_29_KARIN,Pantanal,7.0,4,7.35,KARIN
PA_29_KARIN,Pantanal,8.0,5,7.35,KARIN
PA_29_KARIN,Pantanal,9.0,12,7.35,KARIN
PA_29_KARIN,Pantanal,10.0,1,7.35,KARIN
PA_29_KARIN,Pantanal,12.0,1,7.35,KARIN
PA_29_KARIN,Pantanal,16.0,3,7.35,KARIN
PA_29_KARIN,Pantanal,17.0,5,7.35,KARIN
PA_29_KARIN,Pantanal,18.0,12,7.35,KARIN
PA_29_KARIN,Pantanal,19.0,14,7.35,KARIN
PA_29_KARIN,Pantanal,20.0,13,7.35,KARIN
PA_29_KARIN,Pantanal,21.0,5,7.35,KARIN
PA_29_KARIN,Pantanal,22.0,10,7.35,KARIN
PA_29_KARIN,Pantanal,23.0,3,7.35,KARIN
PA_30_NELSAO,Pantanal,0.0,12,15.421052631578947,NELSAO
PA_30_NELSAO,Pantanal,1.0,11,15.421052631578947,NELSAO
PA_30_NELSAO,Pantanal,2.0,14,15.421052631578947,NELSAO
PA_30_NELSAO,Pantanal,3.0,10,15.421052631578947,NELSAO
PA_30_NELSAO,Pantanal,4.0,28,15.421052631578947,NELSAO
PA_30_NELSAO,Pantanal,5.0,21,15.421052631578947,NELSAO
PA_30_NELSAO,Pantanal,6.0,8,15.421052631578947,NELSAO
PA_30_NELSAO,Pantanal,7.0,4,15.421052631578947,NELSAO
PA_30_NELSAO,Pantanal,8.0,8,15.421052631578947,NELSAO
PA_30_NELSAO,Pantanal,9.0,3,15.421052631578947,NELSAO
PA_30_NELSAO,Pantanal,10.0,1,15.421052631578947,NELSAO
PA_30_NELSAO,Pantanal,16.0,4,15.421052631578947,NELSAO
PA_30_NELSAO,Pantanal,17.0,17,15.421052631578947,NELSAO
PA_30_NELSAO,Pantanal,18.0,34,15.421052631578947,NELSAO
PA_30_NELSAO,Pantanal,19.0,33,15.421052631578947,NELSAO
PA_30_NELSAO,Pantanal,20.0,33,15.421052631578947,NELSAO
PA_30_NELSAO,Pantanal,21.0,24,15.421052631578947,NELSAO
PA_30_NELSAO,Pantanal,22.0,11,15.421052631578947,NELSAO
PA_30_NELSAO,Pantanal,23.0,17,15.421052631578947,NELSAO
PA_31_JORDANO,Pantanal,0.0,17,15.652173913043478,JORDANO
PA_31_JORDANO,Pantanal,1.0,16,15.652173913043478,JORDANO
PA_31_JORDANO,Pantanal,2.0,18,15.652173913043478,JORDANO
PA_31_JORDANO,Pantanal,3.0,20,15.652173913043478,JORDANO
PA_31_JORDANO,Pantanal,4.0,22,15.652173913043478,JORDANO
PA_31_JORDANO,Pantanal,5.0,22,15.652173913043478,JORDANO
PA_31_JORDANO,Pantanal,6.0,19,15.652173913043478,JORDANO
PA_31_JORDANO,Pantanal,7.0,8,15.652173913043478,JORDANO
PA_31_JORDANO,Pantanal,8.0,7,15.652173913043478,JORDANO
PA_31_JORDANO,Pantanal,9.0,13,15.652173913043478,JORDANO
PA_31_JORDANO,Pantanal,10.0,4,15.652173913043478,JORDANO
PA_31_JORDANO,Pantanal,12.0,1,15.652173913043478,JORDANO
PA_31_JORDANO,Pantanal,13.0,2,15.652173913043478,JORDANO
PA_31_JORDANO,Pantanal,14.0,1,15.652173913043478,JORDANO
PA_31_JORDANO,Pantanal,15.0,5,15.652173913043478,JORDANO
PA_31_JORDANO,Pantanal,16.0,5,15.652173913043478,JORDANO
PA_31_JORDANO,Pantanal,17.0,10,15.652173913043478,JORDANO
PA_31_JORDANO,Pantanal,18.0,36,15.652173913043478,JORDANO
PA_31_JORDANO,Pantanal,19.0,41,15.652173913043478,JORDANO
PA_31_JORDANO,Pantanal,20.0,33,15.652173913043478,JORDANO
PA_31_JORDANO,Pantanal,21.0,14,15.652173913043478,JORDANO
PA_31_JORDANO,Pantanal,22.0,22,15.652173913043478,JORDANO
PA_31_JORDANO,Pantanal,23.0,24,15.652173913043478,JORDANO
PA_33_GABRIELA,Pantanal,0.0,23,30.083333333333332,GABRIELA
PA_33_GABRIELA,Pantanal,1.0,24,30.083333333333332,GABRIELA
PA_33_GABRIELA,Pantanal,2.0,24,30.083333333333332,GABRIELA
PA_33_GABRIELA,Pantanal,3.0,28,30.083333333333332,GABRIELA
PA_33_GABRIELA,Pantanal,4.0,34,30.083333333333332,GABRIELA
PA_33_GABRIELA,Pantanal,5.0,32,30.083333333333332,GABRIELA
PA_33_GABRIELA,Pantanal,6.0,28,30.083333333333332,GABRIELA
PA_33_GABRIELA,Pantanal,7.0,25,30.083333333333332,GABRIELA
PA_33_GABRIELA,Pantanal,8.0,20,30.083333333333332,GABRIELA
PA_33_GABRIELA,Pantanal,9.0,30,30.083333333333332,GABRIELA
PA_33_GABRIELA,Pantanal,10.0,27,30.083333333333332,GABRIELA
PA_33_GABRIELA,Pantanal,11.0,34,30.083333333333332,GABRIELA
PA_33_GABRIELA,Pantanal,12.0,30,30.083333333333332,GABRIELA
PA_33_GABRIELA,Pantanal,13.0,36,30.083333333333332,GABRIELA
PA_33_GABRIELA,Pantanal,14.0,32,30.083333333333332,GABRIELA
PA_33_GABRIELA,Pantanal,15.0,36,30.083333333333332,GABRIELA
PA_33_GABRIELA,Pantanal,16.0,32,30.083333333333332,GABRIELA
PA_33_GABRIELA,Pantanal,17.0,34,30.083333333333332,GABRIELA
PA_33_GABRIELA,Pantanal,18.0,36,30.083333333333332,GABRIELA
PA_33_GABRIELA,Pantanal,19.0,37,30.083333333333332,GABRIELA
PA_33_GABRIELA,Pantanal,20.0,35,30.083333333333332,GABRIELA
PA_33_GABRIELA,Pantanal,21.0,30,30.083333333333332,GABRIELA
PA_33_GABRIELA,Pantanal,22.0,26,30.083333333333332,GABRIELA
PA_33_GABRIELA,Pantanal,23.0,29,30.083333333333332,GABRIELA
PA_34_CARIJO,Pantanal,0.0,429,450.7916666666667,CARIJO
PA_34_CARIJO,Pantanal,1.0,477,450.7916666666667,CARIJO
PA_34_CARIJO,Pantanal,2.0,451,450.7916666666667,CARIJO
PA_34_CARIJO,Pantanal,3.0,473,450.7916666666667,CARIJO
PA_34_CARIJO,Pantanal,4.0,425,450.7916666666667,CARIJO
PA_34_CARIJO,Pantanal,5.0,467,450.7916666666667,CARIJO
PA_34_CARIJO,Pantanal,6.0,395,450.7916666666667,CARIJO
PA_34_CARIJO,Pantanal,7.0,459,450.7916666666667,CARIJO
PA_34_CARIJO,Pantanal,8.0,447,450.7916666666667,CARIJO
PA_34_CARIJO,Pantanal,9.0,482,450.7916666666667,CARIJO
PA_34_CARIJO,Pantanal,10.0,450,450.7916666666667,CARIJO
PA_34_CARIJO,Pantanal,11.0,482,450.7916666666667,CARIJO
PA_34_CARIJO,Pantanal,12.0,452,450.7916666666667,CARIJO
PA_34_CARIJO,Pantanal,13.0,464,450.7916666666667,CARIJO
PA_34_CARIJO,Pantanal,14.0,420,450.7916666666667,CARIJO
PA_34_CARIJO,Pantanal,15.0,459,450.7916666666667,CARIJO
PA_34_CARIJO,Pantanal,16.0,428,450.7916666666667,CARIJO
PA_34_CARIJO,Pantanal,17.0,477,450.7916666666667,CARIJO
PA_34_CARIJO,Pantanal,18.0,420,450.7916666666667,CARIJO
PA_34_CARIJO,Pantanal,19.0,500,450.7916666666667,CARIJO
PA_34_CARIJO,Pantanal,20.0,409,450.7916666666667,CARIJO
PA_34_CARIJO,Pantanal,21.0,456,450.7916666666667,CARIJO
PA_34_CARIJO,Pantanal,22.0,426,450.7916666666667,CARIJO
PA_34_CARIJO,Pantanal,23.0,471,450.7916666666667,CARIJO
PA_36_MICHELE,Pantanal,0.0,41,47.666666666666664,MICHELE
PA_36_MICHELE,Pantanal,1.0,43,47.666666666666664,MICHELE
PA_36_MICHELE,Pantanal,2.0,47,47.666666666666664,MICHELE
PA_36_MICHELE,Pantanal,3.0,43,47.666666666666664,MICHELE
PA_36_MICHELE,Pantanal,4.0,51,47.666666666666664,MICHELE
PA_36_MICHELE,Pantanal,5.0,51,47.666666666666664,MICHELE
PA_36_MICHELE,Pantanal,6.0,43,47.666666666666664,MICHELE
PA_36_MICHELE,Pantanal,7.0,36,47.666666666666664,MICHELE
PA_36_MICHELE,Pantanal,8.0,43,47.666666666666664,MICHELE
PA_36_MICHELE,Pantanal,9.0,44,47.666666666666664,MICHELE
PA_36_MICHELE,Pantanal,10.0,53,47.666666666666664,MICHELE
PA_36_MICHELE,Pantanal,11.0,54,47.666666666666664,MICHELE
PA_36_MICHELE,Pantanal,12.0,53,47.666666666666664,MICHELE
PA_36_MICHELE,Pantanal,13.0,55,47.666666666666664,MICHELE
PA_36_MICHELE,Pantanal,14.0,54,47.666666666666664,MICHELE
PA_36_MICHELE,Pantanal,15.0,53,47.666666666666664,MICHELE
PA_36_MICHELE,Pantanal,16.0,57,47.666666666666664,MICHELE
PA_36_MICHELE,Pantanal,17.0,53,47.666666666666664,MICHELE
PA_36_MICHELE,Pantanal,18.0,40,47.666666666666664,MICHELE
PA_36_MICHELE,Pantanal,19.0,50,47.666666666666664,MICHELE
PA_36_MICHELE,Pantanal,20.0,48,47.666666666666664,MICHELE
PA_36_MICHELE,Pantanal,21.0,45,47.666666666666664,MICHELE
PA_36_MICHELE,Pantanal,22.0,45,47.666666666666664,MICHELE
PA_36_MICHELE,Pantanal,23.0,42,47.666666666666664,MICHELE
PA_38_CASSANDRA,Pantanal,0.0,13,9.578947368421053,CASSANDRA
PA_38_CASSANDRA,Pantanal,1.0,13,9.578947368421053,CASSANDRA
PA_38_CASSANDRA,Pantanal,2.0,12,9.578947368421053,CASSANDRA
PA_38_CASSANDRA,Pantanal,3.0,9,9.578947368421053,CASSANDRA
PA_38_CASSANDRA,Pantanal,4.0,10,9.578947368421053,CASSANDRA
PA_38_CASSANDRA,Pantanal,5.0,13,9.578947368421053,CASSANDRA
PA_38_CASSANDRA,Pantanal,6.0,9,9.578947368421053,CASSANDRA
PA_38_CASSANDRA,Pantanal,7.0,2,9.578947368421053,CASSANDRA
PA_38_CASSANDRA,Pantanal,8.0,4,9.578947368421053,CASSANDRA
PA_38_CASSANDRA,Pantanal,9.0,12,9.578947368421053,CASSANDRA
PA_38_CASSANDRA,Pantanal,10.0,2,9.578947368421053,CASSANDRA
PA_38_CASSANDRA,Pantanal,16.0,2,9.578947368421053,CASSANDRA
PA_38_CASSANDRA,Pantanal,17.0,5,9.578947368421053,CASSANDRA
PA_38_CASSANDRA,Pantanal,18.0,9,9.578947368421053,CASSANDRA
PA_38_CASSANDRA,Pantanal,19.0,16,9.578947368421053,CASSANDRA
PA_38_CASSANDRA,Pantanal,20.0,22,9.578947368421053,CASSANDRA
PA_38_CASSANDRA,Pantanal,21.0,6,9.578947368421053,CASSANDRA
PA_38_CASSANDRA,Pantanal,22.0,14,9.578947368421053,CASSANDRA
PA_38_CASSANDRA,Pantanal,23.0,9,9.578947368421053,CASSANDRA
PA_40_MALU,Pantanal,0.0,540,493.4166666666667,MALU
PA_40_MALU,Pantanal,1.0,551,493.4166666666667,MALU
PA_40_MALU,Pantanal,2.0,543,493.4166666666667,MALU
PA_40_MALU,Pantanal,3.0,563,493.4166666666667,MALU
PA_40_MALU,Pantanal,4.0,556,493.4166666666667,MALU
PA_40_MALU,Pantanal,5.0,532,493.4166666666667,MALU
PA_40_MALU,Pantanal,6.0,497,493.4166666666667,MALU
PA_40_MALU,Pantanal,7.0,483,493.4166666666667,MALU
PA_40_MALU,Pantanal,8.0,458,493.4166666666667,MALU
PA_40_MALU,Pantanal,9.0,464,493.4166666666667,MALU
PA_40_MALU,Pantanal,10.0,447,493.4166666666667,MALU
PA_40_MALU,Pantanal,11.0,437,493.4166666666667,MALU
PA_40_MALU,Pantanal,12.0,437,493.4166666666667,MALU
PA_40_MALU,Pantanal,13.0,430,493.4166666666667,MALU
PA_40_MALU,Pantanal,14.0,427,493.4166666666667,MALU
PA_40_MALU,Pantanal,15.0,433,493.4166666666667,MALU
PA_40_MALU,Pantanal,16.0,415,493.4166666666667,MALU
PA_40_MALU,Pantanal,17.0,423,493.4166666666667,MALU
PA_40_MALU,Pantanal,18.0,475,493.4166666666667,MALU
PA_40_MALU,Pantanal,19.0,553,493.4166666666667,MALU
PA_40_MALU,Pantanal,20.0,558,493.4166666666667,MALU
PA_40_MALU,Pantanal,21.0,542,493.4166666666667,MALU
PA_40_MALU,Pantanal,22.0,537,493.4166666666667,MALU
PA_40_MALU,Pantanal,23.0,541,493.4166666666667,MALU
PA_47_MORENINHO,Pantanal,0.0,342,343.0833333333333,MORENINHO
PA_47_MORENINHO,Pantanal,1.0,341,343.0833333333333,MORENINHO
PA_47_MORENINHO,Pantanal,2.0,349,343.0833333333333,MORENINHO
PA_47_MORENINHO,Pantanal,3.0,355,343.0833333333333,MORENINHO
PA_47_MORENINHO,Pantanal,4.0,338,343.0833333333333,MORENINHO
PA_47_MORENINHO,Pantanal,5.0,340,343.0833333333333,MORENINHO
PA_47_MORENINHO,Pantanal,6.0,348,343.0833333333333,MORENINHO
PA_47_MORENINHO,Pantanal,7.0,349,343.0833333333333,MORENINHO
PA_47_MORENINHO,Pantanal,8.0,346,343.0833333333333,MORENINHO
PA_47_MORENINHO,Pantanal,9.0,358,343.0833333333333,MORENINHO
PA_47_MORENINHO,Pantanal,10.0,342,343.0833333333333,MORENINHO
PA_47_MORENINHO,Pantanal,11.0,350,343.0833333333333,MORENINHO
PA_47_MORENINHO,Pantanal,12.0,334,343.0833333333333,MORENINHO
PA_47_MORENINHO,Pantanal,13.0,350,343.0833333333333,MORENINHO
PA_47_MORENINHO,Pantanal,14.0,348,343.0833333333333,MORENINHO
PA_47_MORENINHO,Pantanal,15.0,356,343.0833333333333,MORENINHO
PA_47_MORENINHO,Pantanal,16.0,345,343.0833333333333,MORENINHO
PA_47_MORENINHO,Pantanal,17.0,337,343.0833333333333,MORENINHO
PA_47_MORENINHO,Pantanal,18.0,330,343.0833333333333,MORENINHO
PA_47_MORENINHO,Pantanal,19.0,336,343.0833333333333,MORENINHO
PA_47_MORENINHO,Pantanal,20.0,318,343.0833333333333,MORENINHO
PA_47_MORENINHO,Pantanal,21.0,347,343.0833333333333,MORENINHO
PA_47_MORENINHO,Pantanal,22.0,329,343.0833333333333,MORENINHO
PA_47_MORENINHO,Pantanal,23.0,346,343.0833333333333,MORENINHO
PA_48_TED,Pantanal,0.0,24,21.041666666666668,TED
PA_48_TED,Pantanal,1.0,20,21.041666666666668,TED
PA_48_TED,Pantanal,2.0,19,21.041666666666668,TED
PA_48_TED,Pantanal,3.0,22,21.041666666666668,TED
PA_48_TED,Pantanal,4.0,22,21.041666666666668,TED
PA_48_TED,Pantanal,5.0,21,21.041666666666668,TED
PA_48_TED,Pantanal,6.0,19,21.041666666666668,TED
PA_48_TED,Pantanal,7.0,21,21.041666666666668,TED
PA_48_TED,Pantanal,8.0,20,21.041666666666668,TED
PA_48_TED,Pantanal,9.0,20,21.041666666666668,TED
PA_48_TED,Pantanal,10.0,23,21.041666666666668,TED
PA_48_TED,Pantanal,11.0,23,21.041666666666668,TED
PA_48_TED,Pantanal,12.0,21,21.041666666666668,TED
PA_48_TED,Pantanal,13.0,20,21.041666666666668,TED
PA_48_TED,Pantanal,14.0,23,21.041666666666668,TED
PA_48_TED,Pantanal,15.0,23,21.041666666666668,TED
PA_48_TED,Pantanal,16.0,18,21.041666666666668,TED
PA_48_TED,Pantanal,17.0,20,21.041666666666668,TED
PA_48_TED,Pantanal,18.0,24,21.041666666666668,TED
PA_48_TED,Pantanal,19.0,21,21.041666666666668,TED
PA_48_TED,Pantanal,20.0,19,21.041666666666668,TED
PA_48_TED,Pantanal,21.0,21,21.041666666666668,TED
PA_48_TED,Pantanal,22.0,16,21.041666666666668,TED
PA_48_TED,Pantanal,23.0,25,21.041666666666668,TED
PA_49_WALLY,Pantanal,0.0,432,428.7083333333333,WALLY
PA_49_WALLY,Pantanal,1.0,446,428.7083333333333,WALLY
PA_49_WALLY,Pantanal,2.0,456,428.7083333333333,WALLY
PA_49_WALLY,Pantanal,3.0,453,428.7083333333333,WALLY
PA_49_WALLY,Pantanal,4.0,454,428.7083333333333,WALLY
PA_49_WALLY,Pantanal,5.0,453,428.7083333333333,WALLY
PA_49_WALLY,Pantanal,6.0,427,428.7083333333333,WALLY
PA_49_WALLY,Pantanal,7.0,432,428.7083333333333,WALLY
PA_49_WALLY,Pantanal,8.0,432,428.7083333333333,WALLY
PA_49_WALLY,Pantanal,9.0,425,428.7083333333333,WALLY
PA_49_WALLY,Pantanal,10.0,426,428.7083333333333,WALLY
PA_49_WALLY,Pantanal,11.0,414,428.7083333333333,WALLY
PA_49_WALLY,Pantanal,12.0,411,428.7083333333333,WALLY
PA_49_WALLY,Pantanal,13.0,413,428.7083333333333,WALLY
PA_49_WALLY,Pantanal,14.0,404,428.7083333333333,WALLY
PA_49_WALLY,Pantanal,15.0,403,428.7083333333333,WALLY
PA_49_WALLY,Pantanal,16.0,400,428.7083333333333,WALLY
PA_49_WALLY,Pantanal,17.0,412,428.7083333333333,WALLY
PA_49_WALLY,Pantanal,18.0,425,428.7083333333333,WALLY
PA_49_WALLY,Pantanal,19.0,453,428.7083333333333,WALLY
PA_49_WALLY,Pantanal,20.0,450,428.7083333333333,WALLY
PA_49_WALLY,Pantanal,21.0,439,428.7083333333333,WALLY
PA_49_WALLY,Pantanal,22.0,422,428.7083333333333,WALLY
PA_49_WALLY,Pantanal,23.0,407,428.7083333333333,WALLY
PA_51_MUCCI,Pantanal,0.0,197,191.04166666666666,MUCCI
PA_51_MUCCI,Pantanal,1.0,204,191.04166666666666,MUCCI
PA_51_MUCCI,Pantanal,2.0,202,191.04166666666666,MUCCI
PA_51_MUCCI,Pantanal,3.0,207,191.04166666666666,MUCCI
PA_51_MUCCI,Pantanal,4.0,195,191.04166666666666,MUCCI
PA_51_MUCCI,Pantanal,5.0,198,191.04166666666666,MUCCI
PA_51_MUCCI,Pantanal,6.0,193,191.04166666666666,MUCCI
PA_51_MUCCI,Pantanal,7.0,190,191.04166666666666,MUCCI
PA_51_MUCCI,Pantanal,8.0,187,191.04166666666666,MUCCI
PA_51_MUCCI,Pantanal,9.0,186,191.04166666666666,MUCCI
PA_51_MUCCI,Pantanal,10.0,183,191.04166666666666,MUCCI
PA_51_MUCCI,Pantanal,11.0,193,191.04166666666666,MUCCI
PA_51_MUCCI,Pantanal,12.0,182,191.04166666666666,MUCCI
PA_51_MUCCI,Pantanal,13.0,169,191.04166666666666,MUCCI
PA_51_MUCCI,Pantanal,14.0,169,191.04166666666666,MUCCI
PA_51_MUCCI,Pantanal,15.0,175,191.04166666666666,MUCCI
PA_51_MUCCI,Pantanal,16.0,180,191.04166666666666,MUCCI
PA_51_MUCCI,Pantanal,17.0,179,191.04166666666666,MUCCI
PA_51_MUCCI,Pantanal,18.0,194,191.04166666666666,MUCCI
PA_51_MUCCI,Pantanal,19.0,199,191.04166666666666,MUCCI
PA_51_MUCCI,Pantanal,20.0,199,191.04166666666666,MUCCI
PA_51_MUCCI,Pantanal,21.0,200,191.04166666666666,MUCCI
PA_51_MUCCI,Pantanal,22.0,196,191.04166666666666,MUCCI
PA_51_MUCCI,Pantanal,23.0,208,191.04166666666666,MUCCI
PA_52_WIE,Pantanal,0.0,67,66.70833333333333,WIE
PA_52_WIE,Pantanal,1.0,80,66.70833333333333,WIE
PA_52_WIE,Pantanal,2.0,82,66.70833333333333,WIE
PA_52_WIE,Pantanal,3.0,88,66.70833333333333,WIE
PA_52_WIE,Pantanal,4.0,77,66.70833333333333,WIE
PA_52_WIE,Pantanal,5.0,76,66.70833333333333,WIE
PA_52_WIE,Pantanal,6.0,53,66.70833333333333,WIE
PA_52_WIE,Pantanal,7.0,50,66.70833333333333,WIE
PA_52_WIE,Pantanal,8.0,54,66.70833333333333,WIE
PA_52_WIE,Pantanal,9.0,63,66.70833333333333,WIE
PA_52_WIE,Pantanal,10.0,56,66.70833333333333,WIE
PA_52_WIE,Pantanal,11.0,67,66.70833333333333,WIE
PA_52_WIE,Pantanal,12.0,54,66.70833333333333,WIE
PA_52_WIE,Pantanal,13.0,57,66.70833333333333,WIE
PA_52_WIE,Pantanal,14.0,53,66.70833333333333,WIE
PA_52_WIE,Pantanal,15.0,56,66.70833333333333,WIE
PA_52_WIE,Pantanal,16.0,41,66.70833333333333,WIE
PA_52_WIE,Pantanal,17.0,61,66.70833333333333,WIE
PA_52_WIE,Pantanal,18.0,69,66.70833333333333,WIE
PA_52_WIE,Pantanal,19.0,91,66.70833333333333,WIE
PA_52_WIE,Pantanal,20.0,82,66.70833333333333,WIE
PA_52_WIE,Pantanal,21.0,77,66.70833333333333,WIE
PA_52_WIE,Pantanal,22.0,72,66.70833333333333,WIE
PA_52_WIE,Pantanal,23.0,75,66.70833333333333,WIE
PA_54_PAULONA,Pantanal,0.0,547,522.2083333333334,PAULONA
PA_54_PAULONA,Pantanal,1.0,564,522.2083333333334,PAULONA
PA_54_PAULONA,Pantanal,2.0,578,522.2083333333334,PAULONA
PA_54_PAULONA,Pantanal,3.0,595,522.2083333333334,PAULONA
PA_54_PAULONA,Pantanal,4.0,567,522.2083333333334,PAULONA
PA_54_PAULONA,Pantanal,5.0,556,522.2083333333334,PAULONA
PA_54_PAULONA,Pantanal,6.0,465,522.2083333333334,PAULONA
PA_54_PAULONA,Pantanal,7.0,482,522.2083333333334,PAULONA
PA_54_PAULONA,Pantanal,8.0,484,522.2083333333334,PAULONA
PA_54_PAULONA,Pantanal,9.0,487,522.2083333333334,PAULONA
PA_54_PAULONA,Pantanal,10.0,489,522.2083333333334,PAULONA
PA_54_PAULONA,Pantanal,11.0,488,522.2083333333334,PAULONA
PA_54_PAULONA,Pantanal,12.0,488,522.2083333333334,PAULONA
PA_54_PAULONA,Pantanal,13.0,482,522.2083333333334,PAULONA
PA_54_PAULONA,Pantanal,14.0,482,522.2083333333334,PAULONA
PA_54_PAULONA,Pantanal,15.0,489,522.2083333333334,PAULONA
PA_54_PAULONA,Pantanal,16.0,480,522.2083333333334,PAULONA
PA_54_PAULONA,Pantanal,17.0,501,522.2083333333334,PAULONA
PA_54_PAULONA,Pantanal,18.0,532,522.2083333333334,PAULONA
PA_54_PAULONA,Pantanal,19.0,599,522.2083333333334,PAULONA
PA_54_PAULONA,Pantanal,20.0,557,522.2083333333334,PAULONA
PA_54_PAULONA,Pantanal,21.0,558,522.2083333333334,PAULONA
PA_54_PAULONA,Pantanal,22.0,533,522.2083333333334,PAULONA
PA_54_PAULONA,Pantanal,23.0,530,522.2083333333334,PAULONA
PA_58_LIANA,Pantanal,0.0,341,286.4583333333333,LIANA
PA_58_LIANA,Pantanal,1.0,351,286.4583333333333,LIANA
PA_58_LIANA,Pantanal,2.0,332,286.4583333333333,LIANA
PA_58_LIANA,Pantanal,3.0,344,286.4583333333333,LIANA
PA_58_LIANA,Pantanal,4.0,318,286.4583333333333,LIANA
PA_58_LIANA,Pantanal,5.0,321,286.4583333333333,LIANA
PA_58_LIANA,Pantanal,6.0,264,286.4583333333333,LIANA
PA_58_LIANA,Pantanal,7.0,269,286.4583333333333,LIANA
PA_58_LIANA,Pantanal,8.0,266,286.4583333333333,LIANA
PA_58_LIANA,Pantanal,9.0,266,286.4583333333333,LIANA
PA_58_LIANA,Pantanal,10.0,262,286.4583333333333,LIANA
PA_58_LIANA,Pantanal,11.0,256,286.4583333333333,LIANA
PA_58_LIANA,Pantanal,12.0,253,286.4583333333333,LIANA
PA_58_LIANA,Pantanal,13.0,250,286.4583333333333,LIANA
PA_58_LIANA,Pantanal,14.0,229,286.4583333333333,LIANA
PA_58_LIANA,Pantanal,15.0,221,286.4583333333333,LIANA
PA_58_LIANA,Pantanal,16.0,211,286.4583333333333,LIANA
PA_58_LIANA,Pantanal,17.0,210,286.4583333333333,LIANA
PA_58_LIANA,Pantanal,18.0,259,286.4583333333333,LIANA
PA_58_LIANA,Pantanal,19.0,327,286.4583333333333,LIANA
PA_58_LIANA,Pantanal,20.0,310,286.4583333333333,LIANA
PA_58_LIANA,Pantanal,21.0,334,286.4583333333333,LIANA
PA_58_LIANA,Pantanal,22.0,327,286.4583333333333,LIANA
PA_58_LIANA,Pantanal,23.0,354,286.4583333333333,LIANA
PA_59_POPEYE,Pantanal,0.0,198,155.75,POPEYE
PA_59_POPEYE,Pantanal,1.0,214,155.75,POPEYE
PA_59_POPEYE,Pantanal,2.0,207,155.75,POPEYE
PA_59_POPEYE,Pantanal,3.0,217,155.75,POPEYE
PA_59_POPEYE,Pantanal,4.0,214,155.75,POPEYE
PA_59_POPEYE,Pantanal,5.0,172,155.75,POPEYE
PA_59_POPEYE,Pantanal,6.0,142,155.75,POPEYE
PA_59_POPEYE,Pantanal,7.0,140,155.75,POPEYE
PA_59_POPEYE,Pantanal,8.0,131,155.75,POPEYE
PA_59_POPEYE,Pantanal,9.0,134,155.75,POPEYE
PA_59_POPEYE,Pantanal,10.0,122,155.75,POPEYE
PA_59_POPEYE,Pantanal,11.0,110,155.75,POPEYE
PA_59_POPEYE,Pantanal,12.0,109,155.75,POPEYE
PA_59_POPEYE,Pantanal,13.0,101,155.75,POPEYE
PA_59_POPEYE,Pantanal,14.0,99,155.75,POPEYE
PA_59_POPEYE,Pantanal,15.0,94,155.75,POPEYE
PA_59_POPEYE,Pantanal,16.0,103,155.75,POPEYE
PA_59_POPEYE,Pantanal,17.0,103,155.75,POPEYE
PA_59_POPEYE,Pantanal,18.0,123,155.75,POPEYE
PA_59_POPEYE,Pantanal,19.0,200,155.75,POPEYE
PA_59_POPEYE,Pantanal,20.0,207,155.75,POPEYE
PA_59_POPEYE,Pantanal,21.0,195,155.75,POPEYE
PA_59_POPEYE,Pantanal,22.0,200,155.75,POPEYE
PA_59_POPEYE,Pantanal,23.0,203,155.75,POPEYE
PA_61_DOINHO,Pantanal,0.0,78,98.04166666666667,DOINHO
PA_61_DOINHO,Pantanal,1.0,101,98.04166666666667,DOINHO
PA_61_DOINHO,Pantanal,2.0,86,98.04166666666667,DOINHO
PA_61_DOINHO,Pantanal,3.0,90,98.04166666666667,DOINHO
PA_61_DOINHO,Pantanal,4.0,66,98.04166666666667,DOINHO
PA_61_DOINHO,Pantanal,5.0,93,98.04166666666667,DOINHO
PA_61_DOINHO,Pantanal,6.0,99,98.04166666666667,DOINHO
PA_61_DOINHO,Pantanal,7.0,121,98.04166666666667,DOINHO
PA_61_DOINHO,Pantanal,8.0,108,98.04166666666667,DOINHO
PA_61_DOINHO,Pantanal,9.0,124,98.04166666666667,DOINHO
PA_61_DOINHO,Pantanal,10.0,122,98.04166666666667,DOINHO
PA_61_DOINHO,Pantanal,11.0,132,98.04166666666667,DOINHO
PA_61_DOINHO,Pantanal,12.0,120,98.04166666666667,DOINHO
PA_61_DOINHO,Pantanal,13.0,122,98.04166666666667,DOINHO
PA_61_DOINHO,Pantanal,14.0,109,98.04166666666667,DOINHO
PA_61_DOINHO,Pantanal,15.0,124,98.04166666666667,DOINHO
PA_61_DOINHO,Pantanal,16.0,113,98.04166666666667,DOINHO
PA_61_DOINHO,Pantanal,17.0,124,98.04166666666667,DOINHO
PA_61_DOINHO,Pantanal,18.0,93,98.04166666666667,DOINHO
PA_61_DOINHO,Pantanal,19.0,85,98.04166666666667,DOINHO
PA_61_DOINHO,Pantanal,20.0,49,98.04166666666667,DOINHO
PA_61_DOINHO,Pantanal,21.0,63,98.04166666666667,DOINHO
PA_61_DOINHO,Pantanal,22.0,55,98.04166666666667,DOINHO
PA_61_DOINHO,Pantanal,23.0,76,98.04166666666667,DOINHO
PA_62_PRETINHO,Pantanal,0.0,21,19.458333333333332,PRETINHO
PA_62_PRETINHO,Pantanal,1.0,25,19.458333333333332,PRETINHO
PA_62_PRETINHO,Pantanal,2.0,22,19.458333333333332,PRETINHO
PA_62_PRETINHO,Pantanal,3.0,26,19.458333333333332,PRETINHO
PA_62_PRETINHO,Pantanal,4.0,24,19.458333333333332,PRETINHO
PA_62_PRETINHO,Pantanal,5.0,29,19.458333333333332,PRETINHO
PA_62_PRETINHO,Pantanal,6.0,15,19.458333333333332,PRETINHO
PA_62_PRETINHO,Pantanal,7.0,20,19.458333333333332,PRETINHO
PA_62_PRETINHO,Pantanal,8.0,21,19.458333333333332,PRETINHO
PA_62_PRETINHO,Pantanal,9.0,22,19.458333333333332,PRETINHO
PA_62_PRETINHO,Pantanal,10.0,19,19.458333333333332,PRETINHO
PA_62_PRETINHO,Pantanal,11.0,21,19.458333333333332,PRETINHO
PA_62_PRETINHO,Pantanal,12.0,18,19.458333333333332,PRETINHO
PA_62_PRETINHO,Pantanal,13.0,21,19.458333333333332,PRETINHO
PA_62_PRETINHO,Pantanal,14.0,16,19.458333333333332,PRETINHO
PA_62_PRETINHO,Pantanal,15.0,22,19.458333333333332,PRETINHO
PA_62_PRETINHO,Pantanal,16.0,15,19.458333333333332,PRETINHO
PA_62_PRETINHO,Pantanal,17.0,24,19.458333333333332,PRETINHO
PA_62_PRETINHO,Pantanal,18.0,15,19.458333333333332,PRETINHO
PA_62_PRETINHO,Pantanal,19.0,15,19.458333333333332,PRETINHO
PA_62_PRETINHO,Pantanal,20.0,13,19.458333333333332,PRETINHO
PA_62_PRETINHO,Pantanal,21.0,10,19.458333333333332,PRETINHO
PA_62_PRETINHO,Pantanal,22.0,13,19.458333333333332,PRETINHO
PA_62_PRETINHO,Pantanal,23.0,20,19.458333333333332,PRETINHO
PA_64_COLUMBUS,Pantanal,0.0,2,5.375,COLUMBUS
PA_64_COLUMBUS,Pantanal,1.0,8,5.375,COLUMBUS
PA_64_COLUMBUS,Pantanal,2.0,8,5.375,COLUMBUS
PA_64_COLUMBUS,Pantanal,3.0,6,5.375,COLUMBUS
PA_64_COLUMBUS,Pantanal,4.0,3,5.375,COLUMBUS
PA_64_COLUMBUS,Pantanal,5.0,2,5.375,COLUMBUS
PA_64_COLUMBUS,Pantanal,6.0,4,5.375,COLUMBUS
PA_64_COLUMBUS,Pantanal,7.0,6,5.375,COLUMBUS
PA_64_COLUMBUS,Pantanal,8.0,8,5.375,COLUMBUS
PA_64_COLUMBUS,Pantanal,9.0,9,5.375,COLUMBUS
PA_64_COLUMBUS,Pantanal,10.0,7,5.375,COLUMBUS
PA_64_COLUMBUS,Pantanal,11.0,6,5.375,COLUMBUS
PA_64_COLUMBUS,Pantanal,12.0,6,5.375,COLUMBUS
PA_64_COLUMBUS,Pantanal,13.0,7,5.375,COLUMBUS
PA_64_COLUMBUS,Pantanal,14.0,5,5.375,COLUMBUS
PA_64_COLUMBUS,Pantanal,15.0,4,5.375,COLUMBUS
PA_64_COLUMBUS,Pantanal,16.0,9,5.375,COLUMBUS
PA_64_COLUMBUS,Pantanal,17.0,8,5.375,COLUMBUS
PA_64_COLUMBUS,Pantanal,18.0,4,5.375,COLUMBUS
PA_64_COLUMBUS,Pantanal,19.0,2,5.375,COLUMBUS
PA_64_COLUMBUS,Pantanal,20.0,5,5.375,COLUMBUS
PA_64_COLUMBUS,Pantanal,21.0,6,5.375,COLUMBUS
PA_64_COLUMBUS,Pantanal,22.0,2,5.375,COLUMBUS
PA_64_COLUMBUS,Pantanal,23.0,2,5.375,COLUMBUS
PA_65_VALENTINA,Pantanal,0.0,86,83.29166666666667,VALENTINA
PA_65_VALENTINA,Pantanal,1.0,88,83.29166666666667,VALENTINA
PA_65_VALENTINA,Pantanal,2.0,80,83.29166666666667,VALENTINA
PA_65_VALENTINA,Pantanal,3.0,89,83.29166666666667,VALENTINA
PA_65_VALENTINA,Pantanal,4.0,85,83.29166666666667,VALENTINA
PA_65_VALENTINA,Pantanal,5.0,80,83.29166666666667,VALENTINA
PA_65_VALENTINA,Pantanal,6.0,85,83.29166666666667,VALENTINA
PA_65_VALENTINA,Pantanal,7.0,87,83.29166666666667,VALENTINA
PA_65_VALENTINA,Pantanal,8.0,87,83.29166666666667,VALENTINA
PA_65_VALENTINA,Pantanal,9.0,91,83.29166666666667,VALENTINA
PA_65_VALENTINA,Pantanal,10.0,89,83.29166666666667,VALENTINA
PA_65_VALENTINA,Pantanal,11.0,91,83.29166666666667,VALENTINA
PA_65_VALENTINA,Pantanal,12.0,83,83.29166666666667,VALENTINA
PA_65_VALENTINA,Pantanal,13.0,85,83.29166666666667,VALENTINA
PA_65_VALENTINA,Pantanal,14.0,78,83.29166666666667,VALENTINA
PA_65_VALENTINA,Pantanal,15.0,81,83.29166666666667,VALENTINA
PA_65_VALENTINA,Pantanal,16.0,75,83.29166666666667,VALENTINA
PA_65_VALENTINA,Pantanal,17.0,74,83.29166666666667,VALENTINA
PA_65_VALENTINA,Pantanal,18.0,84,83.29166666666667,VALENTINA
PA_65_VALENTINA,Pantanal,19.0,79,83.29166666666667,VALENTINA
PA_65_VALENTINA,Pantanal,20.0,86,83.29166666666667,VALENTINA
PA_65_VALENTINA,Pantanal,21.0,77,83.29166666666667,VALENTINA
PA_65_VALENTINA,Pantanal,22.0,76,83.29166666666667,VALENTINA
PA_65_VALENTINA,Pantanal,23.0,83,83.29166666666667,VALENTINA
PA_67_CARMINHA,Pantanal,0.0,37,29.083333333333332,CARMINHA
PA_67_CARMINHA,Pantanal,1.0,31,29.083333333333332,CARMINHA
PA_67_CARMINHA,Pantanal,2.0,35,29.083333333333332,CARMINHA
PA_67_CARMINHA,Pantanal,3.0,32,29.083333333333332,CARMINHA
PA_67_CARMINHA,Pantanal,4.0,35,29.083333333333332,CARMINHA
PA_67_CARMINHA,Pantanal,5.0,24,29.083333333333332,CARMINHA
PA_67_CARMINHA,Pantanal,6.0,26,29.083333333333332,CARMINHA
PA_67_CARMINHA,Pantanal,7.0,29,29.083333333333332,CARMINHA
PA_67_CARMINHA,Pantanal,8.0,30,29.083333333333332,CARMINHA
PA_67_CARMINHA,Pantanal,9.0,27,29.083333333333332,CARMINHA
PA_67_CARMINHA,Pantanal,10.0,26,29.083333333333332,CARMINHA
PA_67_CARMINHA,Pantanal,11.0,29,29.083333333333332,CARMINHA
PA_67_CARMINHA,Pantanal,12.0,27,29.083333333333332,CARMINHA
PA_67_CARMINHA,Pantanal,13.0,25,29.083333333333332,CARMINHA
PA_67_CARMINHA,Pantanal,14.0,20,29.083333333333332,CARMINHA
PA_67_CARMINHA,Pantanal,15.0,27,29.083333333333332,CARMINHA
PA_67_CARMINHA,Pantanal,16.0,22,29.083333333333332,CARMINHA
PA_67_CARMINHA,Pantanal,17.0,28,29.083333333333332,CARMINHA
PA_67_CARMINHA,Pantanal,18.0,32,29.083333333333332,CARMINHA
PA_67_CARMINHA,Pantanal,19.0,34,29.083333333333332,CARMINHA
PA_67_CARMINHA,Pantanal,20.0,32,29.083333333333332,CARMINHA
PA_67_CARMINHA,Pantanal,21.0,29,29.083333333333332,CARMINHA
PA_67_CARMINHA,Pantanal,22.0,32,29.083333333333332,CARMINHA
PA_67_CARMINHA,Pantanal,23.0,29,29.083333333333332,CARMINHA
PA_68_FAROFO,Pantanal,0.0,334,307.4166666666667,FAROFO
PA_68_FAROFO,Pantanal,1.0,337,307.4166666666667,FAROFO
PA_68_FAROFO,Pantanal,2.0,333,307.4166666666667,FAROFO
PA_68_FAROFO,Pantanal,3.0,344,307.4166666666667,FAROFO
PA_68_FAROFO,Pantanal,4.0,331,307.4166666666667,FAROFO
PA_68_FAROFO,Pantanal,5.0,346,307.4166666666667,FAROFO
PA_68_FAROFO,Pantanal,6.0,293,307.4166666666667,FAROFO
PA_68_FAROFO,Pantanal,7.0,295,307.4166666666667,FAROFO
PA_68_FAROFO,Pantanal,8.0,282,307.4166666666667,FAROFO
PA_68_FAROFO,Pantanal,9.0,294,307.4166666666667,FAROFO
PA_68_FAROFO,Pantanal,10.0,286,307.4166666666667,FAROFO
PA_68_FAROFO,Pantanal,11.0,291,307.4166666666667,FAROFO
PA_68_FAROFO,Pantanal,12.0,288,307.4166666666667,FAROFO
PA_68_FAROFO,Pantanal,13.0,272,307.4166666666667,FAROFO
PA_68_FAROFO,Pantanal,14.0,261,307.4166666666667,FAROFO
PA_68_FAROFO,Pantanal,15.0,271,307.4166666666667,FAROFO
PA_68_FAROFO,Pantanal,16.0,277,307.4166666666667,FAROFO
PA_68_FAROFO,Pantanal,17.0,279,307.4166666666667,FAROFO
PA_68_FAROFO,Pantanal,18.0,315,307.4166666666667,FAROFO
PA_68_FAROFO,Pantanal,19.0,351,307.4166666666667,FAROFO
PA_68_FAROFO,Pantanal,20.0,325,307.4166666666667,FAROFO
PA_68_FAROFO,Pantanal,21.0,335,307.4166666666667,FAROFO
PA_68_FAROFO,Pantanal,22.0,312,307.4166666666667,FAROFO
PA_68_FAROFO,Pantanal,23.0,326,307.4166666666667,FAROFO
PA_69_ANGELINA,Pantanal,0.0,130,132.04166666666666,ANGELINA
PA_69_ANGELINA,Pantanal,1.0,134,132.04166666666666,ANGELINA
PA_69_ANGELINA,Pantanal,2.0,138,132.04166666666666,ANGELINA
PA_69_ANGELINA,Pantanal,3.0,143,132.04166666666666,ANGELINA
PA_69_ANGELINA,Pantanal,4.0,140,132.04166666666666,ANGELINA
PA_69_ANGELINA,Pantanal,5.0,126,132.04166666666666,ANGELINA
PA_69_ANGELINA,Pantanal,6.0,133,132.04166666666666,ANGELINA
PA_69_ANGELINA,Pantanal,7.0,129,132.04166666666666,ANGELINA
PA_69_ANGELINA,Pantanal,8.0,125,132.04166666666666,ANGELINA
PA_69_ANGELINA,Pantanal,9.0,129,132.04166666666666,ANGELINA
PA_69_ANGELINA,Pantanal,10.0,119,132.04166666666666,ANGELINA
PA_69_ANGELINA,Pantanal,11.0,128,132.04166666666666,ANGELINA
PA_69_ANGELINA,Pantanal,12.0,121,132.04166666666666,ANGELINA
PA_69_ANGELINA,Pantanal,13.0,132,132.04166666666666,ANGELINA
PA_69_ANGELINA,Pantanal,14.0,130,132.04166666666666,ANGELINA
PA_69_ANGELINA,Pantanal,15.0,123,132.04166666666666,ANGELINA
PA_69_ANGELINA,Pantanal,16.0,126,132.04166666666666,ANGELINA
PA_69_ANGELINA,Pantanal,17.0,145,132.04166666666666,ANGELINA
PA_69_ANGELINA,Pantanal,18.0,145,132.04166666666666,ANGELINA
PA_69_ANGELINA,Pantanal,19.0,153,132.04166666666666,ANGELINA
PA_69_ANGELINA,Pantanal,20.0,141,132.04166666666666,ANGELINA
PA_69_ANGELINA,Pantanal,21.0,127,132.04166666666666,ANGELINA
PA_69_ANGELINA,Pantanal,22.0,127,132.04166666666666,ANGELINA
PA_69_ANGELINA,Pantanal,23.0,125,132.04166666666666,ANGELINA
PA_71_SIDNEY,Pantanal,0.0,126,94.58333333333333,SIDNEY
PA_71_SIDNEY,Pantanal,1.0,125,94.58333333333333,SIDNEY
PA_71_SIDNEY,Pantanal,2.0,122,94.58333333333333,SIDNEY
PA_71_SIDNEY,Pantanal,3.0,127,94.58333333333333,SIDNEY
PA_71_SIDNEY,Pantanal,4.0,117,94.58333333333333,SIDNEY
PA_71_SIDNEY,Pantanal,5.0,112,94.58333333333333,SIDNEY
PA_71_SIDNEY,Pantanal,6.0,98,94.58333333333333,SIDNEY
PA_71_SIDNEY,Pantanal,7.0,95,94.58333333333333,SIDNEY
PA_71_SIDNEY,Pantanal,8.0,87,94.58333333333333,SIDNEY
PA_71_SIDNEY,Pantanal,9.0,87,94.58333333333333,SIDNEY
PA_71_SIDNEY,Pantanal,10.0,74,94.58333333333333,SIDNEY
PA_71_SIDNEY,Pantanal,11.0,71,94.58333333333333,SIDNEY
PA_71_SIDNEY,Pantanal,12.0,65,94.58333333333333,SIDNEY
PA_71_SIDNEY,Pantanal,13.0,58,94.58333333333333,SIDNEY
PA_71_SIDNEY,Pantanal,14.0,54,94.58333333333333,SIDNEY
PA_71_SIDNEY,Pantanal,15.0,49,94.58333333333333,SIDNEY
PA_71_SIDNEY,Pantanal,16.0,50,94.58333333333333,SIDNEY
PA_71_SIDNEY,Pantanal,17.0,56,94.58333333333333,SIDNEY
PA_71_SIDNEY,Pantanal,18.0,84,94.58333333333333,SIDNEY
PA_71_SIDNEY,Pantanal,19.0,123,94.58333333333333,SIDNEY
PA_71_SIDNEY,Pantanal,20.0,118,94.58333333333333,SIDNEY
PA_71_SIDNEY,Pantanal,21.0,124,94.58333333333333,SIDNEY
PA_71_SIDNEY,Pantanal,22.0,124,94.58333333333333,SIDNEY
PA_71_SIDNEY,Pantanal,23.0,124,94.58333333333333,SIDNEY
PA_74_LAURO,Pantanal,0.0,132,144.5,LAURO
PA_74_LAURO,Pantanal,1.0,143,144.5,LAURO
PA_74_LAURO,Pantanal,2.0,140,144.5,LAURO
PA_74_LAURO,Pantanal,3.0,135,144.5,LAURO
PA_74_LAURO,Pantanal,4.0,140,144.5,LAURO
PA_74_LAURO,Pantanal,5.0,132,144.5,LAURO
PA_74_LAURO,Pantanal,6.0,129,144.5,LAURO
PA_74_LAURO,Pantanal,7.0,152,144.5,LAURO
PA_74_LAURO,Pantanal,8.0,146,144.5,LAURO
PA_74_LAURO,Pantanal,9.0,151,144.5,LAURO
PA_74_LAURO,Pantanal,10.0,151,144.5,LAURO
PA_74_LAURO,Pantanal,11.0,156,144.5,LAURO
PA_74_LAURO,Pantanal,12.0,150,144.5,LAURO
PA_74_LAURO,Pantanal,13.0,152,144.5,LAURO
PA_74_LAURO,Pantanal,14.0,147,144.5,LAURO
PA_74_LAURO,Pantanal,15.0,153,144.5,LAURO
PA_74_LAURO,Pantanal,16.0,148,144.5,LAURO
PA_74_LAURO,Pantanal,17.0,145,144.5,LAURO
PA_74_LAURO,Pantanal,18.0,145,144.5,LAURO
PA_74_LAURO,Pantanal,19.0,152,144.5,LAURO
PA_74_LAURO,Pantanal,20.0,139,144.5,LAURO
PA_74_LAURO,Pantanal,21.0,145,144.5,LAURO
PA_74_LAURO,Pantanal,22.0,133,144.5,LAURO
PA_74_LAURO,Pantanal,23.0,152,144.5,LAURO
PA_82_DONNA,Pantanal,0.0,28,34.291666666666664,DONNA
PA_82_DONNA,Pantanal,1.0,44,34.291666666666664,DONNA
PA_82_DONNA,Pantanal,2.0,33,34.291666666666664,DONNA
PA_82_DONNA,Pantanal,3.0,34,34.291666666666664,DONNA
PA_82_DONNA,Pantanal,4.0,13,34.291666666666664,DONNA
PA_82_DONNA,Pantanal,5.0,22,34.291666666666664,DONNA
PA_82_DONNA,Pantanal,6.0,31,34.291666666666664,DONNA
PA_82_DONNA,Pantanal,7.0,50,34.291666666666664,DONNA
PA_82_DONNA,Pantanal,8.0,46,34.291666666666664,DONNA
PA_82_DONNA,Pantanal,9.0,42,34.291666666666664,DONNA
PA_82_DONNA,Pantanal,10.0,35,34.291666666666664,DONNA
PA_82_DONNA,Pantanal,11.0,46,34.291666666666664,DONNA
PA_82_DONNA,Pantanal,12.0,43,34.291666666666664,DONNA
PA_82_DONNA,Pantanal,13.0,47,34.291666666666664,DONNA
PA_82_DONNA,Pantanal,14.0,37,34.291666666666664,DONNA
PA_82_DONNA,Pantanal,15.0,46,34.291666666666664,DONNA
PA_82_DONNA,Pantanal,16.0,39,34.291666666666664,DONNA
PA_82_DONNA,Pantanal,17.0,40,34.291666666666664,DONNA
PA_82_DONNA,Pantanal,18.0,35,34.291666666666664,DONNA
PA_82_DONNA,Pantanal,19.0,31,34.291666666666664,DONNA
PA_82_DONNA,Pantanal,20.0,18,34.291666666666664,DONNA
PA_82_DONNA,Pantanal,21.0,17,34.291666666666664,DONNA
PA_82_DONNA,Pantanal,22.0,21,34.291666666666664,DONNA
PA_82_DONNA,Pantanal,23.0,25,34.291666666666664,DONNA
PA_86_CUZINHO,Pantanal,0.0,302,283.2916666666667,CUZINHO
PA_86_CUZINHO,Pantanal,1.0,304,283.2916666666667,CUZINHO
PA_86_CUZINHO,Pantanal,2.0,304,283.2916666666667,CUZINHO
PA_86_CUZINHO,Pantanal,3.0,333,283.2916666666667,CUZINHO
PA_86_CUZINHO,Pantanal,4.0,335,283.2916666666667,CUZINHO
PA_86_CUZINHO,Pantanal,5.0,328,283.2916666666667,CUZINHO
PA_86_CUZINHO,Pantanal,6.0,294,283.2916666666667,CUZINHO
PA_86_CUZINHO,Pantanal,7.0,294,283.2916666666667,CUZINHO
PA_86_CUZINHO,Pantanal,8.0,286,283.2916666666667,CUZINHO
PA_86_CUZINHO,Pantanal,9.0,275,283.2916666666667,CUZINHO
PA_86_CUZINHO,Pantanal,10.0,248,283.2916666666667,CUZINHO
PA_86_CUZINHO,Pantanal,11.0,244,283.2916666666667,CUZINHO
PA_86_CUZINHO,Pantanal,12.0,225,283.2916666666667,CUZINHO
PA_86_CUZINHO,Pantanal,13.0,227,283.2916666666667,CUZINHO
PA_86_CUZINHO,Pantanal,14.0,235,283.2916666666667,CUZINHO
PA_86_CUZINHO,Pantanal,15.0,223,283.2916666666667,CUZINHO
PA_86_CUZINHO,Pantanal,16.0,224,283.2916666666667,CUZINHO
PA_86_CUZINHO,Pantanal,17.0,249,283.2916666666667,CUZINHO
PA_86_CUZINHO,Pantanal,18.0,272,283.2916666666667,CUZINHO
PA_86_CUZINHO,Pantanal,19.0,323,283.2916666666667,CUZINHO
PA_86_CUZINHO,Pantanal,20.0,327,283.2916666666667,CUZINHO
PA_86_CUZINHO,Pantanal,21.0,327,283.2916666666667,CUZINHO
PA_86_CUZINHO,Pantanal,22.0,308,283.2916666666667,CUZINHO
PA_86_CUZINHO,Pantanal,23.0,312,283.2916666666667,CUZINHO
