individual_local_identifier,Biome,hour,count,unique_days,average,individual_name
AF_01_JOANA,Atlantic Forest,0.0,26,18,1.4444444444444444,JOANA
AF_01_JOANA,Atlantic Forest,1.0,24,16,1.5,JOANA
AF_01_JOANA,Atlantic Forest,2.0,33,22,1.5,JOANA
AF_01_JOANA,Atlantic Forest,3.0,29,20,1.45,JOANA
AF_01_JOANA,Atlantic Forest,4.0,58,57,1.0175438596491229,JOANA
AF_01_JOANA,Atlantic Forest,5.0,82,52,1.5769230769230769,JOANA
AF_01_JOANA,Atlantic Forest,6.0,76,51,1.4901960784313726,JOANA
AF_01_JOANA,Atlantic Forest,7.0,55,37,1.4864864864864864,JOANA
AF_01_JOANA,Atlantic Forest,8.0,20,17,1.1764705882352942,JOANA
AF_01_JOANA,Atlantic Forest,9.0,20,13,1.5384615384615385,JOANA
AF_01_JOANA,Atlantic Forest,10.0,23,16,1.4375,JOANA
AF_01_JOANA,Atlantic Forest,11.0,19,13,1.4615384615384615,JOANA
AF_01_JOANA,Atlantic Forest,12.0,21,17,1.2352941176470589,JOANA
AF_01_JOANA,Atlantic Forest,13.0,17,13,1.3076923076923077,JOANA
AF_01_JOANA,Atlantic Forest,14.0,15,12,1.25,JOANA
AF_01_JOANA,Atlantic Forest,15.0,18,15,1.2,JOANA
AF_01_JOANA,Atlantic Forest,16.0,18,13,1.3846153846153846,JOANA
AF_01_JOANA,Atlantic Forest,17.0,23,17,1.3529411764705883,JOANA
AF_01_JOANA,Atlantic Forest,18.0,42,41,1.024390243902439,JOANA
AF_01_JOANA,Atlantic Forest,19.0,71,51,1.392156862745098,JOANA
AF_01_JOANA,Atlantic Forest,20.0,86,54,1.5925925925925926,JOANA
AF_01_JOANA,Atlantic Forest,21.0,68,45,1.511111111111111,JOANA
AF_01_JOANA,Atlantic Forest,22.0,29,19,1.5263157894736843,JOANA
AF_01_JOANA,Atlantic Forest,23.0,30,18,1.6666666666666667,JOANA
AF_02_PAULETE,Atlantic Forest,0.0,23,16,1.4375,PAULETE
AF_02_PAULETE,Atlantic Forest,1.0,17,12,1.4166666666666667,PAULETE
AF_02_PAULETE,Atlantic Forest,2.0,21,15,1.4,PAULETE
AF_02_PAULETE,Atlantic Forest,3.0,18,14,1.2857142857142858,PAULETE
AF_02_PAULETE,Atlantic Forest,4.0,31,30,1.0333333333333334,PAULETE
AF_02_PAULETE,Atlantic Forest,5.0,40,32,1.25,PAULETE
AF_02_PAULETE,Atlantic Forest,6.0,29,22,1.3181818181818181,PAULETE
AF_02_PAULETE,Atlantic Forest,7.0,16,16,1.0,PAULETE
AF_02_PAULETE,Atlantic Forest,8.0,12,9,1.3333333333333333,PAULETE
AF_02_PAULETE,Atlantic Forest,9.0,7,6,1.1666666666666667,PAULETE
AF_02_PAULETE,Atlantic Forest,10.0,11,9,1.2222222222222223,PAULETE
AF_02_PAULETE,Atlantic Forest,11.0,7,5,1.4,PAULETE
AF_02_PAULETE,Atlantic Forest,12.0,12,9,1.3333333333333333,PAULETE
AF_02_PAULETE,Atlantic Forest,13.0,4,4,1.0,PAULETE
AF_02_PAULETE,Atlantic Forest,14.0,6,6,1.0,PAULETE
AF_02_PAULETE,Atlantic Forest,15.0,6,5,1.2,PAULETE
AF_02_PAULETE,Atlantic Forest,16.0,8,8,1.0,PAULETE
AF_02_PAULETE,Atlantic Forest,17.0,10,10,1.0,PAULETE
AF_02_PAULETE,Atlantic Forest,18.0,15,14,1.0714285714285714,PAULETE
AF_02_PAULETE,Atlantic Forest,19.0,31,22,1.4090909090909092,PAULETE
AF_02_PAULETE,Atlantic Forest,20.0,40,27,1.4814814814814814,PAULETE
AF_02_PAULETE,Atlantic Forest,21.0,34,25,1.36,PAULETE
AF_02_PAULETE,Atlantic Forest,22.0,17,13,1.3076923076923077,PAULETE
AF_02_PAULETE,Atlantic Forest,23.0,24,19,1.263157894736842,PAULETE
AF_05_CHUCHU,Atlantic Forest,0.0,10,8,1.25,CHUCHU
AF_05_CHUCHU,Atlantic Forest,1.0,11,8,1.375,CHUCHU
AF_05_CHUCHU,Atlantic Forest,2.0,7,6,1.1666666666666667,CHUCHU
AF_05_CHUCHU,Atlantic Forest,3.0,19,15,1.2666666666666666,CHUCHU
AF_05_CHUCHU,Atlantic Forest,4.0,15,13,1.1538461538461537,CHUCHU
AF_05_CHUCHU,Atlantic Forest,5.0,34,23,1.4782608695652173,CHUCHU
AF_05_CHUCHU,Atlantic Forest,6.0,19,15,1.2666666666666666,CHUCHU
AF_05_CHUCHU,Atlantic Forest,7.0,15,15,1.0,CHUCHU
AF_05_CHUCHU,Atlantic Forest,8.0,6,6,1.0,CHUCHU
AF_05_CHUCHU,Atlantic Forest,9.0,3,3,1.0,CHUCHU
AF_05_CHUCHU,Atlantic Forest,10.0,3,2,1.5,CHUCHU
AF_05_CHUCHU,Atlantic Forest,11.0,2,2,1.0,CHUCHU
AF_05_CHUCHU,Atlantic Forest,12.0,8,8,1.0,CHUCHU
AF_05_CHUCHU,Atlantic Forest,13.0,5,5,1.0,CHUCHU
AF_05_CHUCHU,Atlantic Forest,14.0,2,1,2.0,CHUCHU
AF_05_CHUCHU,Atlantic Forest,15.0,3,3,1.0,CHUCHU
AF_05_CHUCHU,Atlantic Forest,16.0,6,5,1.2,CHUCHU
AF_05_CHUCHU,Atlantic Forest,17.0,10,10,1.0,CHUCHU
AF_05_CHUCHU,Atlantic Forest,18.0,17,16,1.0625,CHUCHU
AF_05_CHUCHU,Atlantic Forest,19.0,31,24,1.2916666666666667,CHUCHU
AF_05_CHUCHU,Atlantic Forest,20.0,32,22,1.4545454545454546,CHUCHU
AF_05_CHUCHU,Atlantic Forest,21.0,18,15,1.2,CHUCHU
AF_05_CHUCHU,Atlantic Forest,22.0,9,8,1.125,CHUCHU
AF_05_CHUCHU,Atlantic Forest,23.0,9,6,1.5,CHUCHU
AF_12_PATRICIA,Atlantic Forest,0.0,6,5,1.2,PATRICIA
AF_12_PATRICIA,Atlantic Forest,1.0,9,7,1.2857142857142858,PATRICIA
AF_12_PATRICIA,Atlantic Forest,2.0,7,7,1.0,PATRICIA
AF_12_PATRICIA,Atlantic Forest,3.0,15,10,1.5,PATRICIA
AF_12_PATRICIA,Atlantic Forest,4.0,8,8,1.0,PATRICIA
AF_12_PATRICIA,Atlantic Forest,5.0,15,11,1.3636363636363635,PATRICIA
AF_12_PATRICIA,Atlantic Forest,6.0,10,7,1.4285714285714286,PATRICIA
AF_12_PATRICIA,Atlantic Forest,7.0,7,7,1.0,PATRICIA
AF_12_PATRICIA,Atlantic Forest,8.0,4,2,2.0,PATRICIA
AF_12_PATRICIA,Atlantic Forest,10.0,2,2,1.0,PATRICIA
AF_12_PATRICIA,Atlantic Forest,11.0,1,1,1.0,PATRICIA
AF_12_PATRICIA,Atlantic Forest,12.0,3,3,1.0,PATRICIA
AF_12_PATRICIA,Atlantic Forest,13.0,2,2,1.0,PATRICIA
AF_12_PATRICIA,Atlantic Forest,14.0,4,3,1.3333333333333333,PATRICIA
AF_12_PATRICIA,Atlantic Forest,16.0,2,1,2.0,PATRICIA
AF_12_PATRICIA,Atlantic Forest,17.0,6,5,1.2,PATRICIA
AF_12_PATRICIA,Atlantic Forest,18.0,10,10,1.0,PATRICIA
AF_12_PATRICIA,Atlantic Forest,19.0,16,11,1.4545454545454546,PATRICIA
AF_12_PATRICIA,Atlantic Forest,20.0,16,12,1.3333333333333333,PATRICIA
AF_12_PATRICIA,Atlantic Forest,21.0,19,17,1.1176470588235294,PATRICIA
AF_12_PATRICIA,Atlantic Forest,22.0,14,12,1.1666666666666667,PATRICIA
AF_12_PATRICIA,Atlantic Forest,23.0,8,7,1.1428571428571428,PATRICIA
AF_14_JAMESBOND,Atlantic Forest,0.0,19,14,1.3571428571428572,JAMESBOND
AF_14_JAMESBOND,Atlantic Forest,1.0,14,11,1.2727272727272727,JAMESBOND
AF_14_JAMESBOND,Atlantic Forest,2.0,13,11,1.1818181818181819,JAMESBOND
AF_14_JAMESBOND,Atlantic Forest,3.0,13,10,1.3,JAMESBOND
AF_14_JAMESBOND,Atlantic Forest,4.0,24,23,1.0434782608695652,JAMESBOND
AF_14_JAMESBOND,Atlantic Forest,5.0,30,19,1.5789473684210527,JAMESBOND
AF_14_JAMESBOND,Atlantic Forest,6.0,19,14,1.3571428571428572,JAMESBOND
AF_14_JAMESBOND,Atlantic Forest,7.0,16,16,1.0,JAMESBOND
AF_14_JAMESBOND,Atlantic Forest,9.0,2,2,1.0,JAMESBOND
AF_14_JAMESBOND,Atlantic Forest,11.0,1,1,1.0,JAMESBOND
AF_14_JAMESBOND,Atlantic Forest,12.0,3,3,1.0,JAMESBOND
AF_14_JAMESBOND,Atlantic Forest,13.0,2,2,1.0,JAMESBOND
AF_14_JAMESBOND,Atlantic Forest,15.0,1,1,1.0,JAMESBOND
AF_14_JAMESBOND,Atlantic Forest,16.0,3,2,1.5,JAMESBOND
AF_14_JAMESBOND,Atlantic Forest,17.0,4,3,1.3333333333333333,JAMESBOND
AF_14_JAMESBOND,Atlantic Forest,18.0,17,16,1.0625,JAMESBOND
AF_14_JAMESBOND,Atlantic Forest,19.0,23,17,1.3529411764705883,JAMESBOND
AF_14_JAMESBOND,Atlantic Forest,20.0,28,17,1.6470588235294117,JAMESBOND
AF_14_JAMESBOND,Atlantic Forest,21.0,29,22,1.3181818181818181,JAMESBOND
AF_14_JAMESBOND,Atlantic Forest,22.0,15,14,1.0714285714285714,JAMESBOND
AF_14_JAMESBOND,Atlantic Forest,23.0,15,13,1.1538461538461537,JAMESBOND
AF_15_GEORGETE,Atlantic Forest,0.0,10,10,1.0,GEORGETE
AF_15_GEORGETE,Atlantic Forest,1.0,8,7,1.1428571428571428,GEORGETE
AF_15_GEORGETE,Atlantic Forest,2.0,7,6,1.1666666666666667,GEORGETE
AF_15_GEORGETE,Atlantic Forest,3.0,13,10,1.3,GEORGETE
AF_15_GEORGETE,Atlantic Forest,4.0,14,14,1.0,GEORGETE
AF_15_GEORGETE,Atlantic Forest,5.0,25,16,1.5625,GEORGETE
AF_15_GEORGETE,Atlantic Forest,6.0,8,6,1.3333333333333333,GEORGETE
AF_15_GEORGETE,Atlantic Forest,7.0,12,12,1.0,GEORGETE
AF_15_GEORGETE,Atlantic Forest,8.0,1,1,1.0,GEORGETE
AF_15_GEORGETE,Atlantic Forest,9.0,2,2,1.0,GEORGETE
AF_15_GEORGETE,Atlantic Forest,11.0,2,2,1.0,GEORGETE
AF_15_GEORGETE,Atlantic Forest,12.0,4,4,1.0,GEORGETE
AF_15_GEORGETE,Atlantic Forest,13.0,1,1,1.0,GEORGETE
AF_15_GEORGETE,Atlantic Forest,14.0,2,1,2.0,GEORGETE
AF_15_GEORGETE,Atlantic Forest,15.0,2,2,1.0,GEORGETE
AF_15_GEORGETE,Atlantic Forest,16.0,1,1,1.0,GEORGETE
AF_15_GEORGETE,Atlantic Forest,17.0,5,4,1.25,GEORGETE
AF_15_GEORGETE,Atlantic Forest,18.0,15,12,1.25,GEORGETE
AF_15_GEORGETE,Atlantic Forest,19.0,16,10,1.6,GEORGETE
AF_15_GEORGETE,Atlantic Forest,20.0,19,13,1.4615384615384615,GEORGETE
AF_15_GEORGETE,Atlantic Forest,21.0,17,16,1.0625,GEORGETE
AF_15_GEORGETE,Atlantic Forest,22.0,11,9,1.2222222222222223,GEORGETE
AF_15_GEORGETE,Atlantic Forest,23.0,10,8,1.25,GEORGETE
AF_17_ESPERTA,Atlantic Forest,5.0,2,1,2.0,ESPERTA
AF_17_ESPERTA,Atlantic Forest,6.0,5,4,1.25,ESPERTA
AF_17_ESPERTA,Atlantic Forest,7.0,11,8,1.375,ESPERTA
AF_17_ESPERTA,Atlantic Forest,8.0,17,14,1.2142857142857142,ESPERTA
AF_17_ESPERTA,Atlantic Forest,9.0,10,9,1.1111111111111112,ESPERTA
AF_17_ESPERTA,Atlantic Forest,10.0,4,4,1.0,ESPERTA
AF_17_ESPERTA,Atlantic Forest,11.0,1,1,1.0,ESPERTA
AF_17_ESPERTA,Atlantic Forest,13.0,1,1,1.0,ESPERTA
AF_17_ESPERTA,Atlantic Forest,15.0,1,1,1.0,ESPERTA
AF_17_ESPERTA,Atlantic Forest,16.0,6,6,1.0,ESPERTA
AF_17_ESPERTA,Atlantic Forest,17.0,13,9,1.4444444444444444,ESPERTA
AF_17_ESPERTA,Atlantic Forest,18.0,16,9,1.7777777777777777,ESPERTA
AF_17_ESPERTA,Atlantic Forest,19.0,10,6,1.6666666666666667,ESPERTA
AF_17_ESPERTA,Atlantic Forest,20.0,4,3,1.3333333333333333,ESPERTA
AF_17_ESPERTA,Atlantic Forest,21.0,2,1,2.0,ESPERTA
AF_17_ESPERTA,Atlantic Forest,22.0,1,1,1.0,ESPERTA
AF_17_ESPERTA,Atlantic Forest,23.0,1,1,1.0,ESPERTA
AF_20_CHICO,Atlantic Forest,0.0,14,10,1.4,CHICO
AF_20_CHICO,Atlantic Forest,1.0,13,11,1.1818181818181819,CHICO
AF_20_CHICO,Atlantic Forest,2.0,10,9,1.1111111111111112,CHICO
AF_20_CHICO,Atlantic Forest,3.0,16,10,1.6,CHICO
AF_20_CHICO,Atlantic Forest,4.0,40,33,1.2121212121212122,CHICO
AF_20_CHICO,Atlantic Forest,5.0,43,27,1.5925925925925926,CHICO
AF_20_CHICO,Atlantic Forest,6.0,54,33,1.6363636363636365,CHICO
AF_20_CHICO,Atlantic Forest,7.0,38,32,1.1875,CHICO
AF_20_CHICO,Atlantic Forest,8.0,23,22,1.0454545454545454,CHICO
AF_20_CHICO,Atlantic Forest,9.0,8,7,1.1428571428571428,CHICO
AF_20_CHICO,Atlantic Forest,13.0,1,1,1.0,CHICO
AF_20_CHICO,Atlantic Forest,14.0,1,1,1.0,CHICO
AF_20_CHICO,Atlantic Forest,15.0,5,5,1.0,CHICO
AF_20_CHICO,Atlantic Forest,16.0,7,6,1.1666666666666667,CHICO
AF_20_CHICO,Atlantic Forest,17.0,10,10,1.0,CHICO
AF_20_CHICO,Atlantic Forest,18.0,34,28,1.2142857142857142,CHICO
AF_20_CHICO,Atlantic Forest,19.0,37,27,1.3703703703703705,CHICO
AF_20_CHICO,Atlantic Forest,20.0,27,17,1.588235294117647,CHICO
AF_20_CHICO,Atlantic Forest,21.0,27,22,1.2272727272727273,CHICO
AF_20_CHICO,Atlantic Forest,22.0,15,11,1.3636363636363635,CHICO
AF_20_CHICO,Atlantic Forest,23.0,17,13,1.3076923076923077,CHICO
AF_23_TONHA,Atlantic Forest,0.0,13,12,1.0833333333333333,TONHA
AF_23_TONHA,Atlantic Forest,1.0,11,10,1.1,TONHA
AF_23_TONHA,Atlantic Forest,2.0,13,10,1.3,TONHA
AF_23_TONHA,Atlantic Forest,3.0,14,14,1.0,TONHA
AF_23_TONHA,Atlantic Forest,4.0,63,54,1.1666666666666667,TONHA
AF_23_TONHA,Atlantic Forest,5.0,53,39,1.358974358974359,TONHA
AF_23_TONHA,Atlantic Forest,6.0,44,33,1.3333333333333333,TONHA
AF_23_TONHA,Atlantic Forest,7.0,24,23,1.0434782608695652,TONHA
AF_23_TONHA,Atlantic Forest,8.0,5,5,1.0,TONHA
AF_23_TONHA,Atlantic Forest,9.0,1,1,1.0,TONHA
AF_23_TONHA,Atlantic Forest,11.0,1,1,1.0,TONHA
AF_23_TONHA,Atlantic Forest,15.0,2,2,1.0,TONHA
AF_23_TONHA,Atlantic Forest,16.0,5,5,1.0,TONHA
AF_23_TONHA,Atlantic Forest,17.0,9,9,1.0,TONHA
AF_23_TONHA,Atlantic Forest,18.0,57,48,1.1875,TONHA
AF_23_TONHA,Atlantic Forest,19.0,87,58,1.5,TONHA
AF_23_TONHA,Atlantic Forest,20.0,54,40,1.35,TONHA
AF_23_TONHA,Atlantic Forest,21.0,44,43,1.0232558139534884,TONHA
AF_23_TONHA,Atlantic Forest,22.0,17,16,1.0625,TONHA
AF_23_TONHA,Atlantic Forest,23.0,18,13,1.3846153846153846,TONHA
AF_24_TINA,Atlantic Forest,0.0,10,10,1.0,TINA
AF_24_TINA,Atlantic Forest,1.0,9,8,1.125,TINA
AF_24_TINA,Atlantic Forest,2.0,8,6,1.3333333333333333,TINA
AF_24_TINA,Atlantic Forest,3.0,10,7,1.4285714285714286,TINA
AF_24_TINA,Atlantic Forest,4.0,42,34,1.2352941176470589,TINA
AF_24_TINA,Atlantic Forest,5.0,52,34,1.5294117647058822,TINA
AF_24_TINA,Atlantic Forest,6.0,40,26,1.5384615384615385,TINA
AF_24_TINA,Atlantic Forest,7.0,9,8,1.125,TINA
AF_24_TINA,Atlantic Forest,17.0,9,7,1.2857142857142858,TINA
AF_24_TINA,Atlantic Forest,18.0,56,40,1.4,TINA
AF_24_TINA,Atlantic Forest,19.0,80,56,1.4285714285714286,TINA
AF_24_TINA,Atlantic Forest,20.0,60,39,1.5384615384615385,TINA
AF_24_TINA,Atlantic Forest,21.0,27,23,1.173913043478261,TINA
AF_24_TINA,Atlantic Forest,22.0,21,14,1.5,TINA
AF_24_TINA,Atlantic Forest,23.0,15,11,1.3636363636363635,TINA
AF_25_MAMA,Atlantic Forest,0.0,5,4,1.25,MAMA
AF_25_MAMA,Atlantic Forest,1.0,2,2,1.0,MAMA
AF_25_MAMA,Atlantic Forest,2.0,2,2,1.0,MAMA
AF_25_MAMA,Atlantic Forest,3.0,3,3,1.0,MAMA
AF_25_MAMA,Atlantic Forest,4.0,19,18,1.0555555555555556,MAMA
AF_25_MAMA,Atlantic Forest,5.0,25,15,1.6666666666666667,MAMA
AF_25_MAMA,Atlantic Forest,6.0,22,16,1.375,MAMA
AF_25_MAMA,Atlantic Forest,7.0,5,3,1.6666666666666667,MAMA
AF_25_MAMA,Atlantic Forest,8.0,7,7,1.0,MAMA
AF_25_MAMA,Atlantic Forest,9.0,1,1,1.0,MAMA
AF_25_MAMA,Atlantic Forest,15.0,2,2,1.0,MAMA
AF_25_MAMA,Atlantic Forest,16.0,2,2,1.0,MAMA
AF_25_MAMA,Atlantic Forest,17.0,10,9,1.1111111111111112,MAMA
AF_25_MAMA,Atlantic Forest,18.0,37,27,1.3703703703703705,MAMA
AF_25_MAMA,Atlantic Forest,19.0,40,25,1.6,MAMA
AF_25_MAMA,Atlantic Forest,20.0,22,15,1.4666666666666666,MAMA
AF_25_MAMA,Atlantic Forest,21.0,12,10,1.2,MAMA
AF_25_MAMA,Atlantic Forest,22.0,9,7,1.2857142857142858,MAMA
AF_25_MAMA,Atlantic Forest,23.0,5,4,1.25,MAMA
CE_03_LOU,Cerrado,0.0,494,494,1.0,LOU
CE_03_LOU,Cerrado,1.0,503,503,1.0,LOU
CE_03_LOU,Cerrado,2.0,498,498,1.0,LOU
CE_03_LOU,Cerrado,3.0,512,512,1.0,LOU
CE_03_LOU,Cerrado,4.0,495,495,1.0,LOU
CE_03_LOU,Cerrado,5.0,484,484,1.0,LOU
CE_03_LOU,Cerrado,6.0,464,464,1.0,LOU
CE_03_LOU,Cerrado,7.0,478,478,1.0,LOU
CE_03_LOU,Cerrado,8.0,481,481,1.0,LOU
CE_03_LOU,Cerrado,9.0,478,478,1.0,LOU
CE_03_LOU,Cerrado,10.0,475,475,1.0,LOU
CE_03_LOU,Cerrado,11.0,480,480,1.0,LOU
CE_03_LOU,Cerrado,12.0,465,465,1.0,LOU
CE_03_LOU,Cerrado,13.0,466,466,1.0,LOU
CE_03_LOU,Cerrado,14.0,454,454,1.0,LOU
CE_03_LOU,Cerrado,15.0,465,465,1.0,LOU
CE_03_LOU,Cerrado,16.0,470,470,1.0,LOU
CE_03_LOU,Cerrado,17.0,469,469,1.0,LOU
CE_03_LOU,Cerrado,18.0,491,491,1.0,LOU
CE_03_LOU,Cerrado,19.0,502,502,1.0,LOU
CE_03_LOU,Cerrado,20.0,493,493,1.0,LOU
CE_03_LOU,Cerrado,21.0,508,508,1.0,LOU
CE_03_LOU,Cerrado,22.0,486,486,1.0,LOU
CE_03_LOU,Cerrado,23.0,502,502,1.0,LOU
CE_04_TITI,Cerrado,0.0,194,194,1.0,TITI
CE_04_TITI,Cerrado,1.0,198,198,1.0,TITI
CE_04_TITI,Cerrado,2.0,191,191,1.0,TITI
CE_04_TITI,Cerrado,3.0,203,203,1.0,TITI
CE_04_TITI,Cerrado,4.0,198,198,1.0,TITI
CE_04_TITI,Cerrado,5.0,193,193,1.0,TITI
CE_04_TITI,Cerrado,6.0,181,181,1.0,TITI
CE_04_TITI,Cerrado,7.0,173,173,1.0,TITI
CE_04_TITI,Cerrado,8.0,175,175,1.0,TITI
CE_04_TITI,Cerrado,9.0,180,180,1.0,TITI
CE_04_TITI,Cerrado,10.0,184,184,1.0,TITI
CE_04_TITI,Cerrado,11.0,182,182,1.0,TITI
CE_04_TITI,Cerrado,12.0,176,176,1.0,TITI
CE_04_TITI,Cerrado,13.0,181,181,1.0,TITI
CE_04_TITI,Cerrado,14.0,170,170,1.0,TITI
CE_04_TITI,Cerrado,15.0,177,177,1.0,TITI
CE_04_TITI,Cerrado,16.0,180,180,1.0,TITI
CE_04_TITI,Cerrado,17.0,185,185,1.0,TITI
CE_04_TITI,Cerrado,18.0,187,187,1.0,TITI
CE_04_TITI,Cerrado,19.0,199,199,1.0,TITI
CE_04_TITI,Cerrado,20.0,195,195,1.0,TITI
CE_04_TITI,Cerrado,21.0,197,197,1.0,TITI
CE_04_TITI,Cerrado,22.0,192,192,1.0,TITI
CE_04_TITI,Cerrado,23.0,186,186,1.0,TITI
CE_08_COLOMBINA,Cerrado,0.0,23,18,1.2777777777777777,COLOMBINA
CE_08_COLOMBINA,Cerrado,1.0,15,14,1.0714285714285714,COLOMBINA
CE_08_COLOMBINA,Cerrado,2.0,15,13,1.1538461538461537,COLOMBINA
CE_08_COLOMBINA,Cerrado,3.0,26,25,1.04,COLOMBINA
CE_08_COLOMBINA,Cerrado,4.0,52,39,1.3333333333333333,COLOMBINA
CE_08_COLOMBINA,Cerrado,5.0,53,40,1.325,COLOMBINA
CE_08_COLOMBINA,Cerrado,6.0,33,29,1.1379310344827587,COLOMBINA
CE_08_COLOMBINA,Cerrado,7.0,15,14,1.0714285714285714,COLOMBINA
CE_08_COLOMBINA,Cerrado,8.0,4,4,1.0,COLOMBINA
CE_08_COLOMBINA,Cerrado,9.0,6,6,1.0,COLOMBINA
CE_08_COLOMBINA,Cerrado,10.0,3,3,1.0,COLOMBINA
CE_08_COLOMBINA,Cerrado,11.0,4,4,1.0,COLOMBINA
CE_08_COLOMBINA,Cerrado,12.0,1,1,1.0,COLOMBINA
CE_08_COLOMBINA,Cerrado,13.0,2,2,1.0,COLOMBINA
CE_08_COLOMBINA,Cerrado,14.0,5,5,1.0,COLOMBINA
CE_08_COLOMBINA,Cerrado,15.0,2,2,1.0,COLOMBINA
CE_08_COLOMBINA,Cerrado,16.0,4,4,1.0,COLOMBINA
CE_08_COLOMBINA,Cerrado,17.0,38,29,1.3103448275862069,COLOMBINA
CE_08_COLOMBINA,Cerrado,18.0,77,64,1.203125,COLOMBINA
CE_08_COLOMBINA,Cerrado,19.0,49,44,1.1136363636363635,COLOMBINA
CE_08_COLOMBINA,Cerrado,20.0,45,36,1.25,COLOMBINA
CE_08_COLOMBINA,Cerrado,21.0,32,27,1.1851851851851851,COLOMBINA
CE_08_COLOMBINA,Cerrado,22.0,32,25,1.28,COLOMBINA
CE_08_COLOMBINA,Cerrado,23.0,31,25,1.24,COLOMBINA
CE_09_PANA,Cerrado,0.0,21,19,1.105263157894737,PANA
CE_09_PANA,Cerrado,1.0,15,15,1.0,PANA
CE_09_PANA,Cerrado,2.0,13,12,1.0833333333333333,PANA
CE_09_PANA,Cerrado,3.0,23,20,1.15,PANA
CE_09_PANA,Cerrado,4.0,55,37,1.4864864864864864,PANA
CE_09_PANA,Cerrado,5.0,45,38,1.1842105263157894,PANA
CE_09_PANA,Cerrado,6.0,22,20,1.1,PANA
CE_09_PANA,Cerrado,7.0,8,6,1.3333333333333333,PANA
CE_09_PANA,Cerrado,8.0,5,5,1.0,PANA
CE_09_PANA,Cerrado,9.0,4,3,1.3333333333333333,PANA
CE_09_PANA,Cerrado,10.0,7,7,1.0,PANA
CE_09_PANA,Cerrado,11.0,5,5,1.0,PANA
CE_09_PANA,Cerrado,12.0,2,2,1.0,PANA
CE_09_PANA,Cerrado,13.0,5,5,1.0,PANA
CE_09_PANA,Cerrado,14.0,2,2,1.0,PANA
CE_09_PANA,Cerrado,15.0,1,1,1.0,PANA
CE_09_PANA,Cerrado,16.0,4,4,1.0,PANA
CE_09_PANA,Cerrado,17.0,29,22,1.3181818181818181,PANA
CE_09_PANA,Cerrado,18.0,58,47,1.2340425531914894,PANA
CE_09_PANA,Cerrado,19.0,49,40,1.225,PANA
CE_09_PANA,Cerrado,20.0,41,34,1.2058823529411764,PANA
CE_09_PANA,Cerrado,21.0,30,27,1.1111111111111112,PANA
CE_09_PANA,Cerrado,22.0,40,28,1.4285714285714286,PANA
CE_09_PANA,Cerrado,23.0,27,23,1.173913043478261,PANA
CE_10_ELIS,Cerrado,0.0,10,9,1.1111111111111112,ELIS
CE_10_ELIS,Cerrado,1.0,11,9,1.2222222222222223,ELIS
CE_10_ELIS,Cerrado,2.0,10,9,1.1111111111111112,ELIS
CE_10_ELIS,Cerrado,3.0,6,6,1.0,ELIS
CE_10_ELIS,Cerrado,4.0,12,11,1.0909090909090908,ELIS
CE_10_ELIS,Cerrado,5.0,12,11,1.0909090909090908,ELIS
CE_10_ELIS,Cerrado,6.0,12,12,1.0,ELIS
CE_10_ELIS,Cerrado,7.0,6,6,1.0,ELIS
CE_10_ELIS,Cerrado,8.0,2,2,1.0,ELIS
CE_10_ELIS,Cerrado,12.0,2,2,1.0,ELIS
CE_10_ELIS,Cerrado,15.0,1,1,1.0,ELIS
CE_10_ELIS,Cerrado,17.0,3,3,1.0,ELIS
CE_10_ELIS,Cerrado,18.0,14,14,1.0,ELIS
CE_10_ELIS,Cerrado,19.0,14,13,1.0769230769230769,ELIS
CE_10_ELIS,Cerrado,20.0,10,9,1.1111111111111112,ELIS
CE_10_ELIS,Cerrado,21.0,18,15,1.2,ELIS
CE_10_ELIS,Cerrado,22.0,11,11,1.0,ELIS
CE_10_ELIS,Cerrado,23.0,10,8,1.25,ELIS
CE_11_ZACA,Cerrado,0.0,126,126,1.0,ZACA
CE_11_ZACA,Cerrado,1.0,127,127,1.0,ZACA
CE_11_ZACA,Cerrado,2.0,126,126,1.0,ZACA
CE_11_ZACA,Cerrado,3.0,125,125,1.0,ZACA
CE_11_ZACA,Cerrado,4.0,123,123,1.0,ZACA
CE_11_ZACA,Cerrado,5.0,107,107,1.0,ZACA
CE_11_ZACA,Cerrado,6.0,108,108,1.0,ZACA
CE_11_ZACA,Cerrado,7.0,100,100,1.0,ZACA
CE_11_ZACA,Cerrado,8.0,97,97,1.0,ZACA
CE_11_ZACA,Cerrado,9.0,96,96,1.0,ZACA
CE_11_ZACA,Cerrado,10.0,97,97,1.0,ZACA
CE_11_ZACA,Cerrado,11.0,105,105,1.0,ZACA
CE_11_ZACA,Cerrado,12.0,116,116,1.0,ZACA
CE_11_ZACA,Cerrado,13.0,111,111,1.0,ZACA
CE_11_ZACA,Cerrado,14.0,107,107,1.0,ZACA
CE_11_ZACA,Cerrado,15.0,104,104,1.0,ZACA
CE_11_ZACA,Cerrado,16.0,96,96,1.0,ZACA
CE_11_ZACA,Cerrado,17.0,105,105,1.0,ZACA
CE_11_ZACA,Cerrado,18.0,116,116,1.0,ZACA
CE_11_ZACA,Cerrado,19.0,123,123,1.0,ZACA
CE_11_ZACA,Cerrado,20.0,126,126,1.0,ZACA
CE_11_ZACA,Cerrado,21.0,125,125,1.0,ZACA
CE_11_ZACA,Cerrado,22.0,125,125,1.0,ZACA
CE_11_ZACA,Cerrado,23.0,129,129,1.0,ZACA
CE_13_SULI,Cerrado,0.0,57,57,1.0,SULI
CE_13_SULI,Cerrado,1.0,55,55,1.0,SULI
CE_13_SULI,Cerrado,2.0,54,54,1.0,SULI
CE_13_SULI,Cerrado,3.0,55,55,1.0,SULI
CE_13_SULI,Cerrado,4.0,49,49,1.0,SULI
CE_13_SULI,Cerrado,5.0,50,50,1.0,SULI
CE_13_SULI,Cerrado,6.0,47,47,1.0,SULI
CE_13_SULI,Cerrado,7.0,47,47,1.0,SULI
CE_13_SULI,Cerrado,8.0,45,45,1.0,SULI
CE_13_SULI,Cerrado,9.0,46,46,1.0,SULI
CE_13_SULI,Cerrado,10.0,43,43,1.0,SULI
CE_13_SULI,Cerrado,11.0,44,44,1.0,SULI
CE_13_SULI,Cerrado,12.0,45,45,1.0,SULI
CE_13_SULI,Cerrado,13.0,43,43,1.0,SULI
CE_13_SULI,Cerrado,14.0,43,43,1.0,SULI
CE_13_SULI,Cerrado,15.0,45,45,1.0,SULI
CE_13_SULI,Cerrado,16.0,43,43,1.0,SULI
CE_13_SULI,Cerrado,17.0,43,43,1.0,SULI
CE_13_SULI,Cerrado,18.0,46,46,1.0,SULI
CE_13_SULI,Cerrado,19.0,48,48,1.0,SULI
CE_13_SULI,Cerrado,20.0,48,48,1.0,SULI
CE_13_SULI,Cerrado,21.0,50,50,1.0,SULI
CE_13_SULI,Cerrado,22.0,53,53,1.0,SULI
CE_13_SULI,Cerrado,23.0,57,57,1.0,SULI
CE_15_KURUKA,Cerrado,0.0,71,71,1.0,KURUKA
CE_15_KURUKA,Cerrado,1.0,69,69,1.0,KURUKA
CE_15_KURUKA,Cerrado,2.0,69,69,1.0,KURUKA
CE_15_KURUKA,Cerrado,3.0,68,68,1.0,KURUKA
CE_15_KURUKA,Cerrado,4.0,68,68,1.0,KURUKA
CE_15_KURUKA,Cerrado,5.0,66,66,1.0,KURUKA
CE_15_KURUKA,Cerrado,6.0,66,66,1.0,KURUKA
CE_15_KURUKA,Cerrado,7.0,69,69,1.0,KURUKA
CE_15_KURUKA,Cerrado,8.0,66,66,1.0,KURUKA
CE_15_KURUKA,Cerrado,9.0,68,68,1.0,KURUKA
CE_15_KURUKA,Cerrado,10.0,68,68,1.0,KURUKA
CE_15_KURUKA,Cerrado,11.0,68,68,1.0,KURUKA
CE_15_KURUKA,Cerrado,12.0,65,65,1.0,KURUKA
CE_15_KURUKA,Cerrado,13.0,65,65,1.0,KURUKA
CE_15_KURUKA,Cerrado,14.0,65,65,1.0,KURUKA
CE_15_KURUKA,Cerrado,15.0,65,65,1.0,KURUKA
CE_15_KURUKA,Cerrado,16.0,66,66,1.0,KURUKA
CE_15_KURUKA,Cerrado,17.0,66,66,1.0,KURUKA
CE_15_KURUKA,Cerrado,18.0,70,70,1.0,KURUKA
CE_15_KURUKA,Cerrado,19.0,72,72,1.0,KURUKA
CE_15_KURUKA,Cerrado,20.0,71,71,1.0,KURUKA
CE_15_KURUKA,Cerrado,21.0,69,69,1.0,KURUKA
CE_15_KURUKA,Cerrado,22.0,70,70,1.0,KURUKA
CE_15_KURUKA,Cerrado,23.0,70,70,1.0,KURUKA
CE_17_ARNO,Cerrado,0.0,246,246,1.0,ARNO
CE_17_ARNO,Cerrado,1.0,245,245,1.0,ARNO
CE_17_ARNO,Cerrado,2.0,246,246,1.0,ARNO
CE_17_ARNO,Cerrado,3.0,247,247,1.0,ARNO
CE_17_ARNO,Cerrado,4.0,238,238,1.0,ARNO
CE_17_ARNO,Cerrado,5.0,241,241,1.0,ARNO
CE_17_ARNO,Cerrado,6.0,233,233,1.0,ARNO
CE_17_ARNO,Cerrado,7.0,239,239,1.0,ARNO
CE_17_ARNO,Cerrado,8.0,240,240,1.0,ARNO
CE_17_ARNO,Cerrado,9.0,234,234,1.0,ARNO
CE_17_ARNO,Cerrado,10.0,234,234,1.0,ARNO
CE_17_ARNO,Cerrado,11.0,239,239,1.0,ARNO
CE_17_ARNO,Cerrado,12.0,231,231,1.0,ARNO
CE_17_ARNO,Cerrado,13.0,229,229,1.0,ARNO
CE_17_ARNO,Cerrado,14.0,230,230,1.0,ARNO
CE_17_ARNO,Cerrado,15.0,231,231,1.0,ARNO
CE_17_ARNO,Cerrado,16.0,231,231,1.0,ARNO
CE_17_ARNO,Cerrado,17.0,238,238,1.0,ARNO
CE_17_ARNO,Cerrado,18.0,238,238,1.0,ARNO
CE_17_ARNO,Cerrado,19.0,247,247,1.0,ARNO
CE_17_ARNO,Cerrado,20.0,245,245,1.0,ARNO
CE_17_ARNO,Cerrado,21.0,245,245,1.0,ARNO
CE_17_ARNO,Cerrado,22.0,244,244,1.0,ARNO
CE_17_ARNO,Cerrado,23.0,244,244,1.0,ARNO
CE_21_ZEMARIA,Cerrado,0.0,393,393,1.0,ZEMARIA
CE_21_ZEMARIA,Cerrado,1.0,404,404,1.0,ZEMARIA
CE_21_ZEMARIA,Cerrado,2.0,389,389,1.0,ZEMARIA
CE_21_ZEMARIA,Cerrado,3.0,407,407,1.0,ZEMARIA
CE_21_ZEMARIA,Cerrado,4.0,393,393,1.0,ZEMARIA
CE_21_ZEMARIA,Cerrado,5.0,392,392,1.0,ZEMARIA
CE_21_ZEMARIA,Cerrado,6.0,377,377,1.0,ZEMARIA
CE_21_ZEMARIA,Cerrado,7.0,372,372,1.0,ZEMARIA
CE_21_ZEMARIA,Cerrado,8.0,362,362,1.0,ZEMARIA
CE_21_ZEMARIA,Cerrado,9.0,355,355,1.0,ZEMARIA
CE_21_ZEMARIA,Cerrado,10.0,342,342,1.0,ZEMARIA
CE_21_ZEMARIA,Cerrado,11.0,330,330,1.0,ZEMARIA
CE_21_ZEMARIA,Cerrado,12.0,327,327,1.0,ZEMARIA
CE_21_ZEMARIA,Cerrado,13.0,338,338,1.0,ZEMARIA
CE_21_ZEMARIA,Cerrado,14.0,326,326,1.0,ZEMARIA
CE_21_ZEMARIA,Cerrado,15.0,329,329,1.0,ZEMARIA
CE_21_ZEMARIA,Cerrado,16.0,334,334,1.0,ZEMARIA
CE_21_ZEMARIA,Cerrado,17.0,346,346,1.0,ZEMARIA
CE_21_ZEMARIA,Cerrado,18.0,357,357,1.0,ZEMARIA
CE_21_ZEMARIA,Cerrado,19.0,386,386,1.0,ZEMARIA
CE_21_ZEMARIA,Cerrado,20.0,387,387,1.0,ZEMARIA
CE_21_ZEMARIA,Cerrado,21.0,397,397,1.0,ZEMARIA
CE_21_ZEMARIA,Cerrado,22.0,390,390,1.0,ZEMARIA
CE_21_ZEMARIA,Cerrado,23.0,394,394,1.0,ZEMARIA
CE_22_ZEFA,Cerrado,0.0,80,80,1.0,ZEFA
CE_22_ZEFA,Cerrado,1.0,85,85,1.0,ZEFA
CE_22_ZEFA,Cerrado,2.0,82,82,1.0,ZEFA
CE_22_ZEFA,Cerrado,3.0,84,84,1.0,ZEFA
CE_22_ZEFA,Cerrado,4.0,81,81,1.0,ZEFA
CE_22_ZEFA,Cerrado,5.0,80,80,1.0,ZEFA
CE_22_ZEFA,Cerrado,6.0,79,79,1.0,ZEFA
CE_22_ZEFA,Cerrado,7.0,83,83,1.0,ZEFA
CE_22_ZEFA,Cerrado,8.0,80,80,1.0,ZEFA
CE_22_ZEFA,Cerrado,9.0,85,85,1.0,ZEFA
CE_22_ZEFA,Cerrado,10.0,79,79,1.0,ZEFA
CE_22_ZEFA,Cerrado,11.0,83,83,1.0,ZEFA
CE_22_ZEFA,Cerrado,12.0,78,78,1.0,ZEFA
CE_22_ZEFA,Cerrado,13.0,73,73,1.0,ZEFA
CE_22_ZEFA,Cerrado,14.0,80,80,1.0,ZEFA
CE_22_ZEFA,Cerrado,15.0,80,80,1.0,ZEFA
CE_22_ZEFA,Cerrado,16.0,83,83,1.0,ZEFA
CE_22_ZEFA,Cerrado,17.0,84,84,1.0,ZEFA
CE_22_ZEFA,Cerrado,18.0,85,85,1.0,ZEFA
CE_22_ZEFA,Cerrado,19.0,84,84,1.0,ZEFA
CE_22_ZEFA,Cerrado,20.0,86,86,1.0,ZEFA
CE_22_ZEFA,Cerrado,21.0,83,83,1.0,ZEFA
CE_22_ZEFA,Cerrado,22.0,83,83,1.0,ZEFA
CE_22_ZEFA,Cerrado,23.0,82,82,1.0,ZEFA
CE_23_CARABI,Cerrado,0.0,460,460,1.0,CARABI
CE_23_CARABI,Cerrado,1.0,471,471,1.0,CARABI
CE_23_CARABI,Cerrado,2.0,454,454,1.0,CARABI
CE_23_CARABI,Cerrado,3.0,480,480,1.0,CARABI
CE_23_CARABI,Cerrado,4.0,477,477,1.0,CARABI
CE_23_CARABI,Cerrado,5.0,471,471,1.0,CARABI
CE_23_CARABI,Cerrado,6.0,453,453,1.0,CARABI
CE_23_CARABI,Cerrado,7.0,472,472,1.0,CARABI
CE_23_CARABI,Cerrado,8.0,467,467,1.0,CARABI
CE_23_CARABI,Cerrado,9.0,463,463,1.0,CARABI
CE_23_CARABI,Cerrado,10.0,439,439,1.0,CARABI
CE_23_CARABI,Cerrado,11.0,435,435,1.0,CARABI
CE_23_CARABI,Cerrado,12.0,414,414,1.0,CARABI
CE_23_CARABI,Cerrado,13.0,415,415,1.0,CARABI
CE_23_CARABI,Cerrado,14.0,415,415,1.0,CARABI
CE_23_CARABI,Cerrado,15.0,413,413,1.0,CARABI
CE_23_CARABI,Cerrado,16.0,414,414,1.0,CARABI
CE_23_CARABI,Cerrado,17.0,432,432,1.0,CARABI
CE_23_CARABI,Cerrado,18.0,435,435,1.0,CARABI
CE_23_CARABI,Cerrado,19.0,486,486,1.0,CARABI
CE_23_CARABI,Cerrado,20.0,475,475,1.0,CARABI
CE_23_CARABI,Cerrado,21.0,483,483,1.0,CARABI
CE_23_CARABI,Cerrado,22.0,466,466,1.0,CARABI
CE_23_CARABI,Cerrado,23.0,486,486,1.0,CARABI
CE_25_SEGRE,Cerrado,0.0,453,453,1.0,SEGRE
CE_25_SEGRE,Cerrado,1.0,462,462,1.0,SEGRE
CE_25_SEGRE,Cerrado,2.0,456,456,1.0,SEGRE
CE_25_SEGRE,Cerrado,3.0,463,463,1.0,SEGRE
CE_25_SEGRE,Cerrado,4.0,446,446,1.0,SEGRE
CE_25_SEGRE,Cerrado,5.0,439,439,1.0,SEGRE
CE_25_SEGRE,Cerrado,6.0,428,428,1.0,SEGRE
CE_25_SEGRE,Cerrado,7.0,443,443,1.0,SEGRE
CE_25_SEGRE,Cerrado,8.0,443,443,1.0,SEGRE
CE_25_SEGRE,Cerrado,9.0,443,443,1.0,SEGRE
CE_25_SEGRE,Cerrado,10.0,433,433,1.0,SEGRE
CE_25_SEGRE,Cerrado,11.0,438,438,1.0,SEGRE
CE_25_SEGRE,Cerrado,12.0,429,429,1.0,SEGRE
CE_25_SEGRE,Cerrado,13.0,434,434,1.0,SEGRE
CE_25_SEGRE,Cerrado,14.0,425,425,1.0,SEGRE
CE_25_SEGRE,Cerrado,15.0,426,426,1.0,SEGRE
CE_25_SEGRE,Cerrado,16.0,432,432,1.0,SEGRE
CE_25_SEGRE,Cerrado,17.0,437,437,1.0,SEGRE
CE_25_SEGRE,Cerrado,18.0,448,448,1.0,SEGRE
CE_25_SEGRE,Cerrado,19.0,463,463,1.0,SEGRE
CE_25_SEGRE,Cerrado,20.0,454,454,1.0,SEGRE
CE_25_SEGRE,Cerrado,21.0,456,456,1.0,SEGRE
CE_25_SEGRE,Cerrado,22.0,457,457,1.0,SEGRE
CE_25_SEGRE,Cerrado,23.0,466,466,1.0,SEGRE
CE_27_DONALINA,Cerrado,0.0,41,41,1.0,DONALINA
CE_27_DONALINA,Cerrado,1.0,39,39,1.0,DONALINA
CE_27_DONALINA,Cerrado,2.0,42,42,1.0,DONALINA
CE_27_DONALINA,Cerrado,3.0,39,39,1.0,DONALINA
CE_27_DONALINA,Cerrado,4.0,38,38,1.0,DONALINA
CE_27_DONALINA,Cerrado,5.0,38,38,1.0,DONALINA
CE_27_DONALINA,Cerrado,6.0,40,40,1.0,DONALINA
CE_27_DONALINA,Cerrado,7.0,38,38,1.0,DONALINA
CE_27_DONALINA,Cerrado,8.0,41,41,1.0,DONALINA
CE_27_DONALINA,Cerrado,9.0,39,39,1.0,DONALINA
CE_27_DONALINA,Cerrado,10.0,37,37,1.0,DONALINA
CE_27_DONALINA,Cerrado,11.0,38,38,1.0,DONALINA
CE_27_DONALINA,Cerrado,12.0,36,36,1.0,DONALINA
CE_27_DONALINA,Cerrado,13.0,35,35,1.0,DONALINA
CE_27_DONALINA,Cerrado,14.0,27,27,1.0,DONALINA
CE_27_DONALINA,Cerrado,15.0,29,29,1.0,DONALINA
CE_27_DONALINA,Cerrado,16.0,33,33,1.0,DONALINA
CE_27_DONALINA,Cerrado,17.0,33,33,1.0,DONALINA
CE_27_DONALINA,Cerrado,18.0,41,41,1.0,DONALINA
CE_27_DONALINA,Cerrado,19.0,38,38,1.0,DONALINA
CE_27_DONALINA,Cerrado,20.0,42,42,1.0,DONALINA
CE_27_DONALINA,Cerrado,21.0,40,40,1.0,DONALINA
CE_27_DONALINA,Cerrado,22.0,40,40,1.0,DONALINA
CE_27_DONALINA,Cerrado,23.0,38,38,1.0,DONALINA
CE_28_ZIGGY,Cerrado,0.0,405,405,1.0,ZIGGY
CE_28_ZIGGY,Cerrado,1.0,402,402,1.0,ZIGGY
CE_28_ZIGGY,Cerrado,2.0,410,410,1.0,ZIGGY
CE_28_ZIGGY,Cerrado,3.0,410,410,1.0,ZIGGY
CE_28_ZIGGY,Cerrado,4.0,410,410,1.0,ZIGGY
CE_28_ZIGGY,Cerrado,5.0,403,403,1.0,ZIGGY
CE_28_ZIGGY,Cerrado,6.0,388,388,1.0,ZIGGY
CE_28_ZIGGY,Cerrado,7.0,387,387,1.0,ZIGGY
CE_28_ZIGGY,Cerrado,8.0,387,387,1.0,ZIGGY
CE_28_ZIGGY,Cerrado,9.0,378,378,1.0,ZIGGY
CE_28_ZIGGY,Cerrado,10.0,372,372,1.0,ZIGGY
CE_28_ZIGGY,Cerrado,11.0,375,375,1.0,ZIGGY
CE_28_ZIGGY,Cerrado,12.0,382,382,1.0,ZIGGY
CE_28_ZIGGY,Cerrado,13.0,378,378,1.0,ZIGGY
CE_28_ZIGGY,Cerrado,14.0,384,384,1.0,ZIGGY
CE_28_ZIGGY,Cerrado,15.0,383,383,1.0,ZIGGY
CE_28_ZIGGY,Cerrado,16.0,387,387,1.0,ZIGGY
CE_28_ZIGGY,Cerrado,17.0,401,401,1.0,ZIGGY
CE_28_ZIGGY,Cerrado,18.0,413,413,1.0,ZIGGY
CE_28_ZIGGY,Cerrado,19.0,405,405,1.0,ZIGGY
CE_28_ZIGGY,Cerrado,20.0,406,406,1.0,ZIGGY
CE_28_ZIGGY,Cerrado,21.0,408,408,1.0,ZIGGY
CE_28_ZIGGY,Cerrado,22.0,404,404,1.0,ZIGGY
CE_28_ZIGGY,Cerrado,23.0,402,402,1.0,ZIGGY
CE_31_ANNA,Cerrado,0.0,435,435,1.0,ANNA
CE_31_ANNA,Cerrado,1.0,431,431,1.0,ANNA
CE_31_ANNA,Cerrado,2.0,425,425,1.0,ANNA
CE_31_ANNA,Cerrado,3.0,438,438,1.0,ANNA
CE_31_ANNA,Cerrado,4.0,416,416,1.0,ANNA
CE_31_ANNA,Cerrado,5.0,423,423,1.0,ANNA
CE_31_ANNA,Cerrado,6.0,416,416,1.0,ANNA
CE_31_ANNA,Cerrado,7.0,425,425,1.0,ANNA
CE_31_ANNA,Cerrado,8.0,398,398,1.0,ANNA
CE_31_ANNA,Cerrado,9.0,411,411,1.0,ANNA
CE_31_ANNA,Cerrado,10.0,402,402,1.0,ANNA
CE_31_ANNA,Cerrado,11.0,422,422,1.0,ANNA
CE_31_ANNA,Cerrado,12.0,409,409,1.0,ANNA
CE_31_ANNA,Cerrado,13.0,421,421,1.0,ANNA
CE_31_ANNA,Cerrado,14.0,397,397,1.0,ANNA
CE_31_ANNA,Cerrado,15.0,420,420,1.0,ANNA
CE_31_ANNA,Cerrado,16.0,400,400,1.0,ANNA
CE_31_ANNA,Cerrado,17.0,416,416,1.0,ANNA
CE_31_ANNA,Cerrado,18.0,411,411,1.0,ANNA
CE_31_ANNA,Cerrado,19.0,420,420,1.0,ANNA
CE_31_ANNA,Cerrado,20.0,428,428,1.0,ANNA
CE_31_ANNA,Cerrado,21.0,424,424,1.0,ANNA
CE_31_ANNA,Cerrado,22.0,420,420,1.0,ANNA
CE_31_ANNA,Cerrado,23.0,428,428,1.0,ANNA
CE_34_DONACIDA,Cerrado,0.0,375,375,1.0,DONACIDA
CE_34_DONACIDA,Cerrado,1.0,384,384,1.0,DONACIDA
CE_34_DONACIDA,Cerrado,2.0,380,380,1.0,DONACIDA
CE_34_DONACIDA,Cerrado,3.0,385,385,1.0,DONACIDA
CE_34_DONACIDA,Cerrado,4.0,378,378,1.0,DONACIDA
CE_34_DONACIDA,Cerrado,5.0,376,376,1.0,DONACIDA
CE_34_DONACIDA,Cerrado,6.0,376,376,1.0,DONACIDA
CE_34_DONACIDA,Cerrado,7.0,376,376,1.0,DONACIDA
CE_34_DONACIDA,Cerrado,8.0,374,374,1.0,DONACIDA
CE_34_DONACIDA,Cerrado,9.0,373,373,1.0,DONACIDA
CE_34_DONACIDA,Cerrado,10.0,362,362,1.0,DONACIDA
CE_34_DONACIDA,Cerrado,11.0,358,358,1.0,DONACIDA
CE_34_DONACIDA,Cerrado,12.0,354,354,1.0,DONACIDA
CE_34_DONACIDA,Cerrado,13.0,351,351,1.0,DONACIDA
CE_34_DONACIDA,Cerrado,14.0,341,341,1.0,DONACIDA
CE_34_DONACIDA,Cerrado,15.0,347,347,1.0,DONACIDA
CE_34_DONACIDA,Cerrado,16.0,343,343,1.0,DONACIDA
CE_34_DONACIDA,Cerrado,17.0,359,359,1.0,DONACIDA
CE_34_DONACIDA,Cerrado,18.0,365,365,1.0,DONACIDA
CE_34_DONACIDA,Cerrado,19.0,382,382,1.0,DONACIDA
CE_34_DONACIDA,Cerrado,20.0,382,382,1.0,DONACIDA
CE_34_DONACIDA,Cerrado,21.0,387,387,1.0,DONACIDA
CE_34_DONACIDA,Cerrado,22.0,380,380,1.0,DONACIDA
CE_34_DONACIDA,Cerrado,23.0,380,380,1.0,DONACIDA
PA_03_BANDAID,Pantanal,0.0,12,6,2.0,BANDAID
PA_03_BANDAID,Pantanal,1.0,11,7,1.5714285714285714,BANDAID
PA_03_BANDAID,Pantanal,2.0,9,8,1.125,BANDAID
PA_03_BANDAID,Pantanal,3.0,10,6,1.6666666666666667,BANDAID
PA_03_BANDAID,Pantanal,4.0,14,14,1.0,BANDAID
PA_03_BANDAID,Pantanal,5.0,22,14,1.5714285714285714,BANDAID
PA_03_BANDAID,Pantanal,6.0,12,9,1.3333333333333333,BANDAID
PA_03_BANDAID,Pantanal,7.0,5,5,1.0,BANDAID
PA_03_BANDAID,Pantanal,8.0,8,8,1.0,BANDAID
PA_03_BANDAID,Pantanal,9.0,13,12,1.0833333333333333,BANDAID
PA_03_BANDAID,Pantanal,10.0,5,5,1.0,BANDAID
PA_03_BANDAID,Pantanal,12.0,3,3,1.0,BANDAID
PA_03_BANDAID,Pantanal,13.0,1,1,1.0,BANDAID
PA_03_BANDAID,Pantanal,14.0,1,1,1.0,BANDAID
PA_03_BANDAID,Pantanal,15.0,1,1,1.0,BANDAID
PA_03_BANDAID,Pantanal,16.0,2,2,1.0,BANDAID
PA_03_BANDAID,Pantanal,17.0,2,2,1.0,BANDAID
PA_03_BANDAID,Pantanal,18.0,15,15,1.0,BANDAID
PA_03_BANDAID,Pantanal,19.0,19,11,1.7272727272727273,BANDAID
PA_03_BANDAID,Pantanal,20.0,18,13,1.3846153846153846,BANDAID
PA_03_BANDAID,Pantanal,21.0,18,16,1.125,BANDAID
PA_03_BANDAID,Pantanal,22.0,7,7,1.0,BANDAID
PA_03_BANDAID,Pantanal,23.0,5,5,1.0,BANDAID
PA_05_KELLY,Pantanal,0.0,7,5,1.4,KELLY
PA_05_KELLY,Pantanal,1.0,8,6,1.3333333333333333,KELLY
PA_05_KELLY,Pantanal,2.0,7,6,1.1666666666666667,KELLY
PA_05_KELLY,Pantanal,3.0,10,6,1.6666666666666667,KELLY
PA_05_KELLY,Pantanal,4.0,12,11,1.0909090909090908,KELLY
PA_05_KELLY,Pantanal,5.0,15,9,1.6666666666666667,KELLY
PA_05_KELLY,Pantanal,6.0,15,10,1.5,KELLY
PA_05_KELLY,Pantanal,7.0,5,3,1.6666666666666667,KELLY
PA_05_KELLY,Pantanal,8.0,5,5,1.0,KELLY
PA_05_KELLY,Pantanal,9.0,8,8,1.0,KELLY
PA_05_KELLY,Pantanal,10.0,2,2,1.0,KELLY
PA_05_KELLY,Pantanal,12.0,1,1,1.0,KELLY
PA_05_KELLY,Pantanal,13.0,2,2,1.0,KELLY
PA_05_KELLY,Pantanal,14.0,2,1,2.0,KELLY
PA_05_KELLY,Pantanal,15.0,1,1,1.0,KELLY
PA_05_KELLY,Pantanal,16.0,2,2,1.0,KELLY
PA_05_KELLY,Pantanal,18.0,13,13,1.0,KELLY
PA_05_KELLY,Pantanal,19.0,21,12,1.75,KELLY
PA_05_KELLY,Pantanal,20.0,19,12,1.5833333333333333,KELLY
PA_05_KELLY,Pantanal,21.0,17,13,1.3076923076923077,KELLY
PA_05_KELLY,Pantanal,22.0,11,7,1.5714285714285714,KELLY
PA_05_KELLY,Pantanal,23.0,6,4,1.5,KELLY
PA_08_BENJAMIN,Pantanal,0.0,27,22,1.2272727272727273,BENJAMIN
PA_08_BENJAMIN,Pantanal,1.0,26,23,1.1304347826086956,BENJAMIN
PA_08_BENJAMIN,Pantanal,2.0,26,21,1.2380952380952381,BENJAMIN
PA_08_BENJAMIN,Pantanal,3.0,27,21,1.2857142857142858,BENJAMIN
PA_08_BENJAMIN,Pantanal,4.0,36,32,1.125,BENJAMIN
PA_08_BENJAMIN,Pantanal,5.0,42,32,1.3125,BENJAMIN
PA_08_BENJAMIN,Pantanal,6.0,28,25,1.12,BENJAMIN
PA_08_BENJAMIN,Pantanal,7.0,19,19,1.0,BENJAMIN
PA_08_BENJAMIN,Pantanal,8.0,17,17,1.0,BENJAMIN
PA_08_BENJAMIN,Pantanal,9.0,26,25,1.04,BENJAMIN
PA_08_BENJAMIN,Pantanal,10.0,16,16,1.0,BENJAMIN
PA_08_BENJAMIN,Pantanal,11.0,5,5,1.0,BENJAMIN
PA_08_BENJAMIN,Pantanal,12.0,1,1,1.0,BENJAMIN
PA_08_BENJAMIN,Pantanal,14.0,2,2,1.0,BENJAMIN
PA_08_BENJAMIN,Pantanal,15.0,3,3,1.0,BENJAMIN
PA_08_BENJAMIN,Pantanal,16.0,3,2,1.5,BENJAMIN
PA_08_BENJAMIN,Pantanal,17.0,7,7,1.0,BENJAMIN
PA_08_BENJAMIN,Pantanal,18.0,41,39,1.0512820512820513,BENJAMIN
PA_08_BENJAMIN,Pantanal,19.0,52,40,1.3,BENJAMIN
PA_08_BENJAMIN,Pantanal,20.0,41,32,1.28125,BENJAMIN
PA_08_BENJAMIN,Pantanal,21.0,29,25,1.16,BENJAMIN
PA_08_BENJAMIN,Pantanal,22.0,33,25,1.32,BENJAMIN
PA_08_BENJAMIN,Pantanal,23.0,28,22,1.2727272727272727,BENJAMIN
PA_09_SONIAMADALENA,Pantanal,0.0,32,32,1.0,SONIAMADALENA
PA_09_SONIAMADALENA,Pantanal,1.0,29,29,1.0,SONIAMADALENA
PA_09_SONIAMADALENA,Pantanal,2.0,31,31,1.0,SONIAMADALENA
PA_09_SONIAMADALENA,Pantanal,3.0,21,21,1.0,SONIAMADALENA
PA_09_SONIAMADALENA,Pantanal,4.0,23,23,1.0,SONIAMADALENA
PA_09_SONIAMADALENA,Pantanal,5.0,21,21,1.0,SONIAMADALENA
PA_09_SONIAMADALENA,Pantanal,6.0,24,24,1.0,SONIAMADALENA
PA_09_SONIAMADALENA,Pantanal,7.0,25,25,1.0,SONIAMADALENA
PA_09_SONIAMADALENA,Pantanal,8.0,31,31,1.0,SONIAMADALENA
PA_09_SONIAMADALENA,Pantanal,9.0,28,28,1.0,SONIAMADALENA
PA_09_SONIAMADALENA,Pantanal,10.0,30,30,1.0,SONIAMADALENA
PA_09_SONIAMADALENA,Pantanal,11.0,25,25,1.0,SONIAMADALENA
PA_09_SONIAMADALENA,Pantanal,12.0,33,33,1.0,SONIAMADALENA
PA_09_SONIAMADALENA,Pantanal,13.0,31,31,1.0,SONIAMADALENA
PA_09_SONIAMADALENA,Pantanal,14.0,36,36,1.0,SONIAMADALENA
PA_09_SONIAMADALENA,Pantanal,15.0,29,29,1.0,SONIAMADALENA
PA_09_SONIAMADALENA,Pantanal,16.0,34,34,1.0,SONIAMADALENA
PA_09_SONIAMADALENA,Pantanal,17.0,28,28,1.0,SONIAMADALENA
PA_09_SONIAMADALENA,Pantanal,18.0,34,34,1.0,SONIAMADALENA
PA_09_SONIAMADALENA,Pantanal,19.0,28,28,1.0,SONIAMADALENA
PA_09_SONIAMADALENA,Pantanal,20.0,29,29,1.0,SONIAMADALENA
PA_09_SONIAMADALENA,Pantanal,21.0,21,21,1.0,SONIAMADALENA
PA_09_SONIAMADALENA,Pantanal,22.0,22,22,1.0,SONIAMADALENA
PA_09_SONIAMADALENA,Pantanal,23.0,27,27,1.0,SONIAMADALENA
PA_10_VIVEK,Pantanal,0.0,27,27,1.0,VIVEK
PA_10_VIVEK,Pantanal,1.0,30,26,1.1538461538461537,VIVEK
PA_10_VIVEK,Pantanal,2.0,35,33,1.0606060606060606,VIVEK
PA_10_VIVEK,Pantanal,3.0,35,32,1.09375,VIVEK
PA_10_VIVEK,Pantanal,4.0,58,57,1.0175438596491229,VIVEK
PA_10_VIVEK,Pantanal,5.0,50,48,1.0416666666666667,VIVEK
PA_10_VIVEK,Pantanal,6.0,37,36,1.0277777777777777,VIVEK
PA_10_VIVEK,Pantanal,7.0,22,22,1.0,VIVEK
PA_10_VIVEK,Pantanal,8.0,23,23,1.0,VIVEK
PA_10_VIVEK,Pantanal,9.0,12,12,1.0,VIVEK
PA_10_VIVEK,Pantanal,10.0,3,3,1.0,VIVEK
PA_10_VIVEK,Pantanal,12.0,1,1,1.0,VIVEK
PA_10_VIVEK,Pantanal,14.0,3,3,1.0,VIVEK
PA_10_VIVEK,Pantanal,15.0,4,4,1.0,VIVEK
PA_10_VIVEK,Pantanal,16.0,1,1,1.0,VIVEK
PA_10_VIVEK,Pantanal,17.0,11,10,1.1,VIVEK
PA_10_VIVEK,Pantanal,18.0,74,72,1.0277777777777777,VIVEK
PA_10_VIVEK,Pantanal,19.0,57,56,1.0178571428571428,VIVEK
PA_10_VIVEK,Pantanal,20.0,61,50,1.22,VIVEK
PA_10_VIVEK,Pantanal,21.0,24,24,1.0,VIVEK
PA_10_VIVEK,Pantanal,22.0,48,42,1.1428571428571428,VIVEK
PA_10_VIVEK,Pantanal,23.0,28,25,1.12,VIVEK
PA_11_LUIS,Pantanal,0.0,8,7,1.1428571428571428,LUIS
PA_11_LUIS,Pantanal,1.0,6,5,1.2,LUIS
PA_11_LUIS,Pantanal,2.0,3,3,1.0,LUIS
PA_11_LUIS,Pantanal,3.0,5,5,1.0,LUIS
PA_11_LUIS,Pantanal,4.0,19,16,1.1875,LUIS
PA_11_LUIS,Pantanal,5.0,19,13,1.4615384615384615,LUIS
PA_11_LUIS,Pantanal,6.0,14,12,1.1666666666666667,LUIS
PA_11_LUIS,Pantanal,7.0,6,6,1.0,LUIS
PA_11_LUIS,Pantanal,8.0,18,18,1.0,LUIS
PA_11_LUIS,Pantanal,9.0,14,14,1.0,LUIS
PA_11_LUIS,Pantanal,10.0,18,18,1.0,LUIS
PA_11_LUIS,Pantanal,11.0,1,1,1.0,LUIS
PA_11_LUIS,Pantanal,15.0,2,2,1.0,LUIS
PA_11_LUIS,Pantanal,18.0,11,10,1.1,LUIS
PA_11_LUIS,Pantanal,19.0,12,9,1.3333333333333333,LUIS
PA_11_LUIS,Pantanal,20.0,10,8,1.25,LUIS
PA_11_LUIS,Pantanal,21.0,16,16,1.0,LUIS
PA_11_LUIS,Pantanal,22.0,6,6,1.0,LUIS
PA_11_LUIS,Pantanal,23.0,7,6,1.1666666666666667,LUIS
PA_12_FELIPPE,Pantanal,0.0,3,3,1.0,FELIPPE
PA_12_FELIPPE,Pantanal,1.0,5,3,1.6666666666666667,FELIPPE
PA_12_FELIPPE,Pantanal,2.0,2,2,1.0,FELIPPE
PA_12_FELIPPE,Pantanal,3.0,8,5,1.6,FELIPPE
PA_12_FELIPPE,Pantanal,4.0,4,4,1.0,FELIPPE
PA_12_FELIPPE,Pantanal,5.0,4,4,1.0,FELIPPE
PA_12_FELIPPE,Pantanal,6.0,1,1,1.0,FELIPPE
PA_12_FELIPPE,Pantanal,7.0,1,1,1.0,FELIPPE
PA_12_FELIPPE,Pantanal,8.0,12,12,1.0,FELIPPE
PA_12_FELIPPE,Pantanal,9.0,8,8,1.0,FELIPPE
PA_12_FELIPPE,Pantanal,10.0,3,3,1.0,FELIPPE
PA_12_FELIPPE,Pantanal,11.0,2,2,1.0,FELIPPE
PA_12_FELIPPE,Pantanal,12.0,1,1,1.0,FELIPPE
PA_12_FELIPPE,Pantanal,15.0,1,1,1.0,FELIPPE
PA_12_FELIPPE,Pantanal,18.0,4,4,1.0,FELIPPE
PA_12_FELIPPE,Pantanal,19.0,4,4,1.0,FELIPPE
PA_12_FELIPPE,Pantanal,20.0,3,2,1.5,FELIPPE
PA_12_FELIPPE,Pantanal,21.0,3,3,1.0,FELIPPE
PA_12_FELIPPE,Pantanal,22.0,2,2,1.0,FELIPPE
PA_12_FELIPPE,Pantanal,23.0,4,3,1.3333333333333333,FELIPPE
PA_13_RITA,Pantanal,0.0,23,23,1.0,RITA
PA_13_RITA,Pantanal,1.0,26,26,1.0,RITA
PA_13_RITA,Pantanal,2.0,29,29,1.0,RITA
PA_13_RITA,Pantanal,3.0,20,20,1.0,RITA
PA_13_RITA,Pantanal,4.0,22,22,1.0,RITA
PA_13_RITA,Pantanal,5.0,22,22,1.0,RITA
PA_13_RITA,Pantanal,6.0,28,28,1.0,RITA
PA_13_RITA,Pantanal,7.0,24,24,1.0,RITA
PA_13_RITA,Pantanal,8.0,22,22,1.0,RITA
PA_13_RITA,Pantanal,9.0,27,27,1.0,RITA
PA_13_RITA,Pantanal,10.0,32,32,1.0,RITA
PA_13_RITA,Pantanal,11.0,21,21,1.0,RITA
PA_13_RITA,Pantanal,12.0,28,28,1.0,RITA
PA_13_RITA,Pantanal,13.0,24,24,1.0,RITA
PA_13_RITA,Pantanal,14.0,25,25,1.0,RITA
PA_13_RITA,Pantanal,15.0,23,23,1.0,RITA
PA_13_RITA,Pantanal,16.0,30,30,1.0,RITA
PA_13_RITA,Pantanal,17.0,34,34,1.0,RITA
PA_13_RITA,Pantanal,18.0,36,35,1.0285714285714285,RITA
PA_13_RITA,Pantanal,19.0,26,26,1.0,RITA
PA_13_RITA,Pantanal,20.0,29,29,1.0,RITA
PA_13_RITA,Pantanal,21.0,22,22,1.0,RITA
PA_13_RITA,Pantanal,22.0,30,30,1.0,RITA
PA_13_RITA,Pantanal,23.0,29,29,1.0,RITA
PA_15_MORENA,Pantanal,0.0,158,158,1.0,MORENA
PA_15_MORENA,Pantanal,1.0,144,144,1.0,MORENA
PA_15_MORENA,Pantanal,2.0,161,160,1.00625,MORENA
PA_15_MORENA,Pantanal,3.0,146,146,1.0,MORENA
PA_15_MORENA,Pantanal,4.0,158,157,1.0063694267515924,MORENA
PA_15_MORENA,Pantanal,5.0,122,122,1.0,MORENA
PA_15_MORENA,Pantanal,6.0,154,154,1.0,MORENA
PA_15_MORENA,Pantanal,7.0,142,142,1.0,MORENA
PA_15_MORENA,Pantanal,8.0,184,180,1.0222222222222221,MORENA
PA_15_MORENA,Pantanal,9.0,195,193,1.0103626943005182,MORENA
PA_15_MORENA,Pantanal,10.0,218,216,1.0092592592592593,MORENA
PA_15_MORENA,Pantanal,11.0,220,218,1.0091743119266054,MORENA
PA_15_MORENA,Pantanal,12.0,227,225,1.008888888888889,MORENA
PA_15_MORENA,Pantanal,13.0,218,218,1.0,MORENA
PA_15_MORENA,Pantanal,14.0,226,225,1.0044444444444445,MORENA
PA_15_MORENA,Pantanal,15.0,205,204,1.0049019607843137,MORENA
PA_15_MORENA,Pantanal,16.0,214,213,1.0046948356807512,MORENA
PA_15_MORENA,Pantanal,17.0,212,211,1.004739336492891,MORENA
PA_15_MORENA,Pantanal,18.0,210,209,1.0047846889952152,MORENA
PA_15_MORENA,Pantanal,19.0,179,179,1.0,MORENA
PA_15_MORENA,Pantanal,20.0,178,177,1.0056497175141244,MORENA
PA_15_MORENA,Pantanal,21.0,119,117,1.017094017094017,MORENA
PA_15_MORENA,Pantanal,22.0,151,149,1.0134228187919463,MORENA
PA_15_MORENA,Pantanal,23.0,122,122,1.0,MORENA
PA_16_DORA,Pantanal,0.0,18,17,1.0588235294117647,DORA
PA_16_DORA,Pantanal,1.0,18,15,1.2,DORA
PA_16_DORA,Pantanal,2.0,20,18,1.1111111111111112,DORA
PA_16_DORA,Pantanal,3.0,15,14,1.0714285714285714,DORA
PA_16_DORA,Pantanal,4.0,28,28,1.0,DORA
PA_16_DORA,Pantanal,5.0,23,21,1.0952380952380953,DORA
PA_16_DORA,Pantanal,6.0,15,15,1.0,DORA
PA_16_DORA,Pantanal,7.0,13,13,1.0,DORA
PA_16_DORA,Pantanal,8.0,22,22,1.0,DORA
PA_16_DORA,Pantanal,9.0,10,10,1.0,DORA
PA_16_DORA,Pantanal,10.0,4,4,1.0,DORA
PA_16_DORA,Pantanal,14.0,1,1,1.0,DORA
PA_16_DORA,Pantanal,15.0,1,1,1.0,DORA
PA_16_DORA,Pantanal,16.0,3,3,1.0,DORA
PA_16_DORA,Pantanal,17.0,11,11,1.0,DORA
PA_16_DORA,Pantanal,18.0,42,41,1.024390243902439,DORA
PA_16_DORA,Pantanal,19.0,35,35,1.0,DORA
PA_16_DORA,Pantanal,20.0,35,33,1.0606060606060606,DORA
PA_16_DORA,Pantanal,21.0,29,29,1.0,DORA
PA_16_DORA,Pantanal,22.0,12,11,1.0909090909090908,DORA
PA_16_DORA,Pantanal,23.0,22,19,1.1578947368421053,DORA
PA_18_NIC,Pantanal,0.0,12,12,1.0,NIC
PA_18_NIC,Pantanal,1.0,12,11,1.0909090909090908,NIC
PA_18_NIC,Pantanal,2.0,15,15,1.0,NIC
PA_18_NIC,Pantanal,3.0,13,12,1.0833333333333333,NIC
PA_18_NIC,Pantanal,4.0,22,22,1.0,NIC
PA_18_NIC,Pantanal,5.0,20,20,1.0,NIC
PA_18_NIC,Pantanal,6.0,14,12,1.1666666666666667,NIC
PA_18_NIC,Pantanal,7.0,18,18,1.0,NIC
PA_18_NIC,Pantanal,8.0,15,15,1.0,NIC
PA_18_NIC,Pantanal,9.0,7,7,1.0,NIC
PA_18_NIC,Pantanal,10.0,2,2,1.0,NIC
PA_18_NIC,Pantanal,17.0,5,5,1.0,NIC
PA_18_NIC,Pantanal,18.0,40,40,1.0,NIC
PA_18_NIC,Pantanal,19.0,30,28,1.0714285714285714,NIC
PA_18_NIC,Pantanal,20.0,24,21,1.1428571428571428,NIC
PA_18_NIC,Pantanal,21.0,7,7,1.0,NIC
PA_18_NIC,Pantanal,22.0,16,12,1.3333333333333333,NIC
PA_18_NIC,Pantanal,23.0,13,13,1.0,NIC
PA_19_SERGIAO,Pantanal,0.0,536,536,1.0,SERGIAO
PA_19_SERGIAO,Pantanal,1.0,540,540,1.0,SERGIAO
PA_19_SERGIAO,Pantanal,2.0,538,538,1.0,SERGIAO
PA_19_SERGIAO,Pantanal,3.0,547,547,1.0,SERGIAO
PA_19_SERGIAO,Pantanal,4.0,553,553,1.0,SERGIAO
PA_19_SERGIAO,Pantanal,5.0,524,524,1.0,SERGIAO
PA_19_SERGIAO,Pantanal,6.0,486,486,1.0,SERGIAO
PA_19_SERGIAO,Pantanal,7.0,469,469,1.0,SERGIAO
PA_19_SERGIAO,Pantanal,8.0,472,472,1.0,SERGIAO
PA_19_SERGIAO,Pantanal,9.0,497,497,1.0,SERGIAO
PA_19_SERGIAO,Pantanal,10.0,493,493,1.0,SERGIAO
PA_19_SERGIAO,Pantanal,11.0,495,495,1.0,SERGIAO
PA_19_SERGIAO,Pantanal,12.0,492,492,1.0,SERGIAO
PA_19_SERGIAO,Pantanal,13.0,479,479,1.0,SERGIAO
PA_19_SERGIAO,Pantanal,14.0,472,472,1.0,SERGIAO
PA_19_SERGIAO,Pantanal,15.0,467,467,1.0,SERGIAO
PA_19_SERGIAO,Pantanal,16.0,459,459,1.0,SERGIAO
PA_19_SERGIAO,Pantanal,17.0,462,462,1.0,SERGIAO
PA_19_SERGIAO,Pantanal,18.0,504,504,1.0,SERGIAO
PA_19_SERGIAO,Pantanal,19.0,549,549,1.0,SERGIAO
PA_19_SERGIAO,Pantanal,20.0,544,544,1.0,SERGIAO
PA_19_SERGIAO,Pantanal,21.0,536,536,1.0,SERGIAO
PA_19_SERGIAO,Pantanal,22.0,530,530,1.0,SERGIAO
PA_19_SERGIAO,Pantanal,23.0,537,537,1.0,SERGIAO
PA_20_SY,Pantanal,0.0,57,57,1.0,SY
PA_20_SY,Pantanal,1.0,54,54,1.0,SY
PA_20_SY,Pantanal,2.0,54,54,1.0,SY
PA_20_SY,Pantanal,3.0,56,56,1.0,SY
PA_20_SY,Pantanal,4.0,56,56,1.0,SY
PA_20_SY,Pantanal,5.0,54,54,1.0,SY
PA_20_SY,Pantanal,6.0,51,51,1.0,SY
PA_20_SY,Pantanal,7.0,53,53,1.0,SY
PA_20_SY,Pantanal,8.0,56,56,1.0,SY
PA_20_SY,Pantanal,9.0,50,50,1.0,SY
PA_20_SY,Pantanal,10.0,52,52,1.0,SY
PA_20_SY,Pantanal,11.0,57,57,1.0,SY
PA_20_SY,Pantanal,12.0,57,57,1.0,SY
PA_20_SY,Pantanal,13.0,56,56,1.0,SY
PA_20_SY,Pantanal,14.0,55,55,1.0,SY
PA_20_SY,Pantanal,15.0,54,54,1.0,SY
PA_20_SY,Pantanal,16.0,56,56,1.0,SY
PA_20_SY,Pantanal,17.0,58,58,1.0,SY
PA_20_SY,Pantanal,18.0,54,54,1.0,SY
PA_20_SY,Pantanal,19.0,57,57,1.0,SY
PA_20_SY,Pantanal,20.0,55,55,1.0,SY
PA_20_SY,Pantanal,21.0,57,57,1.0,SY
PA_20_SY,Pantanal,22.0,58,58,1.0,SY
PA_20_SY,Pantanal,23.0,55,55,1.0,SY
PA_21_CAIO,Pantanal,0.0,6,6,1.0,CAIO
PA_21_CAIO,Pantanal,1.0,10,9,1.1111111111111112,CAIO
PA_21_CAIO,Pantanal,2.0,6,6,1.0,CAIO
PA_21_CAIO,Pantanal,3.0,10,7,1.4285714285714286,CAIO
PA_21_CAIO,Pantanal,4.0,8,8,1.0,CAIO
PA_21_CAIO,Pantanal,5.0,9,9,1.0,CAIO
PA_21_CAIO,Pantanal,6.0,12,12,1.0,CAIO
PA_21_CAIO,Pantanal,7.0,11,11,1.0,CAIO
PA_21_CAIO,Pantanal,8.0,5,5,1.0,CAIO
PA_21_CAIO,Pantanal,9.0,7,7,1.0,CAIO
PA_21_CAIO,Pantanal,10.0,4,4,1.0,CAIO
PA_21_CAIO,Pantanal,11.0,1,1,1.0,CAIO
PA_21_CAIO,Pantanal,14.0,2,2,1.0,CAIO
PA_21_CAIO,Pantanal,16.0,4,4,1.0,CAIO
PA_21_CAIO,Pantanal,17.0,2,2,1.0,CAIO
PA_21_CAIO,Pantanal,18.0,20,20,1.0,CAIO
PA_21_CAIO,Pantanal,19.0,18,17,1.0588235294117647,CAIO
PA_21_CAIO,Pantanal,20.0,22,19,1.1578947368421053,CAIO
PA_21_CAIO,Pantanal,21.0,4,4,1.0,CAIO
PA_21_CAIO,Pantanal,22.0,12,9,1.3333333333333333,CAIO
PA_21_CAIO,Pantanal,23.0,9,8,1.125,CAIO
PA_22_EMILIO,Pantanal,0.0,3,2,1.5,EMILIO
PA_22_EMILIO,Pantanal,1.0,4,3,1.3333333333333333,EMILIO
PA_22_EMILIO,Pantanal,2.0,3,3,1.0,EMILIO
PA_22_EMILIO,Pantanal,3.0,5,4,1.25,EMILIO
PA_22_EMILIO,Pantanal,4.0,3,3,1.0,EMILIO
PA_22_EMILIO,Pantanal,5.0,2,2,1.0,EMILIO
PA_22_EMILIO,Pantanal,6.0,12,12,1.0,EMILIO
PA_22_EMILIO,Pantanal,7.0,3,3,1.0,EMILIO
PA_22_EMILIO,Pantanal,8.0,1,1,1.0,EMILIO
PA_22_EMILIO,Pantanal,9.0,1,1,1.0,EMILIO
PA_22_EMILIO,Pantanal,10.0,4,4,1.0,EMILIO
PA_22_EMILIO,Pantanal,17.0,2,2,1.0,EMILIO
PA_22_EMILIO,Pantanal,18.0,5,5,1.0,EMILIO
PA_22_EMILIO,Pantanal,19.0,6,5,1.2,EMILIO
PA_22_EMILIO,Pantanal,20.0,3,3,1.0,EMILIO
PA_22_EMILIO,Pantanal,21.0,4,4,1.0,EMILIO
PA_22_EMILIO,Pantanal,22.0,3,3,1.0,EMILIO
PA_22_EMILIO,Pantanal,23.0,3,2,1.5,EMILIO
PA_23_RICK,Pantanal,0.0,17,16,1.0625,RICK
PA_23_RICK,Pantanal,1.0,27,25,1.08,RICK
PA_23_RICK,Pantanal,2.0,25,24,1.0416666666666667,RICK
PA_23_RICK,Pantanal,3.0,26,25,1.04,RICK
PA_23_RICK,Pantanal,4.0,44,43,1.0232558139534884,RICK
PA_23_RICK,Pantanal,5.0,45,43,1.0465116279069768,RICK
PA_23_RICK,Pantanal,6.0,32,28,1.1428571428571428,RICK
PA_23_RICK,Pantanal,7.0,12,12,1.0,RICK
PA_23_RICK,Pantanal,8.0,7,7,1.0,RICK
PA_23_RICK,Pantanal,9.0,14,14,1.0,RICK
PA_23_RICK,Pantanal,10.0,8,8,1.0,RICK
PA_23_RICK,Pantanal,11.0,1,1,1.0,RICK
PA_23_RICK,Pantanal,12.0,1,1,1.0,RICK
PA_23_RICK,Pantanal,14.0,2,2,1.0,RICK
PA_23_RICK,Pantanal,15.0,1,1,1.0,RICK
PA_23_RICK,Pantanal,16.0,2,2,1.0,RICK
PA_23_RICK,Pantanal,17.0,18,18,1.0,RICK
PA_23_RICK,Pantanal,18.0,60,59,1.0169491525423728,RICK
PA_23_RICK,Pantanal,19.0,65,64,1.015625,RICK
PA_23_RICK,Pantanal,20.0,47,41,1.146341463414634,RICK
PA_23_RICK,Pantanal,21.0,35,35,1.0,RICK
PA_23_RICK,Pantanal,22.0,25,23,1.0869565217391304,RICK
PA_23_RICK,Pantanal,23.0,31,27,1.1481481481481481,RICK
PA_24_LESLIE,Pantanal,0.0,13,13,1.0,LESLIE
PA_24_LESLIE,Pantanal,1.0,17,16,1.0625,LESLIE
PA_24_LESLIE,Pantanal,2.0,17,16,1.0625,LESLIE
PA_24_LESLIE,Pantanal,3.0,18,17,1.0588235294117647,LESLIE
PA_24_LESLIE,Pantanal,4.0,23,23,1.0,LESLIE
PA_24_LESLIE,Pantanal,5.0,28,26,1.0769230769230769,LESLIE
PA_24_LESLIE,Pantanal,6.0,17,15,1.1333333333333333,LESLIE
PA_24_LESLIE,Pantanal,7.0,9,9,1.0,LESLIE
PA_24_LESLIE,Pantanal,8.0,6,6,1.0,LESLIE
PA_24_LESLIE,Pantanal,9.0,5,5,1.0,LESLIE
PA_24_LESLIE,Pantanal,10.0,5,5,1.0,LESLIE
PA_24_LESLIE,Pantanal,11.0,2,2,1.0,LESLIE
PA_24_LESLIE,Pantanal,15.0,1,1,1.0,LESLIE
PA_24_LESLIE,Pantanal,16.0,2,2,1.0,LESLIE
PA_24_LESLIE,Pantanal,17.0,12,12,1.0,LESLIE
PA_24_LESLIE,Pantanal,18.0,34,34,1.0,LESLIE
PA_24_LESLIE,Pantanal,19.0,35,34,1.0294117647058822,LESLIE
PA_24_LESLIE,Pantanal,20.0,34,33,1.0303030303030303,LESLIE
PA_24_LESLIE,Pantanal,21.0,26,26,1.0,LESLIE
PA_24_LESLIE,Pantanal,22.0,10,10,1.0,LESLIE
PA_24_LESLIE,Pantanal,23.0,19,18,1.0555555555555556,LESLIE
PA_26_SACHIN,Pantanal,0.0,13,13,1.0,SACHIN
PA_26_SACHIN,Pantanal,1.0,17,16,1.0625,SACHIN
PA_26_SACHIN,Pantanal,2.0,18,16,1.125,SACHIN
PA_26_SACHIN,Pantanal,3.0,16,15,1.0666666666666667,SACHIN
PA_26_SACHIN,Pantanal,4.0,18,18,1.0,SACHIN
PA_26_SACHIN,Pantanal,5.0,28,25,1.12,SACHIN
PA_26_SACHIN,Pantanal,6.0,27,26,1.0384615384615385,SACHIN
PA_26_SACHIN,Pantanal,7.0,20,20,1.0,SACHIN
PA_26_SACHIN,Pantanal,8.0,7,7,1.0,SACHIN
PA_26_SACHIN,Pantanal,9.0,8,8,1.0,SACHIN
PA_26_SACHIN,Pantanal,10.0,1,1,1.0,SACHIN
PA_26_SACHIN,Pantanal,14.0,1,1,1.0,SACHIN
PA_26_SACHIN,Pantanal,17.0,3,3,1.0,SACHIN
PA_26_SACHIN,Pantanal,18.0,36,36,1.0,SACHIN
PA_26_SACHIN,Pantanal,19.0,38,37,1.027027027027027,SACHIN
PA_26_SACHIN,Pantanal,20.0,24,21,1.1428571428571428,SACHIN
PA_26_SACHIN,Pantanal,21.0,13,13,1.0,SACHIN
PA_26_SACHIN,Pantanal,22.0,21,17,1.2352941176470589,SACHIN
PA_26_SACHIN,Pantanal,23.0,16,11,1.4545454545454546,SACHIN
PA_28_DUDA,Pantanal,0.0,479,479,1.0,DUDA
PA_28_DUDA,Pantanal,1.0,531,531,1.0,DUDA
PA_28_DUDA,Pantanal,2.0,485,485,1.0,DUDA
PA_28_DUDA,Pantanal,3.0,554,554,1.0,DUDA
PA_28_DUDA,Pantanal,4.0,471,471,1.0,DUDA
PA_28_DUDA,Pantanal,5.0,515,515,1.0,DUDA
PA_28_DUDA,Pantanal,6.0,483,483,1.0,DUDA
PA_28_DUDA,Pantanal,7.0,497,497,1.0,DUDA
PA_28_DUDA,Pantanal,8.0,499,499,1.0,DUDA
PA_28_DUDA,Pantanal,9.0,511,511,1.0,DUDA
PA_28_DUDA,Pantanal,10.0,467,467,1.0,DUDA
PA_28_DUDA,Pantanal,11.0,472,472,1.0,DUDA
PA_28_DUDA,Pantanal,12.0,435,435,1.0,DUDA
PA_28_DUDA,Pantanal,13.0,456,456,1.0,DUDA
PA_28_DUDA,Pantanal,14.0,423,423,1.0,DUDA
PA_28_DUDA,Pantanal,15.0,462,462,1.0,DUDA
PA_28_DUDA,Pantanal,16.0,456,456,1.0,DUDA
PA_28_DUDA,Pantanal,17.0,498,498,1.0,DUDA
PA_28_DUDA,Pantanal,18.0,492,492,1.0,DUDA
PA_28_DUDA,Pantanal,19.0,553,553,1.0,DUDA
PA_28_DUDA,Pantanal,20.0,467,467,1.0,DUDA
PA_28_DUDA,Pantanal,21.0,521,521,1.0,DUDA
PA_28_DUDA,Pantanal,22.0,499,499,1.0,DUDA
PA_28_DUDA,Pantanal,23.0,540,540,1.0,DUDA
PA_29_KARIN,Pantanal,0.0,7,7,1.0,KARIN
PA_29_KARIN,Pantanal,1.0,8,8,1.0,KARIN
PA_29_KARIN,Pantanal,2.0,9,8,1.125,KARIN
PA_29_KARIN,Pantanal,3.0,5,5,1.0,KARIN
PA_29_KARIN,Pantanal,4.0,8,8,1.0,KARIN
PA_29_KARIN,Pantanal,5.0,15,14,1.0714285714285714,KARIN
PA_29_KARIN,Pantanal,6.0,7,7,1.0,KARIN
PA_29_KARIN,Pantanal,7.0,4,4,1.0,KARIN
PA_29_KARIN,Pantanal,8.0,5,5,1.0,KARIN
PA_29_KARIN,Pantanal,9.0,12,12,1.0,KARIN
PA_29_KARIN,Pantanal,10.0,1,1,1.0,KARIN
PA_29_KARIN,Pantanal,12.0,1,1,1.0,KARIN
PA_29_KARIN,Pantanal,16.0,3,3,1.0,KARIN
PA_29_KARIN,Pantanal,17.0,5,5,1.0,KARIN
PA_29_KARIN,Pantanal,18.0,12,12,1.0,KARIN
PA_29_KARIN,Pantanal,19.0,14,12,1.1666666666666667,KARIN
PA_29_KARIN,Pantanal,20.0,13,10,1.3,KARIN
PA_29_KARIN,Pantanal,21.0,5,5,1.0,KARIN
PA_29_KARIN,Pantanal,22.0,10,10,1.0,KARIN
PA_29_KARIN,Pantanal,23.0,3,3,1.0,KARIN
PA_30_NELSAO,Pantanal,0.0,12,12,1.0,NELSAO
PA_30_NELSAO,Pantanal,1.0,11,11,1.0,NELSAO
PA_30_NELSAO,Pantanal,2.0,14,13,1.0769230769230769,NELSAO
PA_30_NELSAO,Pantanal,3.0,10,10,1.0,NELSAO
PA_30_NELSAO,Pantanal,4.0,28,27,1.037037037037037,NELSAO
PA_30_NELSAO,Pantanal,5.0,21,20,1.05,NELSAO
PA_30_NELSAO,Pantanal,6.0,8,8,1.0,NELSAO
PA_30_NELSAO,Pantanal,7.0,4,4,1.0,NELSAO
PA_30_NELSAO,Pantanal,8.0,8,8,1.0,NELSAO
PA_30_NELSAO,Pantanal,9.0,3,3,1.0,NELSAO
PA_30_NELSAO,Pantanal,10.0,1,1,1.0,NELSAO
PA_30_NELSAO,Pantanal,16.0,4,4,1.0,NELSAO
PA_30_NELSAO,Pantanal,17.0,17,17,1.0,NELSAO
PA_30_NELSAO,Pantanal,18.0,34,33,1.0303030303030303,NELSAO
PA_30_NELSAO,Pantanal,19.0,33,33,1.0,NELSAO
PA_30_NELSAO,Pantanal,20.0,33,31,1.064516129032258,NELSAO
PA_30_NELSAO,Pantanal,21.0,24,24,1.0,NELSAO
PA_30_NELSAO,Pantanal,22.0,11,11,1.0,NELSAO
PA_30_NELSAO,Pantanal,23.0,17,15,1.1333333333333333,NELSAO
PA_31_JORDANO,Pantanal,0.0,17,17,1.0,JORDANO
PA_31_JORDANO,Pantanal,1.0,16,16,1.0,JORDANO
PA_31_JORDANO,Pantanal,2.0,18,17,1.0588235294117647,JORDANO
PA_31_JORDANO,Pantanal,3.0,20,19,1.0526315789473684,JORDANO
PA_31_JORDANO,Pantanal,4.0,22,21,1.0476190476190477,JORDANO
PA_31_JORDANO,Pantanal,5.0,22,20,1.1,JORDANO
PA_31_JORDANO,Pantanal,6.0,19,17,1.1176470588235294,JORDANO
PA_31_JORDANO,Pantanal,7.0,8,8,1.0,JORDANO
PA_31_JORDANO,Pantanal,8.0,7,7,1.0,JORDANO
PA_31_JORDANO,Pantanal,9.0,13,13,1.0,JORDANO
PA_31_JORDANO,Pantanal,10.0,4,4,1.0,JORDANO
PA_31_JORDANO,Pantanal,12.0,1,1,1.0,JORDANO
PA_31_JORDANO,Pantanal,13.0,2,2,1.0,JORDANO
PA_31_JORDANO,Pantanal,14.0,1,1,1.0,JORDANO
PA_31_JORDANO,Pantanal,15.0,5,4,1.25,JORDANO
PA_31_JORDANO,Pantanal,16.0,5,5,1.0,JORDANO
PA_31_JORDANO,Pantanal,17.0,10,10,1.0,JORDANO
PA_31_JORDANO,Pantanal,18.0,36,36,1.0,JORDANO
PA_31_JORDANO,Pantanal,19.0,41,37,1.1081081081081081,JORDANO
PA_31_JORDANO,Pantanal,20.0,33,27,1.2222222222222223,JORDANO
PA_31_JORDANO,Pantanal,21.0,14,14,1.0,JORDANO
PA_31_JORDANO,Pantanal,22.0,22,21,1.0476190476190477,JORDANO
PA_31_JORDANO,Pantanal,23.0,24,21,1.1428571428571428,JORDANO
PA_33_GABRIELA,Pantanal,0.0,23,23,1.0,GABRIELA
PA_33_GABRIELA,Pantanal,1.0,24,24,1.0,GABRIELA
PA_33_GABRIELA,Pantanal,2.0,24,24,1.0,GABRIELA
PA_33_GABRIELA,Pantanal,3.0,28,28,1.0,GABRIELA
PA_33_GABRIELA,Pantanal,4.0,34,34,1.0,GABRIELA
PA_33_GABRIELA,Pantanal,5.0,32,32,1.0,GABRIELA
PA_33_GABRIELA,Pantanal,6.0,28,28,1.0,GABRIELA
PA_33_GABRIELA,Pantanal,7.0,25,25,1.0,GABRIELA
PA_33_GABRIELA,Pantanal,8.0,20,20,1.0,GABRIELA
PA_33_GABRIELA,Pantanal,9.0,30,30,1.0,GABRIELA
PA_33_GABRIELA,Pantanal,10.0,27,27,1.0,GABRIELA
PA_33_GABRIELA,Pantanal,11.0,34,34,1.0,GABRIELA
PA_33_GABRIELA,Pantanal,12.0,30,30,1.0,GABRIELA
PA_33_GABRIELA,Pantanal,13.0,36,36,1.0,GABRIELA
PA_33_GABRIELA,Pantanal,14.0,32,32,1.0,GABRIELA
PA_33_GABRIELA,Pantanal,15.0,36,36,1.0,GABRIELA
PA_33_GABRIELA,Pantanal,16.0,32,32,1.0,GABRIELA
PA_33_GABRIELA,Pantanal,17.0,34,34,1.0,GABRIELA
PA_33_GABRIELA,Pantanal,18.0,36,36,1.0,GABRIELA
PA_33_GABRIELA,Pantanal,19.0,37,37,1.0,GABRIELA
PA_33_GABRIELA,Pantanal,20.0,35,35,1.0,GABRIELA
PA_33_GABRIELA,Pantanal,21.0,30,30,1.0,GABRIELA
PA_33_GABRIELA,Pantanal,22.0,26,26,1.0,GABRIELA
PA_33_GABRIELA,Pantanal,23.0,29,29,1.0,GABRIELA
PA_34_CARIJO,Pantanal,0.0,429,429,1.0,CARIJO
PA_34_CARIJO,Pantanal,1.0,477,477,1.0,CARIJO
PA_34_CARIJO,Pantanal,2.0,451,451,1.0,CARIJO
PA_34_CARIJO,Pantanal,3.0,473,473,1.0,CARIJO
PA_34_CARIJO,Pantanal,4.0,425,425,1.0,CARIJO
PA_34_CARIJO,Pantanal,5.0,467,467,1.0,CARIJO
PA_34_CARIJO,Pantanal,6.0,395,395,1.0,CARIJO
PA_34_CARIJO,Pantanal,7.0,459,459,1.0,CARIJO
PA_34_CARIJO,Pantanal,8.0,447,447,1.0,CARIJO
PA_34_CARIJO,Pantanal,9.0,482,482,1.0,CARIJO
PA_34_CARIJO,Pantanal,10.0,450,450,1.0,CARIJO
PA_34_CARIJO,Pantanal,11.0,482,482,1.0,CARIJO
PA_34_CARIJO,Pantanal,12.0,452,452,1.0,CARIJO
PA_34_CARIJO,Pantanal,13.0,464,464,1.0,CARIJO
PA_34_CARIJO,Pantanal,14.0,420,420,1.0,CARIJO
PA_34_CARIJO,Pantanal,15.0,459,459,1.0,CARIJO
PA_34_CARIJO,Pantanal,16.0,428,428,1.0,CARIJO
PA_34_CARIJO,Pantanal,17.0,477,477,1.0,CARIJO
PA_34_CARIJO,Pantanal,18.0,420,420,1.0,CARIJO
PA_34_CARIJO,Pantanal,19.0,500,500,1.0,CARIJO
PA_34_CARIJO,Pantanal,20.0,409,409,1.0,CARIJO
PA_34_CARIJO,Pantanal,21.0,456,456,1.0,CARIJO
PA_34_CARIJO,Pantanal,22.0,426,426,1.0,CARIJO
PA_34_CARIJO,Pantanal,23.0,471,471,1.0,CARIJO
PA_36_MICHELE,Pantanal,0.0,41,41,1.0,MICHELE
PA_36_MICHELE,Pantanal,1.0,43,43,1.0,MICHELE
PA_36_MICHELE,Pantanal,2.0,47,47,1.0,MICHELE
PA_36_MICHELE,Pantanal,3.0,43,43,1.0,MICHELE
PA_36_MICHELE,Pantanal,4.0,51,51,1.0,MICHELE
PA_36_MICHELE,Pantanal,5.0,51,51,1.0,MICHELE
PA_36_MICHELE,Pantanal,6.0,43,43,1.0,MICHELE
PA_36_MICHELE,Pantanal,7.0,36,36,1.0,MICHELE
PA_36_MICHELE,Pantanal,8.0,43,43,1.0,MICHELE
PA_36_MICHELE,Pantanal,9.0,44,44,1.0,MICHELE
PA_36_MICHELE,Pantanal,10.0,53,53,1.0,MICHELE
PA_36_MICHELE,Pantanal,11.0,54,54,1.0,MICHELE
PA_36_MICHELE,Pantanal,12.0,53,53,1.0,MICHELE
PA_36_MICHELE,Pantanal,13.0,55,55,1.0,MICHELE
PA_36_MICHELE,Pantanal,14.0,54,54,1.0,MICHELE
PA_36_MICHELE,Pantanal,15.0,53,53,1.0,MICHELE
PA_36_MICHELE,Pantanal,16.0,57,57,1.0,MICHELE
PA_36_MICHELE,Pantanal,17.0,53,53,1.0,MICHELE
PA_36_MICHELE,Pantanal,18.0,40,40,1.0,MICHELE
PA_36_MICHELE,Pantanal,19.0,50,50,1.0,MICHELE
PA_36_MICHELE,Pantanal,20.0,48,48,1.0,MICHELE
PA_36_MICHELE,Pantanal,21.0,45,45,1.0,MICHELE
PA_36_MICHELE,Pantanal,22.0,45,45,1.0,MICHELE
PA_36_MICHELE,Pantanal,23.0,42,42,1.0,MICHELE
PA_38_CASSANDRA,Pantanal,0.0,13,12,1.0833333333333333,CASSANDRA
PA_38_CASSANDRA,Pantanal,1.0,13,12,1.0833333333333333,CASSANDRA
PA_38_CASSANDRA,Pantanal,2.0,12,11,1.0909090909090908,CASSANDRA
PA_38_CASSANDRA,Pantanal,3.0,9,8,1.125,CASSANDRA
PA_38_CASSANDRA,Pantanal,4.0,10,10,1.0,CASSANDRA
PA_38_CASSANDRA,Pantanal,5.0,13,12,1.0833333333333333,CASSANDRA
PA_38_CASSANDRA,Pantanal,6.0,9,9,1.0,CASSANDRA
PA_38_CASSANDRA,Pantanal,7.0,2,2,1.0,CASSANDRA
PA_38_CASSANDRA,Pantanal,8.0,4,4,1.0,CASSANDRA
PA_38_CASSANDRA,Pantanal,9.0,12,12,1.0,CASSANDRA
PA_38_CASSANDRA,Pantanal,10.0,2,2,1.0,CASSANDRA
PA_38_CASSANDRA,Pantanal,16.0,2,2,1.0,CASSANDRA
PA_38_CASSANDRA,Pantanal,17.0,5,5,1.0,CASSANDRA
PA_38_CASSANDRA,Pantanal,18.0,9,9,1.0,CASSANDRA
PA_38_CASSANDRA,Pantanal,19.0,16,14,1.1428571428571428,CASSANDRA
PA_38_CASSANDRA,Pantanal,20.0,22,17,1.2941176470588236,CASSANDRA
PA_38_CASSANDRA,Pantanal,21.0,6,6,1.0,CASSANDRA
PA_38_CASSANDRA,Pantanal,22.0,14,14,1.0,CASSANDRA
PA_38_CASSANDRA,Pantanal,23.0,9,8,1.125,CASSANDRA
PA_40_MALU,Pantanal,0.0,540,540,1.0,MALU
PA_40_MALU,Pantanal,1.0,551,551,1.0,MALU
PA_40_MALU,Pantanal,2.0,543,543,1.0,MALU
PA_40_MALU,Pantanal,3.0,563,563,1.0,MALU
PA_40_MALU,Pantanal,4.0,556,556,1.0,MALU
PA_40_MALU,Pantanal,5.0,532,532,1.0,MALU
PA_40_MALU,Pantanal,6.0,497,497,1.0,MALU
PA_40_MALU,Pantanal,7.0,483,483,1.0,MALU
PA_40_MALU,Pantanal,8.0,458,458,1.0,MALU
PA_40_MALU,Pantanal,9.0,464,464,1.0,MALU
PA_40_MALU,Pantanal,10.0,447,447,1.0,MALU
PA_40_MALU,Pantanal,11.0,437,437,1.0,MALU
PA_40_MALU,Pantanal,12.0,437,437,1.0,MALU
PA_40_MALU,Pantanal,13.0,430,430,1.0,MALU
PA_40_MALU,Pantanal,14.0,427,427,1.0,MALU
PA_40_MALU,Pantanal,15.0,433,433,1.0,MALU
PA_40_MALU,Pantanal,16.0,415,415,1.0,MALU
PA_40_MALU,Pantanal,17.0,423,423,1.0,MALU
PA_40_MALU,Pantanal,18.0,475,475,1.0,MALU
PA_40_MALU,Pantanal,19.0,553,553,1.0,MALU
PA_40_MALU,Pantanal,20.0,558,557,1.0017953321364452,MALU
PA_40_MALU,Pantanal,21.0,542,542,1.0,MALU
PA_40_MALU,Pantanal,22.0,537,537,1.0,MALU
PA_40_MALU,Pantanal,23.0,541,541,1.0,MALU
PA_47_MORENINHO,Pantanal,0.0,342,342,1.0,MORENINHO
PA_47_MORENINHO,Pantanal,1.0,341,341,1.0,MORENINHO
PA_47_MORENINHO,Pantanal,2.0,349,349,1.0,MORENINHO
PA_47_MORENINHO,Pantanal,3.0,355,355,1.0,MORENINHO
PA_47_MORENINHO,Pantanal,4.0,338,338,1.0,MORENINHO
PA_47_MORENINHO,Pantanal,5.0,340,340,1.0,MORENINHO
PA_47_MORENINHO,Pantanal,6.0,348,348,1.0,MORENINHO
PA_47_MORENINHO,Pantanal,7.0,349,349,1.0,MORENINHO
PA_47_MORENINHO,Pantanal,8.0,346,346,1.0,MORENINHO
PA_47_MORENINHO,Pantanal,9.0,358,358,1.0,MORENINHO
PA_47_MORENINHO,Pantanal,10.0,342,342,1.0,MORENINHO
PA_47_MORENINHO,Pantanal,11.0,350,350,1.0,MORENINHO
PA_47_MORENINHO,Pantanal,12.0,334,334,1.0,MORENINHO
PA_47_MORENINHO,Pantanal,13.0,350,350,1.0,MORENINHO
PA_47_MORENINHO,Pantanal,14.0,348,348,1.0,MORENINHO
PA_47_MORENINHO,Pantanal,15.0,356,356,1.0,MORENINHO
PA_47_MORENINHO,Pantanal,16.0,345,345,1.0,MORENINHO
PA_47_MORENINHO,Pantanal,17.0,337,337,1.0,MORENINHO
PA_47_MORENINHO,Pantanal,18.0,330,330,1.0,MORENINHO
PA_47_MORENINHO,Pantanal,19.0,336,336,1.0,MORENINHO
PA_47_MORENINHO,Pantanal,20.0,318,318,1.0,MORENINHO
PA_47_MORENINHO,Pantanal,21.0,347,347,1.0,MORENINHO
PA_47_MORENINHO,Pantanal,22.0,329,329,1.0,MORENINHO
PA_47_MORENINHO,Pantanal,23.0,346,346,1.0,MORENINHO
PA_48_TED,Pantanal,0.0,24,24,1.0,TED
PA_48_TED,Pantanal,1.0,20,20,1.0,TED
PA_48_TED,Pantanal,2.0,19,19,1.0,TED
PA_48_TED,Pantanal,3.0,22,22,1.0,TED
PA_48_TED,Pantanal,4.0,22,22,1.0,TED
PA_48_TED,Pantanal,5.0,21,21,1.0,TED
PA_48_TED,Pantanal,6.0,19,19,1.0,TED
PA_48_TED,Pantanal,7.0,21,21,1.0,TED
PA_48_TED,Pantanal,8.0,20,20,1.0,TED
PA_48_TED,Pantanal,9.0,20,20,1.0,TED
PA_48_TED,Pantanal,10.0,23,23,1.0,TED
PA_48_TED,Pantanal,11.0,23,23,1.0,TED
PA_48_TED,Pantanal,12.0,21,21,1.0,TED
PA_48_TED,Pantanal,13.0,20,20,1.0,TED
PA_48_TED,Pantanal,14.0,23,23,1.0,TED
PA_48_TED,Pantanal,15.0,23,23,1.0,TED
PA_48_TED,Pantanal,16.0,18,18,1.0,TED
PA_48_TED,Pantanal,17.0,20,20,1.0,TED
PA_48_TED,Pantanal,18.0,24,24,1.0,TED
PA_48_TED,Pantanal,19.0,21,21,1.0,TED
PA_48_TED,Pantanal,20.0,19,19,1.0,TED
PA_48_TED,Pantanal,21.0,21,21,1.0,TED
PA_48_TED,Pantanal,22.0,16,16,1.0,TED
PA_48_TED,Pantanal,23.0,25,25,1.0,TED
PA_49_WALLY,Pantanal,0.0,432,432,1.0,WALLY
PA_49_WALLY,Pantanal,1.0,446,446,1.0,WALLY
PA_49_WALLY,Pantanal,2.0,456,456,1.0,WALLY
PA_49_WALLY,Pantanal,3.0,453,453,1.0,WALLY
PA_49_WALLY,Pantanal,4.0,454,454,1.0,WALLY
PA_49_WALLY,Pantanal,5.0,453,453,1.0,WALLY
PA_49_WALLY,Pantanal,6.0,427,427,1.0,WALLY
PA_49_WALLY,Pantanal,7.0,432,432,1.0,WALLY
PA_49_WALLY,Pantanal,8.0,432,432,1.0,WALLY
PA_49_WALLY,Pantanal,9.0,425,425,1.0,WALLY
PA_49_WALLY,Pantanal,10.0,426,426,1.0,WALLY
PA_49_WALLY,Pantanal,11.0,414,414,1.0,WALLY
PA_49_WALLY,Pantanal,12.0,411,411,1.0,WALLY
PA_49_WALLY,Pantanal,13.0,413,413,1.0,WALLY
PA_49_WALLY,Pantanal,14.0,404,404,1.0,WALLY
PA_49_WALLY,Pantanal,15.0,403,403,1.0,WALLY
PA_49_WALLY,Pantanal,16.0,400,400,1.0,WALLY
PA_49_WALLY,Pantanal,17.0,412,412,1.0,WALLY
PA_49_WALLY,Pantanal,18.0,425,425,1.0,WALLY
PA_49_WALLY,Pantanal,19.0,453,453,1.0,WALLY
PA_49_WALLY,Pantanal,20.0,450,450,1.0,WALLY
PA_49_WALLY,Pantanal,21.0,439,439,1.0,WALLY
PA_49_WALLY,Pantanal,22.0,422,422,1.0,WALLY
PA_49_WALLY,Pantanal,23.0,407,407,1.0,WALLY
PA_51_MUCCI,Pantanal,0.0,197,197,1.0,MUCCI
PA_51_MUCCI,Pantanal,1.0,204,204,1.0,MUCCI
PA_51_MUCCI,Pantanal,2.0,202,202,1.0,MUCCI
PA_51_MUCCI,Pantanal,3.0,207,207,1.0,MUCCI
PA_51_MUCCI,Pantanal,4.0,195,195,1.0,MUCCI
PA_51_MUCCI,Pantanal,5.0,198,198,1.0,MUCCI
PA_51_MUCCI,Pantanal,6.0,193,193,1.0,MUCCI
PA_51_MUCCI,Pantanal,7.0,190,190,1.0,MUCCI
PA_51_MUCCI,Pantanal,8.0,187,187,1.0,MUCCI
PA_51_MUCCI,Pantanal,9.0,186,186,1.0,MUCCI
PA_51_MUCCI,Pantanal,10.0,183,183,1.0,MUCCI
PA_51_MUCCI,Pantanal,11.0,193,193,1.0,MUCCI
PA_51_MUCCI,Pantanal,12.0,182,182,1.0,MUCCI
PA_51_MUCCI,Pantanal,13.0,169,169,1.0,MUCCI
PA_51_MUCCI,Pantanal,14.0,169,169,1.0,MUCCI
PA_51_MUCCI,Pantanal,15.0,175,175,1.0,MUCCI
PA_51_MUCCI,Pantanal,16.0,180,180,1.0,MUCCI
PA_51_MUCCI,Pantanal,17.0,179,179,1.0,MUCCI
PA_51_MUCCI,Pantanal,18.0,194,194,1.0,MUCCI
PA_51_MUCCI,Pantanal,19.0,199,199,1.0,MUCCI
PA_51_MUCCI,Pantanal,20.0,199,199,1.0,MUCCI
PA_51_MUCCI,Pantanal,21.0,200,200,1.0,MUCCI
PA_51_MUCCI,Pantanal,22.0,196,196,1.0,MUCCI
PA_51_MUCCI,Pantanal,23.0,208,208,1.0,MUCCI
PA_52_WIE,Pantanal,0.0,67,67,1.0,WIE
PA_52_WIE,Pantanal,1.0,80,80,1.0,WIE
PA_52_WIE,Pantanal,2.0,82,82,1.0,WIE
PA_52_WIE,Pantanal,3.0,88,88,1.0,WIE
PA_52_WIE,Pantanal,4.0,77,77,1.0,WIE
PA_52_WIE,Pantanal,5.0,76,76,1.0,WIE
PA_52_WIE,Pantanal,6.0,53,53,1.0,WIE
PA_52_WIE,Pantanal,7.0,50,50,1.0,WIE
PA_52_WIE,Pantanal,8.0,54,54,1.0,WIE
PA_52_WIE,Pantanal,9.0,63,63,1.0,WIE
PA_52_WIE,Pantanal,10.0,56,56,1.0,WIE
PA_52_WIE,Pantanal,11.0,67,67,1.0,WIE
PA_52_WIE,Pantanal,12.0,54,54,1.0,WIE
PA_52_WIE,Pantanal,13.0,57,57,1.0,WIE
PA_52_WIE,Pantanal,14.0,53,53,1.0,WIE
PA_52_WIE,Pantanal,15.0,56,56,1.0,WIE
PA_52_WIE,Pantanal,16.0,41,41,1.0,WIE
PA_52_WIE,Pantanal,17.0,61,61,1.0,WIE
PA_52_WIE,Pantanal,18.0,69,69,1.0,WIE
PA_52_WIE,Pantanal,19.0,91,91,1.0,WIE
PA_52_WIE,Pantanal,20.0,82,82,1.0,WIE
PA_52_WIE,Pantanal,21.0,77,77,1.0,WIE
PA_52_WIE,Pantanal,22.0,72,72,1.0,WIE
PA_52_WIE,Pantanal,23.0,75,75,1.0,WIE
PA_54_PAULONA,Pantanal,0.0,547,547,1.0,PAULONA
PA_54_PAULONA,Pantanal,1.0,564,564,1.0,PAULONA
PA_54_PAULONA,Pantanal,2.0,578,578,1.0,PAULONA
PA_54_PAULONA,Pantanal,3.0,595,595,1.0,PAULONA
PA_54_PAULONA,Pantanal,4.0,567,567,1.0,PAULONA
PA_54_PAULONA,Pantanal,5.0,556,556,1.0,PAULONA
PA_54_PAULONA,Pantanal,6.0,465,465,1.0,PAULONA
PA_54_PAULONA,Pantanal,7.0,482,482,1.0,PAULONA
PA_54_PAULONA,Pantanal,8.0,484,484,1.0,PAULONA
PA_54_PAULONA,Pantanal,9.0,487,487,1.0,PAULONA
PA_54_PAULONA,Pantanal,10.0,489,489,1.0,PAULONA
PA_54_PAULONA,Pantanal,11.0,488,488,1.0,PAULONA
PA_54_PAULONA,Pantanal,12.0,488,488,1.0,PAULONA
PA_54_PAULONA,Pantanal,13.0,482,482,1.0,PAULONA
PA_54_PAULONA,Pantanal,14.0,482,482,1.0,PAULONA
PA_54_PAULONA,Pantanal,15.0,489,489,1.0,PAULONA
PA_54_PAULONA,Pantanal,16.0,480,480,1.0,PAULONA
PA_54_PAULONA,Pantanal,17.0,501,501,1.0,PAULONA
PA_54_PAULONA,Pantanal,18.0,532,532,1.0,PAULONA
PA_54_PAULONA,Pantanal,19.0,599,599,1.0,PAULONA
PA_54_PAULONA,Pantanal,20.0,557,557,1.0,PAULONA
PA_54_PAULONA,Pantanal,21.0,558,558,1.0,PAULONA
PA_54_PAULONA,Pantanal,22.0,533,533,1.0,PAULONA
PA_54_PAULONA,Pantanal,23.0,530,530,1.0,PAULONA
PA_58_LIANA,Pantanal,0.0,341,341,1.0,LIANA
PA_58_LIANA,Pantanal,1.0,351,351,1.0,LIANA
PA_58_LIANA,Pantanal,2.0,332,332,1.0,LIANA
PA_58_LIANA,Pantanal,3.0,344,344,1.0,LIANA
PA_58_LIANA,Pantanal,4.0,318,318,1.0,LIANA
PA_58_LIANA,Pantanal,5.0,321,321,1.0,LIANA
PA_58_LIANA,Pantanal,6.0,264,264,1.0,LIANA
PA_58_LIANA,Pantanal,7.0,269,269,1.0,LIANA
PA_58_LIANA,Pantanal,8.0,266,266,1.0,LIANA
PA_58_LIANA,Pantanal,9.0,266,266,1.0,LIANA
PA_58_LIANA,Pantanal,10.0,262,262,1.0,LIANA
PA_58_LIANA,Pantanal,11.0,256,256,1.0,LIANA
PA_58_LIANA,Pantanal,12.0,253,253,1.0,LIANA
PA_58_LIANA,Pantanal,13.0,250,250,1.0,LIANA
PA_58_LIANA,Pantanal,14.0,229,229,1.0,LIANA
PA_58_LIANA,Pantanal,15.0,221,221,1.0,LIANA
PA_58_LIANA,Pantanal,16.0,211,211,1.0,LIANA
PA_58_LIANA,Pantanal,17.0,210,210,1.0,LIANA
PA_58_LIANA,Pantanal,18.0,259,259,1.0,LIANA
PA_58_LIANA,Pantanal,19.0,327,327,1.0,LIANA
PA_58_LIANA,Pantanal,20.0,310,310,1.0,LIANA
PA_58_LIANA,Pantanal,21.0,334,334,1.0,LIANA
PA_58_LIANA,Pantanal,22.0,327,327,1.0,LIANA
PA_58_LIANA,Pantanal,23.0,354,354,1.0,LIANA
PA_59_POPEYE,Pantanal,0.0,198,198,1.0,POPEYE
PA_59_POPEYE,Pantanal,1.0,214,214,1.0,POPEYE
PA_59_POPEYE,Pantanal,2.0,207,207,1.0,POPEYE
PA_59_POPEYE,Pantanal,3.0,217,217,1.0,POPEYE
PA_59_POPEYE,Pantanal,4.0,214,214,1.0,POPEYE
PA_59_POPEYE,Pantanal,5.0,172,172,1.0,POPEYE
PA_59_POPEYE,Pantanal,6.0,142,142,1.0,POPEYE
PA_59_POPEYE,Pantanal,7.0,140,140,1.0,POPEYE
PA_59_POPEYE,Pantanal,8.0,131,131,1.0,POPEYE
PA_59_POPEYE,Pantanal,9.0,134,134,1.0,POPEYE
PA_59_POPEYE,Pantanal,10.0,122,122,1.0,POPEYE
PA_59_POPEYE,Pantanal,11.0,110,110,1.0,POPEYE
PA_59_POPEYE,Pantanal,12.0,109,109,1.0,POPEYE
PA_59_POPEYE,Pantanal,13.0,101,101,1.0,POPEYE
PA_59_POPEYE,Pantanal,14.0,99,99,1.0,POPEYE
PA_59_POPEYE,Pantanal,15.0,94,94,1.0,POPEYE
PA_59_POPEYE,Pantanal,16.0,103,103,1.0,POPEYE
PA_59_POPEYE,Pantanal,17.0,103,103,1.0,POPEYE
PA_59_POPEYE,Pantanal,18.0,123,123,1.0,POPEYE
PA_59_POPEYE,Pantanal,19.0,200,200,1.0,POPEYE
PA_59_POPEYE,Pantanal,20.0,207,207,1.0,POPEYE
PA_59_POPEYE,Pantanal,21.0,195,195,1.0,POPEYE
PA_59_POPEYE,Pantanal,22.0,200,200,1.0,POPEYE
PA_59_POPEYE,Pantanal,23.0,203,203,1.0,POPEYE
PA_61_DOINHO,Pantanal,0.0,78,78,1.0,DOINHO
PA_61_DOINHO,Pantanal,1.0,101,101,1.0,DOINHO
PA_61_DOINHO,Pantanal,2.0,86,86,1.0,DOINHO
PA_61_DOINHO,Pantanal,3.0,90,90,1.0,DOINHO
PA_61_DOINHO,Pantanal,4.0,66,66,1.0,DOINHO
PA_61_DOINHO,Pantanal,5.0,93,93,1.0,DOINHO
PA_61_DOINHO,Pantanal,6.0,99,99,1.0,DOINHO
PA_61_DOINHO,Pantanal,7.0,121,121,1.0,DOINHO
PA_61_DOINHO,Pantanal,8.0,108,108,1.0,DOINHO
PA_61_DOINHO,Pantanal,9.0,124,124,1.0,DOINHO
PA_61_DOINHO,Pantanal,10.0,122,122,1.0,DOINHO
PA_61_DOINHO,Pantanal,11.0,132,132,1.0,DOINHO
PA_61_DOINHO,Pantanal,12.0,120,120,1.0,DOINHO
PA_61_DOINHO,Pantanal,13.0,122,122,1.0,DOINHO
PA_61_DOINHO,Pantanal,14.0,109,109,1.0,DOINHO
PA_61_DOINHO,Pantanal,15.0,124,124,1.0,DOINHO
PA_61_DOINHO,Pantanal,16.0,113,113,1.0,DOINHO
PA_61_DOINHO,Pantanal,17.0,124,124,1.0,DOINHO
PA_61_DOINHO,Pantanal,18.0,93,93,1.0,DOINHO
PA_61_DOINHO,Pantanal,19.0,85,85,1.0,DOINHO
PA_61_DOINHO,Pantanal,20.0,49,49,1.0,DOINHO
PA_61_DOINHO,Pantanal,21.0,63,63,1.0,DOINHO
PA_61_DOINHO,Pantanal,22.0,55,55,1.0,DOINHO
PA_61_DOINHO,Pantanal,23.0,76,76,1.0,DOINHO
PA_62_PRETINHO,Pantanal,0.0,21,21,1.0,PRETINHO
PA_62_PRETINHO,Pantanal,1.0,25,25,1.0,PRETINHO
PA_62_PRETINHO,Pantanal,2.0,22,22,1.0,PRETINHO
PA_62_PRETINHO,Pantanal,3.0,26,26,1.0,PRETINHO
PA_62_PRETINHO,Pantanal,4.0,24,24,1.0,PRETINHO
PA_62_PRETINHO,Pantanal,5.0,29,29,1.0,PRETINHO
PA_62_PRETINHO,Pantanal,6.0,15,15,1.0,PRETINHO
PA_62_PRETINHO,Pantanal,7.0,20,20,1.0,PRETINHO
PA_62_PRETINHO,Pantanal,8.0,21,21,1.0,PRETINHO
PA_62_PRETINHO,Pantanal,9.0,22,22,1.0,PRETINHO
PA_62_PRETINHO,Pantanal,10.0,19,19,1.0,PRETINHO
PA_62_PRETINHO,Pantanal,11.0,21,21,1.0,PRETINHO
PA_62_PRETINHO,Pantanal,12.0,18,18,1.0,PRETINHO
PA_62_PRETINHO,Pantanal,13.0,21,21,1.0,PRETINHO
PA_62_PRETINHO,Pantanal,14.0,16,16,1.0,PRETINHO
PA_62_PRETINHO,Pantanal,15.0,22,22,1.0,PRETINHO
PA_62_PRETINHO,Pantanal,16.0,15,15,1.0,PRETINHO
PA_62_PRETINHO,Pantanal,17.0,24,24,1.0,PRETINHO
PA_62_PRETINHO,Pantanal,18.0,15,15,1.0,PRETINHO
PA_62_PRETINHO,Pantanal,19.0,15,15,1.0,PRETINHO
PA_62_PRETINHO,Pantanal,20.0,13,13,1.0,PRETINHO
PA_62_PRETINHO,Pantanal,21.0,10,10,1.0,PRETINHO
PA_62_PRETINHO,Pantanal,22.0,13,13,1.0,PRETINHO
PA_62_PRETINHO,Pantanal,23.0,20,20,1.0,PRETINHO
PA_64_COLUMBUS,Pantanal,0.0,2,2,1.0,COLUMBUS
PA_64_COLUMBUS,Pantanal,1.0,8,8,1.0,COLUMBUS
PA_64_COLUMBUS,Pantanal,2.0,8,8,1.0,COLUMBUS
PA_64_COLUMBUS,Pantanal,3.0,6,6,1.0,COLUMBUS
PA_64_COLUMBUS,Pantanal,4.0,3,3,1.0,COLUMBUS
PA_64_COLUMBUS,Pantanal,5.0,2,2,1.0,COLUMBUS
PA_64_COLUMBUS,Pantanal,6.0,4,4,1.0,COLUMBUS
PA_64_COLUMBUS,Pantanal,7.0,6,6,1.0,COLUMBUS
PA_64_COLUMBUS,Pantanal,8.0,8,8,1.0,COLUMBUS
PA_64_COLUMBUS,Pantanal,9.0,9,9,1.0,COLUMBUS
PA_64_COLUMBUS,Pantanal,10.0,7,7,1.0,COLUMBUS
PA_64_COLUMBUS,Pantanal,11.0,6,6,1.0,COLUMBUS
PA_64_COLUMBUS,Pantanal,12.0,6,6,1.0,COLUMBUS
PA_64_COLUMBUS,Pantanal,13.0,7,7,1.0,COLUMBUS
PA_64_COLUMBUS,Pantanal,14.0,5,5,1.0,COLUMBUS
PA_64_COLUMBUS,Pantanal,15.0,4,4,1.0,COLUMBUS
PA_64_COLUMBUS,Pantanal,16.0,9,9,1.0,COLUMBUS
PA_64_COLUMBUS,Pantanal,17.0,8,8,1.0,COLUMBUS
PA_64_COLUMBUS,Pantanal,18.0,4,4,1.0,COLUMBUS
PA_64_COLUMBUS,Pantanal,19.0,2,2,1.0,COLUMBUS
PA_64_COLUMBUS,Pantanal,20.0,5,5,1.0,COLUMBUS
PA_64_COLUMBUS,Pantanal,21.0,6,6,1.0,COLUMBUS
PA_64_COLUMBUS,Pantanal,22.0,2,2,1.0,COLUMBUS
PA_64_COLUMBUS,Pantanal,23.0,2,2,1.0,COLUMBUS
PA_65_VALENTINA,Pantanal,0.0,86,86,1.0,VALENTINA
PA_65_VALENTINA,Pantanal,1.0,88,88,1.0,VALENTINA
PA_65_VALENTINA,Pantanal,2.0,80,80,1.0,VALENTINA
PA_65_VALENTINA,Pantanal,3.0,89,89,1.0,VALENTINA
PA_65_VALENTINA,Pantanal,4.0,85,85,1.0,VALENTINA
PA_65_VALENTINA,Pantanal,5.0,80,80,1.0,VALENTINA
PA_65_VALENTINA,Pantanal,6.0,85,85,1.0,VALENTINA
PA_65_VALENTINA,Pantanal,7.0,87,87,1.0,VALENTINA
PA_65_VALENTINA,Pantanal,8.0,87,87,1.0,VALENTINA
PA_65_VALENTINA,Pantanal,9.0,91,91,1.0,VALENTINA
PA_65_VALENTINA,Pantanal,10.0,89,89,1.0,VALENTINA
PA_65_VALENTINA,Pantanal,11.0,91,91,1.0,VALENTINA
PA_65_VALENTINA,Pantanal,12.0,83,83,1.0,VALENTINA
PA_65_VALENTINA,Pantanal,13.0,85,85,1.0,VALENTINA
PA_65_VALENTINA,Pantanal,14.0,78,78,1.0,VALENTINA
PA_65_VALENTINA,Pantanal,15.0,81,81,1.0,VALENTINA
PA_65_VALENTINA,Pantanal,16.0,75,75,1.0,VALENTINA
PA_65_VALENTINA,Pantanal,17.0,74,74,1.0,VALENTINA
PA_65_VALENTINA,Pantanal,18.0,84,84,1.0,VALENTINA
PA_65_VALENTINA,Pantanal,19.0,79,79,1.0,VALENTINA
PA_65_VALENTINA,Pantanal,20.0,86,86,1.0,VALENTINA
PA_65_VALENTINA,Pantanal,21.0,77,77,1.0,VALENTINA
PA_65_VALENTINA,Pantanal,22.0,76,76,1.0,VALENTINA
PA_65_VALENTINA,Pantanal,23.0,83,83,1.0,VALENTINA
PA_67_CARMINHA,Pantanal,0.0,37,37,1.0,CARMINHA
PA_67_CARMINHA,Pantanal,1.0,31,31,1.0,CARMINHA
PA_67_CARMINHA,Pantanal,2.0,35,35,1.0,CARMINHA
PA_67_CARMINHA,Pantanal,3.0,32,32,1.0,CARMINHA
PA_67_CARMINHA,Pantanal,4.0,35,35,1.0,CARMINHA
PA_67_CARMINHA,Pantanal,5.0,24,24,1.0,CARMINHA
PA_67_CARMINHA,Pantanal,6.0,26,26,1.0,CARMINHA
PA_67_CARMINHA,Pantanal,7.0,29,29,1.0,CARMINHA
PA_67_CARMINHA,Pantanal,8.0,30,30,1.0,CARMINHA
PA_67_CARMINHA,Pantanal,9.0,27,27,1.0,CARMINHA
PA_67_CARMINHA,Pantanal,10.0,26,26,1.0,CARMINHA
PA_67_CARMINHA,Pantanal,11.0,29,29,1.0,CARMINHA
PA_67_CARMINHA,Pantanal,12.0,27,27,1.0,CARMINHA
PA_67_CARMINHA,Pantanal,13.0,25,25,1.0,CARMINHA
PA_67_CARMINHA,Pantanal,14.0,20,20,1.0,CARMINHA
PA_67_CARMINHA,Pantanal,15.0,27,27,1.0,CARMINHA
PA_67_CARMINHA,Pantanal,16.0,22,22,1.0,CARMINHA
PA_67_CARMINHA,Pantanal,17.0,28,28,1.0,CARMINHA
PA_67_CARMINHA,Pantanal,18.0,32,32,1.0,CARMINHA
PA_67_CARMINHA,Pantanal,19.0,34,34,1.0,CARMINHA
PA_67_CARMINHA,Pantanal,20.0,32,32,1.0,CARMINHA
PA_67_CARMINHA,Pantanal,21.0,29,29,1.0,CARMINHA
PA_67_CARMINHA,Pantanal,22.0,32,32,1.0,CARMINHA
PA_67_CARMINHA,Pantanal,23.0,29,29,1.0,CARMINHA
PA_68_FAROFO,Pantanal,0.0,334,334,1.0,FAROFO
PA_68_FAROFO,Pantanal,1.0,337,337,1.0,FAROFO
PA_68_FAROFO,Pantanal,2.0,333,333,1.0,FAROFO
PA_68_FAROFO,Pantanal,3.0,344,344,1.0,FAROFO
PA_68_FAROFO,Pantanal,4.0,331,331,1.0,FAROFO
PA_68_FAROFO,Pantanal,5.0,346,346,1.0,FAROFO
PA_68_FAROFO,Pantanal,6.0,293,293,1.0,FAROFO
PA_68_FAROFO,Pantanal,7.0,295,295,1.0,FAROFO
PA_68_FAROFO,Pantanal,8.0,282,282,1.0,FAROFO
PA_68_FAROFO,Pantanal,9.0,294,294,1.0,FAROFO
PA_68_FAROFO,Pantanal,10.0,286,286,1.0,FAROFO
PA_68_FAROFO,Pantanal,11.0,291,291,1.0,FAROFO
PA_68_FAROFO,Pantanal,12.0,288,288,1.0,FAROFO
PA_68_FAROFO,Pantanal,13.0,272,272,1.0,FAROFO
PA_68_FAROFO,Pantanal,14.0,261,261,1.0,FAROFO
PA_68_FAROFO,Pantanal,15.0,271,271,1.0,FAROFO
PA_68_FAROFO,Pantanal,16.0,277,277,1.0,FAROFO
PA_68_FAROFO,Pantanal,17.0,279,279,1.0,FAROFO
PA_68_FAROFO,Pantanal,18.0,315,315,1.0,FAROFO
PA_68_FAROFO,Pantanal,19.0,351,351,1.0,FAROFO
PA_68_FAROFO,Pantanal,20.0,325,325,1.0,FAROFO
PA_68_FAROFO,Pantanal,21.0,335,335,1.0,FAROFO
PA_68_FAROFO,Pantanal,22.0,312,312,1.0,FAROFO
PA_68_FAROFO,Pantanal,23.0,326,326,1.0,FAROFO
PA_69_ANGELINA,Pantanal,0.0,130,130,1.0,ANGELINA
PA_69_ANGELINA,Pantanal,1.0,134,134,1.0,ANGELINA
PA_69_ANGELINA,Pantanal,2.0,138,138,1.0,ANGELINA
PA_69_ANGELINA,Pantanal,3.0,143,143,1.0,ANGELINA
PA_69_ANGELINA,Pantanal,4.0,140,140,1.0,ANGELINA
PA_69_ANGELINA,Pantanal,5.0,126,126,1.0,ANGELINA
PA_69_ANGELINA,Pantanal,6.0,133,133,1.0,ANGELINA
PA_69_ANGELINA,Pantanal,7.0,129,129,1.0,ANGELINA
PA_69_ANGELINA,Pantanal,8.0,125,125,1.0,ANGELINA
PA_69_ANGELINA,Pantanal,9.0,129,129,1.0,ANGELINA
PA_69_ANGELINA,Pantanal,10.0,119,119,1.0,ANGELINA
PA_69_ANGELINA,Pantanal,11.0,128,128,1.0,ANGELINA
PA_69_ANGELINA,Pantanal,12.0,121,121,1.0,ANGELINA
PA_69_ANGELINA,Pantanal,13.0,132,132,1.0,ANGELINA
PA_69_ANGELINA,Pantanal,14.0,130,130,1.0,ANGELINA
PA_69_ANGELINA,Pantanal,15.0,123,123,1.0,ANGELINA
PA_69_ANGELINA,Pantanal,16.0,126,126,1.0,ANGELINA
PA_69_ANGELINA,Pantanal,17.0,145,145,1.0,ANGELINA
PA_69_ANGELINA,Pantanal,18.0,145,145,1.0,ANGELINA
PA_69_ANGELINA,Pantanal,19.0,153,153,1.0,ANGELINA
PA_69_ANGELINA,Pantanal,20.0,141,141,1.0,ANGELINA
PA_69_ANGELINA,Pantanal,21.0,127,127,1.0,ANGELINA
PA_69_ANGELINA,Pantanal,22.0,127,127,1.0,ANGELINA
PA_69_ANGELINA,Pantanal,23.0,125,125,1.0,ANGELINA
PA_71_SIDNEY,Pantanal,0.0,126,126,1.0,SIDNEY
PA_71_SIDNEY,Pantanal,1.0,125,125,1.0,SIDNEY
PA_71_SIDNEY,Pantanal,2.0,122,122,1.0,SIDNEY
PA_71_SIDNEY,Pantanal,3.0,127,127,1.0,SIDNEY
PA_71_SIDNEY,Pantanal,4.0,117,117,1.0,SIDNEY
PA_71_SIDNEY,Pantanal,5.0,112,112,1.0,SIDNEY
PA_71_SIDNEY,Pantanal,6.0,98,98,1.0,SIDNEY
PA_71_SIDNEY,Pantanal,7.0,95,95,1.0,SIDNEY
PA_71_SIDNEY,Pantanal,8.0,87,87,1.0,SIDNEY
PA_71_SIDNEY,Pantanal,9.0,87,87,1.0,SIDNEY
PA_71_SIDNEY,Pantanal,10.0,74,74,1.0,SIDNEY
PA_71_SIDNEY,Pantanal,11.0,71,71,1.0,SIDNEY
PA_71_SIDNEY,Pantanal,12.0,65,65,1.0,SIDNEY
PA_71_SIDNEY,Pantanal,13.0,58,58,1.0,SIDNEY
PA_71_SIDNEY,Pantanal,14.0,54,54,1.0,SIDNEY
PA_71_SIDNEY,Pantanal,15.0,49,49,1.0,SIDNEY
PA_71_SIDNEY,Pantanal,16.0,50,50,1.0,SIDNEY
PA_71_SIDNEY,Pantanal,17.0,56,56,1.0,SIDNEY
PA_71_SIDNEY,Pantanal,18.0,84,84,1.0,SIDNEY
PA_71_SIDNEY,Pantanal,19.0,123,123,1.0,SIDNEY
PA_71_SIDNEY,Pantanal,20.0,118,118,1.0,SIDNEY
PA_71_SIDNEY,Pantanal,21.0,124,124,1.0,SIDNEY
PA_71_SIDNEY,Pantanal,22.0,124,124,1.0,SIDNEY
PA_71_SIDNEY,Pantanal,23.0,124,124,1.0,SIDNEY
PA_74_LAURO,Pantanal,0.0,132,132,1.0,LAURO
PA_74_LAURO,Pantanal,1.0,143,143,1.0,LAURO
PA_74_LAURO,Pantanal,2.0,140,140,1.0,LAURO
PA_74_LAURO,Pantanal,3.0,135,135,1.0,LAURO
PA_74_LAURO,Pantanal,4.0,140,140,1.0,LAURO
PA_74_LAURO,Pantanal,5.0,132,132,1.0,LAURO
PA_74_LAURO,Pantanal,6.0,129,129,1.0,LAURO
PA_74_LAURO,Pantanal,7.0,152,152,1.0,LAURO
PA_74_LAURO,Pantanal,8.0,146,146,1.0,LAURO
PA_74_LAURO,Pantanal,9.0,151,151,1.0,LAURO
PA_74_LAURO,Pantanal,10.0,151,151,1.0,LAURO
PA_74_LAURO,Pantanal,11.0,156,156,1.0,LAURO
PA_74_LAURO,Pantanal,12.0,150,150,1.0,LAURO
PA_74_LAURO,Pantanal,13.0,152,152,1.0,LAURO
PA_74_LAURO,Pantanal,14.0,147,147,1.0,LAURO
PA_74_LAURO,Pantanal,15.0,153,153,1.0,LAURO
PA_74_LAURO,Pantanal,16.0,148,148,1.0,LAURO
PA_74_LAURO,Pantanal,17.0,145,145,1.0,LAURO
PA_74_LAURO,Pantanal,18.0,145,145,1.0,LAURO
PA_74_LAURO,Pantanal,19.0,152,152,1.0,LAURO
PA_74_LAURO,Pantanal,20.0,139,139,1.0,LAURO
PA_74_LAURO,Pantanal,21.0,145,145,1.0,LAURO
PA_74_LAURO,Pantanal,22.0,133,133,1.0,LAURO
PA_74_LAURO,Pantanal,23.0,152,152,1.0,LAURO
PA_82_DONNA,Pantanal,0.0,28,28,1.0,DONNA
PA_82_DONNA,Pantanal,1.0,44,44,1.0,DONNA
PA_82_DONNA,Pantanal,2.0,33,33,1.0,DONNA
PA_82_DONNA,Pantanal,3.0,34,34,1.0,DONNA
PA_82_DONNA,Pantanal,4.0,13,13,1.0,DONNA
PA_82_DONNA,Pantanal,5.0,22,22,1.0,DONNA
PA_82_DONNA,Pantanal,6.0,31,31,1.0,DONNA
PA_82_DONNA,Pantanal,7.0,50,50,1.0,DONNA
PA_82_DONNA,Pantanal,8.0,46,46,1.0,DONNA
PA_82_DONNA,Pantanal,9.0,42,42,1.0,DONNA
PA_82_DONNA,Pantanal,10.0,35,35,1.0,DONNA
PA_82_DONNA,Pantanal,11.0,46,46,1.0,DONNA
PA_82_DONNA,Pantanal,12.0,43,43,1.0,DONNA
PA_82_DONNA,Pantanal,13.0,47,47,1.0,DONNA
PA_82_DONNA,Pantanal,14.0,37,37,1.0,DONNA
PA_82_DONNA,Pantanal,15.0,46,46,1.0,DONNA
PA_82_DONNA,Pantanal,16.0,39,39,1.0,DONNA
PA_82_DONNA,Pantanal,17.0,40,40,1.0,DONNA
PA_82_DONNA,Pantanal,18.0,35,35,1.0,DONNA
PA_82_DONNA,Pantanal,19.0,31,31,1.0,DONNA
PA_82_DONNA,Pantanal,20.0,18,18,1.0,DONNA
PA_82_DONNA,Pantanal,21.0,17,17,1.0,DONNA
PA_82_DONNA,Pantanal,22.0,21,21,1.0,DONNA
PA_82_DONNA,Pantanal,23.0,25,25,1.0,DONNA
PA_86_CUZINHO,Pantanal,0.0,302,302,1.0,CUZINHO
PA_86_CUZINHO,Pantanal,1.0,304,304,1.0,CUZINHO
PA_86_CUZINHO,Pantanal,2.0,304,304,1.0,CUZINHO
PA_86_CUZINHO,Pantanal,3.0,333,333,1.0,CUZINHO
PA_86_CUZINHO,Pantanal,4.0,335,335,1.0,CUZINHO
PA_86_CUZINHO,Pantanal,5.0,328,328,1.0,CUZINHO
PA_86_CUZINHO,Pantanal,6.0,294,294,1.0,CUZINHO
PA_86_CUZINHO,Pantanal,7.0,294,294,1.0,CUZINHO
PA_86_CUZINHO,Pantanal,8.0,286,286,1.0,CUZINHO
PA_86_CUZINHO,Pantanal,9.0,275,275,1.0,CUZINHO
PA_86_CUZINHO,Pantanal,10.0,248,248,1.0,CUZINHO
PA_86_CUZINHO,Pantanal,11.0,244,244,1.0,CUZINHO
PA_86_CUZINHO,Pantanal,12.0,225,225,1.0,CUZINHO
PA_86_CUZINHO,Pantanal,13.0,227,227,1.0,CUZINHO
PA_86_CUZINHO,Pantanal,14.0,235,235,1.0,CUZINHO
PA_86_CUZINHO,Pantanal,15.0,223,223,1.0,CUZINHO
PA_86_CUZINHO,Pantanal,16.0,224,224,1.0,CUZINHO
PA_86_CUZINHO,Pantanal,17.0,249,249,1.0,CUZINHO
PA_86_CUZINHO,Pantanal,18.0,272,272,1.0,CUZINHO
PA_86_CUZINHO,Pantanal,19.0,323,323,1.0,CUZINHO
PA_86_CUZINHO,Pantanal,20.0,327,327,1.0,CUZINHO
PA_86_CUZINHO,Pantanal,21.0,327,327,1.0,CUZINHO
PA_86_CUZINHO,Pantanal,22.0,308,308,1.0,CUZINHO
PA_86_CUZINHO,Pantanal,23.0,312,312,1.0,CUZINHO
