hour,Biome,individual_local_identifier,count,individual_name
0.0,Atlantic Forest,AF_01_JOANA,0.0,JOANA
0.0,Atlantic Forest,AF_02_PAULETE,0.0,PAULETE
0.0,Atlantic Forest,AF_05_CHUCHU,0.0,CHUCHU
0.0,Atlantic Forest,AF_12_PATRICIA,0.0,PATRICIA
0.0,Atlantic Forest,AF_14_JAMESBOND,0.0,JAMESBOND
0.0,Atlantic Forest,AF_15_GEORGETE,0.0,GEORGETE
0.0,Atlantic Forest,AF_20_CHICO,0.0,CHICO
0.0,Atlantic Forest,AF_23_TONHA,0.0,TONHA
0.0,Atlantic Forest,AF_24_TINA,0.0,TINA
0.0,Atlantic Forest,AF_25_MAMA,0.0,MAMA
0.0,Cerrado,CE_03_LOU,0.0,LOU
0.0,Cerrado,CE_04_TITI,0.0,TITI
0.0,Cerrado,CE_08_COLOMBINA,0.0,COLOMBINA
0.0,Cerrado,CE_09_PANA,0.0,PANA
0.0,Cerrado,CE_10_ELIS,0.0,ELIS
0.0,Cerrado,CE_11_ZACA,0.0,ZACA
0.0,Cerrado,CE_13_SULI,0.0,SULI
0.0,Cerrado,CE_15_KURUKA,0.0,KURUKA
0.0,Cerrado,CE_17_ARNO,0.0,ARNO
0.0,Cerrado,CE_21_ZEMARIA,0.0,ZEMARIA
0.0,Cerrado,CE_22_ZEFA,0.0,ZEFA
0.0,Cerrado,CE_23_CARABI,0.0,CARABI
0.0,Cerrado,CE_25_SEGRE,0.0,SEGRE
0.0,Cerrado,CE_27_DONALINA,0.0,DONALINA
0.0,Cerrado,CE_28_ZIGGY,0.0,ZIGGY
0.0,Cerrado,CE_31_ANNA,0.0,ANNA
0.0,Cerrado,CE_34_DONACIDA,0.0,DONACIDA
0.0,Pantanal,PA_03_BANDAID,0.0,BANDAID
0.0,Pantanal,PA_05_KELLY,0.0,KELLY
0.0,Pantanal,PA_08_BENJAMIN,0.0,BENJAMIN
0.0,Pantanal,PA_09_SONIAMADALENA,0.0,SONIAMADALENA
0.0,Pantanal,PA_10_VIVEK,0.0,VIVEK
0.0,Pantanal,PA_11_LUIS,0.0,LUIS
0.0,Pantanal,PA_12_FELIPPE,0.0,FELIPPE
0.0,Pantanal,PA_13_RITA,0.0,RITA
0.0,Pantanal,PA_15_MORENA,0.0,MORENA
0.0,Pantanal,PA_16_DORA,0.0,DORA
0.0,Pantanal,PA_18_NIC,0.0,NIC
0.0,Pantanal,PA_19_SERGIAO,0.0,SERGIAO
0.0,Pantanal,PA_20_SY,0.0,SY
0.0,Pantanal,PA_21_CAIO,0.0,CAIO
0.0,Pantanal,PA_22_EMILIO,0.0,EMILIO
0.0,Pantanal,PA_23_RICK,0.0,RICK
0.0,Pantanal,PA_24_LESLIE,0.0,LESLIE
0.0,Pantanal,PA_26_SACHIN,0.0,SACHIN
0.0,Pantanal,PA_28_DUDA,0.0,DUDA
0.0,Pantanal,PA_29_KARIN,0.0,KARIN
0.0,Pantanal,PA_30_NELSAO,0.0,NELSAO
0.0,Pantanal,PA_31_JORDANO,0.0,JORDANO
0.0,Pantanal,PA_33_GABRIELA,0.0,GABRIELA
0.0,Pantanal,PA_34_CARIJO,0.0,CARIJO
0.0,Pantanal,PA_36_MICHELE,0.0,MICHELE
0.0,Pantanal,PA_38_CASSANDRA,0.0,CASSANDRA
0.0,Pantanal,PA_40_MALU,0.0,MALU
0.0,Pantanal,PA_47_MORENINHO,0.0,MORENINHO
0.0,Pantanal,PA_48_TED,0.0,TED
0.0,Pantanal,PA_49_WALLY,0.0,WALLY
0.0,Pantanal,PA_51_MUCCI,0.0,MUCCI
0.0,Pantanal,PA_52_WIE,0.0,WIE
0.0,Pantanal,PA_54_PAULONA,0.0,PAULONA
0.0,Pantanal,PA_58_LIANA,0.0,LIANA
0.0,Pantanal,PA_59_POPEYE,0.0,POPEYE
0.0,Pantanal,PA_61_DOINHO,0.0,DOINHO
0.0,Pantanal,PA_62_PRETINHO,0.0,PRETINHO
0.0,Pantanal,PA_64_COLUMBUS,0.0,COLUMBUS
0.0,Pantanal,PA_65_VALENTINA,0.0,VALENTINA
0.0,Pantanal,PA_67_CARMINHA,0.0,CARMINHA
0.0,Pantanal,PA_68_FAROFO,0.0,FAROFO
0.0,Pantanal,PA_69_ANGELINA,0.0,ANGELINA
0.0,Pantanal,PA_71_SIDNEY,0.0,SIDNEY
0.0,Pantanal,PA_74_LAURO,0.0,LAURO
0.0,Pantanal,PA_82_DONNA,0.0,DONNA
0.0,Pantanal,PA_86_CUZINHO,0.0,CUZINHO
1.0,Atlantic Forest,AF_01_JOANA,1.0,JOANA
1.0,Atlantic Forest,AF_02_PAULETE,1.0,PAULETE
1.0,Atlantic Forest,AF_05_CHUCHU,1.0,CHUCHU
1.0,Atlantic Forest,AF_12_PATRICIA,1.0,PATRICIA
1.0,Atlantic Forest,AF_14_JAMESBOND,1.0,JAMESBOND
1.0,Atlantic Forest,AF_15_GEORGETE,1.0,GEORGETE
1.0,Atlantic Forest,AF_20_CHICO,1.0,CHICO
1.0,Atlantic Forest,AF_23_TONHA,1.0,TONHA
1.0,Atlantic Forest,AF_24_TINA,1.0,TINA
1.0,Atlantic Forest,AF_25_MAMA,1.0,MAMA
1.0,Cerrado,CE_03_LOU,1.0,LOU
1.0,Cerrado,CE_04_TITI,1.0,TITI
1.0,Cerrado,CE_08_COLOMBINA,1.0,COLOMBINA
1.0,Cerrado,CE_09_PANA,1.0,PANA
1.0,Cerrado,CE_10_ELIS,1.0,ELIS
1.0,Cerrado,CE_11_ZACA,1.0,ZACA
1.0,Cerrado,CE_13_SULI,1.0,SULI
1.0,Cerrado,CE_15_KURUKA,1.0,KURUKA
1.0,Cerrado,CE_17_ARNO,1.0,ARNO
1.0,Cerrado,CE_21_ZEMARIA,1.0,ZEMARIA
1.0,Cerrado,CE_22_ZEFA,1.0,ZEFA
1.0,Cerrado,CE_23_CARABI,1.0,CARABI
1.0,Cerrado,CE_25_SEGRE,1.0,SEGRE
1.0,Cerrado,CE_27_DONALINA,1.0,DONALINA
1.0,Cerrado,CE_28_ZIGGY,1.0,ZIGGY
1.0,Cerrado,CE_31_ANNA,1.0,ANNA
1.0,Cerrado,CE_34_DONACIDA,1.0,DONACIDA
1.0,Pantanal,PA_03_BANDAID,1.0,BANDAID
1.0,Pantanal,PA_05_KELLY,1.0,KELLY
1.0,Pantanal,PA_08_BENJAMIN,1.0,BENJAMIN
1.0,Pantanal,PA_09_SONIAMADALENA,1.0,SONIAMADALENA
1.0,Pantanal,PA_10_VIVEK,1.0,VIVEK
1.0,Pantanal,PA_11_LUIS,1.0,LUIS
1.0,Pantanal,PA_12_FELIPPE,1.0,FELIPPE
1.0,Pantanal,PA_13_RITA,1.0,RITA
1.0,Pantanal,PA_15_MORENA,1.0,MORENA
1.0,Pantanal,PA_16_DORA,1.0,DORA
1.0,Pantanal,PA_18_NIC,1.0,NIC
1.0,Pantanal,PA_19_SERGIAO,1.0,SERGIAO
1.0,Pantanal,PA_20_SY,1.0,SY
1.0,Pantanal,PA_21_CAIO,1.0,CAIO
1.0,Pantanal,PA_22_EMILIO,1.0,EMILIO
1.0,Pantanal,PA_23_RICK,1.0,RICK
1.0,Pantanal,PA_24_LESLIE,1.0,LESLIE
1.0,Pantanal,PA_26_SACHIN,1.0,SACHIN
1.0,Pantanal,PA_28_DUDA,1.0,DUDA
1.0,Pantanal,PA_29_KARIN,1.0,KARIN
1.0,Pantanal,PA_30_NELSAO,1.0,NELSAO
1.0,Pantanal,PA_31_JORDANO,1.0,JORDANO
1.0,Pantanal,PA_33_GABRIELA,1.0,GABRIELA
1.0,Pantanal,PA_34_CARIJO,1.0,CARIJO
1.0,Pantanal,PA_36_MICHELE,1.0,MICHELE
1.0,Pantanal,PA_38_CASSANDRA,1.0,CASSANDRA
1.0,Pantanal,PA_40_MALU,1.0,MALU
1.0,Pantanal,PA_47_MORENINHO,1.0,MORENINHO
1.0,Pantanal,PA_48_TED,1.0,TED
1.0,Pantanal,PA_49_WALLY,1.0,WALLY
1.0,Pantanal,PA_51_MUCCI,1.0,MUCCI
1.0,Pantanal,PA_52_WIE,1.0,WIE
1.0,Pantanal,PA_54_PAULONA,1.0,PAULONA
1.0,Pantanal,PA_58_LIANA,1.0,LIANA
1.0,Pantanal,PA_59_POPEYE,1.0,POPEYE
1.0,Pantanal,PA_61_DOINHO,1.0,DOINHO
1.0,Pantanal,PA_62_PRETINHO,1.0,PRETINHO
1.0,Pantanal,PA_64_COLUMBUS,1.0,COLUMBUS
1.0,Pantanal,PA_65_VALENTINA,1.0,VALENTINA
1.0,Pantanal,PA_67_CARMINHA,1.0,CARMINHA
1.0,Pantanal,PA_68_FAROFO,1.0,FAROFO
1.0,Pantanal,PA_69_ANGELINA,1.0,ANGELINA
1.0,Pantanal,PA_71_SIDNEY,1.0,SIDNEY
1.0,Pantanal,PA_74_LAURO,1.0,LAURO
1.0,Pantanal,PA_82_DONNA,1.0,DONNA
1.0,Pantanal,PA_86_CUZINHO,1.0,CUZINHO
2.0,Atlantic Forest,AF_01_JOANA,2.0,JOANA
2.0,Atlantic Forest,AF_02_PAULETE,2.0,PAULETE
2.0,Atlantic Forest,AF_05_CHUCHU,2.0,CHUCHU
2.0,Atlantic Forest,AF_12_PATRICIA,2.0,PATRICIA
2.0,Atlantic Forest,AF_14_JAMESBOND,2.0,JAMESBOND
2.0,Atlantic Forest,AF_15_GEORGETE,2.0,GEORGETE
2.0,Atlantic Forest,AF_20_CHICO,2.0,CHICO
2.0,Atlantic Forest,AF_23_TONHA,2.0,TONHA
2.0,Atlantic Forest,AF_24_TINA,2.0,TINA
2.0,Atlantic Forest,AF_25_MAMA,2.0,MAMA
2.0,Cerrado,CE_03_LOU,2.0,LOU
2.0,Cerrado,CE_04_TITI,2.0,TITI
2.0,Cerrado,CE_08_COLOMBINA,2.0,COLOMBINA
2.0,Cerrado,CE_09_PANA,2.0,PANA
2.0,Cerrado,CE_10_ELIS,2.0,ELIS
2.0,Cerrado,CE_11_ZACA,2.0,ZACA
2.0,Cerrado,CE_13_SULI,2.0,SULI
2.0,Cerrado,CE_15_KURUKA,2.0,KURUKA
2.0,Cerrado,CE_17_ARNO,2.0,ARNO
2.0,Cerrado,CE_21_ZEMARIA,2.0,ZEMARIA
2.0,Cerrado,CE_22_ZEFA,2.0,ZEFA
2.0,Cerrado,CE_23_CARABI,2.0,CARABI
2.0,Cerrado,CE_25_SEGRE,2.0,SEGRE
2.0,Cerrado,CE_27_DONALINA,2.0,DONALINA
2.0,Cerrado,CE_28_ZIGGY,2.0,ZIGGY
2.0,Cerrado,CE_31_ANNA,2.0,ANNA
2.0,Cerrado,CE_34_DONACIDA,2.0,DONACIDA
2.0,Pantanal,PA_03_BANDAID,2.0,BANDAID
2.0,Pantanal,PA_05_KELLY,2.0,KELLY
2.0,Pantanal,PA_08_BENJAMIN,2.0,BENJAMIN
2.0,Pantanal,PA_09_SONIAMADALENA,2.0,SONIAMADALENA
2.0,Pantanal,PA_10_VIVEK,2.0,VIVEK
2.0,Pantanal,PA_11_LUIS,2.0,LUIS
2.0,Pantanal,PA_12_FELIPPE,2.0,FELIPPE
2.0,Pantanal,PA_13_RITA,2.0,RITA
2.0,Pantanal,PA_15_MORENA,2.0,MORENA
2.0,Pantanal,PA_16_DORA,2.0,DORA
2.0,Pantanal,PA_18_NIC,2.0,NIC
2.0,Pantanal,PA_19_SERGIAO,2.0,SERGIAO
2.0,Pantanal,PA_20_SY,2.0,SY
2.0,Pantanal,PA_21_CAIO,2.0,CAIO
2.0,Pantanal,PA_22_EMILIO,2.0,EMILIO
2.0,Pantanal,PA_23_RICK,2.0,RICK
2.0,Pantanal,PA_24_LESLIE,2.0,LESLIE
2.0,Pantanal,PA_26_SACHIN,2.0,SACHIN
2.0,Pantanal,PA_28_DUDA,2.0,DUDA
2.0,Pantanal,PA_29_KARIN,2.0,KARIN
2.0,Pantanal,PA_30_NELSAO,2.0,NELSAO
2.0,Pantanal,PA_31_JORDANO,2.0,JORDANO
2.0,Pantanal,PA_33_GABRIELA,2.0,GABRIELA
2.0,Pantanal,PA_34_CARIJO,2.0,CARIJO
2.0,Pantanal,PA_36_MICHELE,2.0,MICHELE
2.0,Pantanal,PA_38_CASSANDRA,2.0,CASSANDRA
2.0,Pantanal,PA_40_MALU,2.0,MALU
2.0,Pantanal,PA_47_MORENINHO,2.0,MORENINHO
2.0,Pantanal,PA_48_TED,2.0,TED
2.0,Pantanal,PA_49_WALLY,2.0,WALLY
2.0,Pantanal,PA_51_MUCCI,2.0,MUCCI
2.0,Pantanal,PA_52_WIE,2.0,WIE
2.0,Pantanal,PA_54_PAULONA,2.0,PAULONA
2.0,Pantanal,PA_58_LIANA,2.0,LIANA
2.0,Pantanal,PA_59_POPEYE,2.0,POPEYE
2.0,Pantanal,PA_61_DOINHO,2.0,DOINHO
2.0,Pantanal,PA_62_PRETINHO,2.0,PRETINHO
2.0,Pantanal,PA_64_COLUMBUS,2.0,COLUMBUS
2.0,Pantanal,PA_65_VALENTINA,2.0,VALENTINA
2.0,Pantanal,PA_67_CARMINHA,2.0,CARMINHA
2.0,Pantanal,PA_68_FAROFO,2.0,FAROFO
2.0,Pantanal,PA_69_ANGELINA,2.0,ANGELINA
2.0,Pantanal,PA_71_SIDNEY,2.0,SIDNEY
2.0,Pantanal,PA_74_LAURO,2.0,LAURO
2.0,Pantanal,PA_82_DONNA,2.0,DONNA
2.0,Pantanal,PA_86_CUZINHO,2.0,CUZINHO
3.0,Atlantic Forest,AF_01_JOANA,3.0,JOANA
3.0,Atlantic Forest,AF_02_PAULETE,3.0,PAULETE
3.0,Atlantic Forest,AF_05_CHUCHU,3.0,CHUCHU
3.0,Atlantic Forest,AF_12_PATRICIA,3.0,PATRICIA
3.0,Atlantic Forest,AF_14_JAMESBOND,3.0,JAMESBOND
3.0,Atlantic Forest,AF_15_GEORGETE,3.0,GEORGETE
3.0,Atlantic Forest,AF_20_CHICO,3.0,CHICO
3.0,Atlantic Forest,AF_23_TONHA,3.0,TONHA
3.0,Atlantic Forest,AF_24_TINA,3.0,TINA
3.0,Atlantic Forest,AF_25_MAMA,3.0,MAMA
3.0,Cerrado,CE_03_LOU,3.0,LOU
3.0,Cerrado,CE_04_TITI,3.0,TITI
3.0,Cerrado,CE_08_COLOMBINA,3.0,COLOMBINA
3.0,Cerrado,CE_09_PANA,3.0,PANA
3.0,Cerrado,CE_10_ELIS,3.0,ELIS
3.0,Cerrado,CE_11_ZACA,3.0,ZACA
3.0,Cerrado,CE_13_SULI,3.0,SULI
3.0,Cerrado,CE_15_KURUKA,3.0,KURUKA
3.0,Cerrado,CE_17_ARNO,3.0,ARNO
3.0,Cerrado,CE_21_ZEMARIA,3.0,ZEMARIA
3.0,Cerrado,CE_22_ZEFA,3.0,ZEFA
3.0,Cerrado,CE_23_CARABI,3.0,CARABI
3.0,Cerrado,CE_25_SEGRE,3.0,SEGRE
3.0,Cerrado,CE_27_DONALINA,3.0,DONALINA
3.0,Cerrado,CE_28_ZIGGY,3.0,ZIGGY
3.0,Cerrado,CE_31_ANNA,3.0,ANNA
3.0,Cerrado,CE_34_DONACIDA,3.0,DONACIDA
3.0,Pantanal,PA_03_BANDAID,3.0,BANDAID
3.0,Pantanal,PA_05_KELLY,3.0,KELLY
3.0,Pantanal,PA_08_BENJAMIN,3.0,BENJAMIN
3.0,Pantanal,PA_09_SONIAMADALENA,3.0,SONIAMADALENA
3.0,Pantanal,PA_10_VIVEK,3.0,VIVEK
3.0,Pantanal,PA_11_LUIS,3.0,LUIS
3.0,Pantanal,PA_12_FELIPPE,3.0,FELIPPE
3.0,Pantanal,PA_13_RITA,3.0,RITA
3.0,Pantanal,PA_15_MORENA,3.0,MORENA
3.0,Pantanal,PA_16_DORA,3.0,DORA
3.0,Pantanal,PA_18_NIC,3.0,NIC
3.0,Pantanal,PA_19_SERGIAO,3.0,SERGIAO
3.0,Pantanal,PA_20_SY,3.0,SY
3.0,Pantanal,PA_21_CAIO,3.0,CAIO
3.0,Pantanal,PA_22_EMILIO,3.0,EMILIO
3.0,Pantanal,PA_23_RICK,3.0,RICK
3.0,Pantanal,PA_24_LESLIE,3.0,LESLIE
3.0,Pantanal,PA_26_SACHIN,3.0,SACHIN
3.0,Pantanal,PA_28_DUDA,3.0,DUDA
3.0,Pantanal,PA_29_KARIN,3.0,KARIN
3.0,Pantanal,PA_30_NELSAO,3.0,NELSAO
3.0,Pantanal,PA_31_JORDANO,3.0,JORDANO
3.0,Pantanal,PA_33_GABRIELA,3.0,GABRIELA
3.0,Pantanal,PA_34_CARIJO,3.0,CARIJO
3.0,Pantanal,PA_36_MICHELE,3.0,MICHELE
3.0,Pantanal,PA_38_CASSANDRA,3.0,CASSANDRA
3.0,Pantanal,PA_40_MALU,3.0,MALU
3.0,Pantanal,PA_47_MORENINHO,3.0,MORENINHO
3.0,Pantanal,PA_48_TED,3.0,TED
3.0,Pantanal,PA_49_WALLY,3.0,WALLY
3.0,Pantanal,PA_51_MUCCI,3.0,MUCCI
3.0,Pantanal,PA_52_WIE,3.0,WIE
3.0,Pantanal,PA_54_PAULONA,3.0,PAULONA
3.0,Pantanal,PA_58_LIANA,3.0,LIANA
3.0,Pantanal,PA_59_POPEYE,3.0,POPEYE
3.0,Pantanal,PA_61_DOINHO,3.0,DOINHO
3.0,Pantanal,PA_62_PRETINHO,3.0,PRETINHO
3.0,Pantanal,PA_64_COLUMBUS,3.0,COLUMBUS
3.0,Pantanal,PA_65_VALENTINA,3.0,VALENTINA
3.0,Pantanal,PA_67_CARMINHA,3.0,CARMINHA
3.0,Pantanal,PA_68_FAROFO,3.0,FAROFO
3.0,Pantanal,PA_69_ANGELINA,3.0,ANGELINA
3.0,Pantanal,PA_71_SIDNEY,3.0,SIDNEY
3.0,Pantanal,PA_74_LAURO,3.0,LAURO
3.0,Pantanal,PA_82_DONNA,3.0,DONNA
3.0,Pantanal,PA_86_CUZINHO,3.0,CUZINHO
4.0,Atlantic Forest,AF_01_JOANA,4.0,JOANA
4.0,Atlantic Forest,AF_02_PAULETE,4.0,PAULETE
4.0,Atlantic Forest,AF_05_CHUCHU,4.0,CHUCHU
4.0,Atlantic Forest,AF_12_PATRICIA,4.0,PATRICIA
4.0,Atlantic Forest,AF_14_JAMESBOND,4.0,JAMESBOND
4.0,Atlantic Forest,AF_15_GEORGETE,4.0,GEORGETE
4.0,Atlantic Forest,AF_20_CHICO,4.0,CHICO
4.0,Atlantic Forest,AF_23_TONHA,4.0,TONHA
4.0,Atlantic Forest,AF_24_TINA,4.0,TINA
4.0,Atlantic Forest,AF_25_MAMA,4.0,MAMA
4.0,Cerrado,CE_03_LOU,4.0,LOU
4.0,Cerrado,CE_04_TITI,4.0,TITI
4.0,Cerrado,CE_08_COLOMBINA,4.0,COLOMBINA
4.0,Cerrado,CE_09_PANA,4.0,PANA
4.0,Cerrado,CE_10_ELIS,4.0,ELIS
4.0,Cerrado,CE_11_ZACA,4.0,ZACA
4.0,Cerrado,CE_13_SULI,4.0,SULI
4.0,Cerrado,CE_15_KURUKA,4.0,KURUKA
4.0,Cerrado,CE_17_ARNO,4.0,ARNO
4.0,Cerrado,CE_21_ZEMARIA,4.0,ZEMARIA
4.0,Cerrado,CE_22_ZEFA,4.0,ZEFA
4.0,Cerrado,CE_23_CARABI,4.0,CARABI
4.0,Cerrado,CE_25_SEGRE,4.0,SEGRE
4.0,Cerrado,CE_27_DONALINA,4.0,DONALINA
4.0,Cerrado,CE_28_ZIGGY,4.0,ZIGGY
4.0,Cerrado,CE_31_ANNA,4.0,ANNA
4.0,Cerrado,CE_34_DONACIDA,4.0,DONACIDA
4.0,Pantanal,PA_03_BANDAID,4.0,BANDAID
4.0,Pantanal,PA_05_KELLY,4.0,KELLY
4.0,Pantanal,PA_08_BENJAMIN,4.0,BENJAMIN
4.0,Pantanal,PA_09_SONIAMADALENA,4.0,SONIAMADALENA
4.0,Pantanal,PA_10_VIVEK,4.0,VIVEK
4.0,Pantanal,PA_11_LUIS,4.0,LUIS
4.0,Pantanal,PA_12_FELIPPE,4.0,FELIPPE
4.0,Pantanal,PA_13_RITA,4.0,RITA
4.0,Pantanal,PA_15_MORENA,4.0,MORENA
4.0,Pantanal,PA_16_DORA,4.0,DORA
4.0,Pantanal,PA_18_NIC,4.0,NIC
4.0,Pantanal,PA_19_SERGIAO,4.0,SERGIAO
4.0,Pantanal,PA_20_SY,4.0,SY
4.0,Pantanal,PA_21_CAIO,4.0,CAIO
4.0,Pantanal,PA_22_EMILIO,4.0,EMILIO
4.0,Pantanal,PA_23_RICK,4.0,RICK
4.0,Pantanal,PA_24_LESLIE,4.0,LESLIE
4.0,Pantanal,PA_26_SACHIN,4.0,SACHIN
4.0,Pantanal,PA_28_DUDA,4.0,DUDA
4.0,Pantanal,PA_29_KARIN,4.0,KARIN
4.0,Pantanal,PA_30_NELSAO,4.0,NELSAO
4.0,Pantanal,PA_31_JORDANO,4.0,JORDANO
4.0,Pantanal,PA_33_GABRIELA,4.0,GABRIELA
4.0,Pantanal,PA_34_CARIJO,4.0,CARIJO
4.0,Pantanal,PA_36_MICHELE,4.0,MICHELE
4.0,Pantanal,PA_38_CASSANDRA,4.0,CASSANDRA
4.0,Pantanal,PA_40_MALU,4.0,MALU
4.0,Pantanal,PA_47_MORENINHO,4.0,MORENINHO
4.0,Pantanal,PA_48_TED,4.0,TED
4.0,Pantanal,PA_49_WALLY,4.0,WALLY
4.0,Pantanal,PA_51_MUCCI,4.0,MUCCI
4.0,Pantanal,PA_52_WIE,4.0,WIE
4.0,Pantanal,PA_54_PAULONA,4.0,PAULONA
4.0,Pantanal,PA_58_LIANA,4.0,LIANA
4.0,Pantanal,PA_59_POPEYE,4.0,POPEYE
4.0,Pantanal,PA_61_DOINHO,4.0,DOINHO
4.0,Pantanal,PA_62_PRETINHO,4.0,PRETINHO
4.0,Pantanal,PA_64_COLUMBUS,4.0,COLUMBUS
4.0,Pantanal,PA_65_VALENTINA,4.0,VALENTINA
4.0,Pantanal,PA_67_CARMINHA,4.0,CARMINHA
4.0,Pantanal,PA_68_FAROFO,4.0,FAROFO
4.0,Pantanal,PA_69_ANGELINA,4.0,ANGELINA
4.0,Pantanal,PA_71_SIDNEY,4.0,SIDNEY
4.0,Pantanal,PA_74_LAURO,4.0,LAURO
4.0,Pantanal,PA_82_DONNA,4.0,DONNA
4.0,Pantanal,PA_86_CUZINHO,4.0,CUZINHO
5.0,Atlantic Forest,AF_01_JOANA,5.0,JOANA
5.0,Atlantic Forest,AF_02_PAULETE,5.0,PAULETE
5.0,Atlantic Forest,AF_05_CHUCHU,5.0,CHUCHU
5.0,Atlantic Forest,AF_12_PATRICIA,5.0,PATRICIA
5.0,Atlantic Forest,AF_14_JAMESBOND,5.0,JAMESBOND
5.0,Atlantic Forest,AF_15_GEORGETE,5.0,GEORGETE
5.0,Atlantic Forest,AF_17_ESPERTA,5.0,ESPERTA
5.0,Atlantic Forest,AF_20_CHICO,5.0,CHICO
5.0,Atlantic Forest,AF_23_TONHA,5.0,TONHA
5.0,Atlantic Forest,AF_24_TINA,5.0,TINA
5.0,Atlantic Forest,AF_25_MAMA,5.0,MAMA
5.0,Cerrado,CE_03_LOU,5.0,LOU
5.0,Cerrado,CE_04_TITI,5.0,TITI
5.0,Cerrado,CE_08_COLOMBINA,5.0,COLOMBINA
5.0,Cerrado,CE_09_PANA,5.0,PANA
5.0,Cerrado,CE_10_ELIS,5.0,ELIS
5.0,Cerrado,CE_11_ZACA,5.0,ZACA
5.0,Cerrado,CE_13_SULI,5.0,SULI
5.0,Cerrado,CE_15_KURUKA,5.0,KURUKA
5.0,Cerrado,CE_17_ARNO,5.0,ARNO
5.0,Cerrado,CE_21_ZEMARIA,5.0,ZEMARIA
5.0,Cerrado,CE_22_ZEFA,5.0,ZEFA
5.0,Cerrado,CE_23_CARABI,5.0,CARABI
5.0,Cerrado,CE_25_SEGRE,5.0,SEGRE
5.0,Cerrado,CE_27_DONALINA,5.0,DONALINA
5.0,Cerrado,CE_28_ZIGGY,5.0,ZIGGY
5.0,Cerrado,CE_31_ANNA,5.0,ANNA
5.0,Cerrado,CE_34_DONACIDA,5.0,DONACIDA
5.0,Pantanal,PA_03_BANDAID,5.0,BANDAID
5.0,Pantanal,PA_05_KELLY,5.0,KELLY
5.0,Pantanal,PA_08_BENJAMIN,5.0,BENJAMIN
5.0,Pantanal,PA_09_SONIAMADALENA,5.0,SONIAMADALENA
5.0,Pantanal,PA_10_VIVEK,5.0,VIVEK
5.0,Pantanal,PA_11_LUIS,5.0,LUIS
5.0,Pantanal,PA_12_FELIPPE,5.0,FELIPPE
5.0,Pantanal,PA_13_RITA,5.0,RITA
5.0,Pantanal,PA_15_MORENA,5.0,MORENA
5.0,Pantanal,PA_16_DORA,5.0,DORA
5.0,Pantanal,PA_18_NIC,5.0,NIC
5.0,Pantanal,PA_19_SERGIAO,5.0,SERGIAO
5.0,Pantanal,PA_20_SY,5.0,SY
5.0,Pantanal,PA_21_CAIO,5.0,CAIO
5.0,Pantanal,PA_22_EMILIO,5.0,EMILIO
5.0,Pantanal,PA_23_RICK,5.0,RICK
5.0,Pantanal,PA_24_LESLIE,5.0,LESLIE
5.0,Pantanal,PA_26_SACHIN,5.0,SACHIN
5.0,Pantanal,PA_28_DUDA,5.0,DUDA
5.0,Pantanal,PA_29_KARIN,5.0,KARIN
5.0,Pantanal,PA_30_NELSAO,5.0,NELSAO
5.0,Pantanal,PA_31_JORDANO,5.0,JORDANO
5.0,Pantanal,PA_33_GABRIELA,5.0,GABRIELA
5.0,Pantanal,PA_34_CARIJO,5.0,CARIJO
5.0,Pantanal,PA_36_MICHELE,5.0,MICHELE
5.0,Pantanal,PA_38_CASSANDRA,5.0,CASSANDRA
5.0,Pantanal,PA_40_MALU,5.0,MALU
5.0,Pantanal,PA_47_MORENINHO,5.0,MORENINHO
5.0,Pantanal,PA_48_TED,5.0,TED
5.0,Pantanal,PA_49_WALLY,5.0,WALLY
5.0,Pantanal,PA_51_MUCCI,5.0,MUCCI
5.0,Pantanal,PA_52_WIE,5.0,WIE
5.0,Pantanal,PA_54_PAULONA,5.0,PAULONA
5.0,Pantanal,PA_58_LIANA,5.0,LIANA
5.0,Pantanal,PA_59_POPEYE,5.0,POPEYE
5.0,Pantanal,PA_61_DOINHO,5.0,DOINHO
5.0,Pantanal,PA_62_PRETINHO,5.0,PRETINHO
5.0,Pantanal,PA_64_COLUMBUS,5.0,COLUMBUS
5.0,Pantanal,PA_65_VALENTINA,5.0,VALENTINA
5.0,Pantanal,PA_67_CARMINHA,5.0,CARMINHA
5.0,Pantanal,PA_68_FAROFO,5.0,FAROFO
5.0,Pantanal,PA_69_ANGELINA,5.0,ANGELINA
5.0,Pantanal,PA_71_SIDNEY,5.0,SIDNEY
5.0,Pantanal,PA_74_LAURO,5.0,LAURO
5.0,Pantanal,PA_82_DONNA,5.0,DONNA
5.0,Pantanal,PA_86_CUZINHO,5.0,CUZINHO
6.0,Atlantic Forest,AF_01_JOANA,6.0,JOANA
6.0,Atlantic Forest,AF_02_PAULETE,6.0,PAULETE
6.0,Atlantic Forest,AF_05_CHUCHU,6.0,CHUCHU
6.0,Atlantic Forest,AF_12_PATRICIA,6.0,PATRICIA
6.0,Atlantic Forest,AF_14_JAMESBOND,6.0,JAMESBOND
6.0,Atlantic Forest,AF_15_GEORGETE,6.0,GEORGETE
6.0,Atlantic Forest,AF_17_ESPERTA,6.0,ESPERTA
6.0,Atlantic Forest,AF_20_CHICO,6.0,CHICO
6.0,Atlantic Forest,AF_23_TONHA,6.0,TONHA
6.0,Atlantic Forest,AF_24_TINA,6.0,TINA
6.0,Atlantic Forest,AF_25_MAMA,6.0,MAMA
6.0,Cerrado,CE_03_LOU,6.0,LOU
6.0,Cerrado,CE_04_TITI,6.0,TITI
6.0,Cerrado,CE_08_COLOMBINA,6.0,COLOMBINA
6.0,Cerrado,CE_09_PANA,6.0,PANA
6.0,Cerrado,CE_10_ELIS,6.0,ELIS
6.0,Cerrado,CE_11_ZACA,6.0,ZACA
6.0,Cerrado,CE_13_SULI,6.0,SULI
6.0,Cerrado,CE_15_KURUKA,6.0,KURUKA
6.0,Cerrado,CE_17_ARNO,6.0,ARNO
6.0,Cerrado,CE_21_ZEMARIA,6.0,ZEMARIA
6.0,Cerrado,CE_22_ZEFA,6.0,ZEFA
6.0,Cerrado,CE_23_CARABI,6.0,CARABI
6.0,Cerrado,CE_25_SEGRE,6.0,SEGRE
6.0,Cerrado,CE_27_DONALINA,6.0,DONALINA
6.0,Cerrado,CE_28_ZIGGY,6.0,ZIGGY
6.0,Cerrado,CE_31_ANNA,6.0,ANNA
6.0,Cerrado,CE_34_DONACIDA,6.0,DONACIDA
6.0,Pantanal,PA_03_BANDAID,6.0,BANDAID
6.0,Pantanal,PA_05_KELLY,6.0,KELLY
6.0,Pantanal,PA_08_BENJAMIN,6.0,BENJAMIN
6.0,Pantanal,PA_09_SONIAMADALENA,6.0,SONIAMADALENA
6.0,Pantanal,PA_10_VIVEK,6.0,VIVEK
6.0,Pantanal,PA_11_LUIS,6.0,LUIS
6.0,Pantanal,PA_12_FELIPPE,6.0,FELIPPE
6.0,Pantanal,PA_13_RITA,6.0,RITA
6.0,Pantanal,PA_15_MORENA,6.0,MORENA
6.0,Pantanal,PA_16_DORA,6.0,DORA
6.0,Pantanal,PA_18_NIC,6.0,NIC
6.0,Pantanal,PA_19_SERGIAO,6.0,SERGIAO
6.0,Pantanal,PA_20_SY,6.0,SY
6.0,Pantanal,PA_21_CAIO,6.0,CAIO
6.0,Pantanal,PA_22_EMILIO,6.0,EMILIO
6.0,Pantanal,PA_23_RICK,6.0,RICK
6.0,Pantanal,PA_24_LESLIE,6.0,LESLIE
6.0,Pantanal,PA_26_SACHIN,6.0,SACHIN
6.0,Pantanal,PA_28_DUDA,6.0,DUDA
6.0,Pantanal,PA_29_KARIN,6.0,KARIN
6.0,Pantanal,PA_30_NELSAO,6.0,NELSAO
6.0,Pantanal,PA_31_JORDANO,6.0,JORDANO
6.0,Pantanal,PA_33_GABRIELA,6.0,GABRIELA
6.0,Pantanal,PA_34_CARIJO,6.0,CARIJO
6.0,Pantanal,PA_36_MICHELE,6.0,MICHELE
6.0,Pantanal,PA_38_CASSANDRA,6.0,CASSANDRA
6.0,Pantanal,PA_40_MALU,6.0,MALU
6.0,Pantanal,PA_47_MORENINHO,6.0,MORENINHO
6.0,Pantanal,PA_48_TED,6.0,TED
6.0,Pantanal,PA_49_WALLY,6.0,WALLY
6.0,Pantanal,PA_51_MUCCI,6.0,MUCCI
6.0,Pantanal,PA_52_WIE,6.0,WIE
6.0,Pantanal,PA_54_PAULONA,6.0,PAULONA
6.0,Pantanal,PA_58_LIANA,6.0,LIANA
6.0,Pantanal,PA_59_POPEYE,6.0,POPEYE
6.0,Pantanal,PA_61_DOINHO,6.0,DOINHO
6.0,Pantanal,PA_62_PRETINHO,6.0,PRETINHO
6.0,Pantanal,PA_64_COLUMBUS,6.0,COLUMBUS
6.0,Pantanal,PA_65_VALENTINA,6.0,VALENTINA
6.0,Pantanal,PA_67_CARMINHA,6.0,CARMINHA
6.0,Pantanal,PA_68_FAROFO,6.0,FAROFO
6.0,Pantanal,PA_69_ANGELINA,6.0,ANGELINA
6.0,Pantanal,PA_71_SIDNEY,6.0,SIDNEY
6.0,Pantanal,PA_74_LAURO,6.0,LAURO
6.0,Pantanal,PA_82_DONNA,6.0,DONNA
6.0,Pantanal,PA_86_CUZINHO,6.0,CUZINHO
7.0,Atlantic Forest,AF_01_JOANA,7.0,JOANA
7.0,Atlantic Forest,AF_02_PAULETE,7.0,PAULETE
7.0,Atlantic Forest,AF_05_CHUCHU,7.0,CHUCHU
7.0,Atlantic Forest,AF_12_PATRICIA,7.0,PATRICIA
7.0,Atlantic Forest,AF_14_JAMESBOND,7.0,JAMESBOND
7.0,Atlantic Forest,AF_15_GEORGETE,7.0,GEORGETE
7.0,Atlantic Forest,AF_17_ESPERTA,7.0,ESPERTA
7.0,Atlantic Forest,AF_20_CHICO,7.0,CHICO
7.0,Atlantic Forest,AF_23_TONHA,7.0,TONHA
7.0,Atlantic Forest,AF_24_TINA,7.0,TINA
7.0,Atlantic Forest,AF_25_MAMA,7.0,MAMA
7.0,Cerrado,CE_03_LOU,7.0,LOU
7.0,Cerrado,CE_04_TITI,7.0,TITI
7.0,Cerrado,CE_08_COLOMBINA,7.0,COLOMBINA
7.0,Cerrado,CE_09_PANA,7.0,PANA
7.0,Cerrado,CE_10_ELIS,7.0,ELIS
7.0,Cerrado,CE_11_ZACA,7.0,ZACA
7.0,Cerrado,CE_13_SULI,7.0,SULI
7.0,Cerrado,CE_15_KURUKA,7.0,KURUKA
7.0,Cerrado,CE_17_ARNO,7.0,ARNO
7.0,Cerrado,CE_21_ZEMARIA,7.0,ZEMARIA
7.0,Cerrado,CE_22_ZEFA,7.0,ZEFA
7.0,Cerrado,CE_23_CARABI,7.0,CARABI
7.0,Cerrado,CE_25_SEGRE,7.0,SEGRE
7.0,Cerrado,CE_27_DONALINA,7.0,DONALINA
7.0,Cerrado,CE_28_ZIGGY,7.0,ZIGGY
7.0,Cerrado,CE_31_ANNA,7.0,ANNA
7.0,Cerrado,CE_34_DONACIDA,7.0,DONACIDA
7.0,Pantanal,PA_03_BANDAID,7.0,BANDAID
7.0,Pantanal,PA_05_KELLY,7.0,KELLY
7.0,Pantanal,PA_08_BENJAMIN,7.0,BENJAMIN
7.0,Pantanal,PA_09_SONIAMADALENA,7.0,SONIAMADALENA
7.0,Pantanal,PA_10_VIVEK,7.0,VIVEK
7.0,Pantanal,PA_11_LUIS,7.0,LUIS
7.0,Pantanal,PA_12_FELIPPE,7.0,FELIPPE
7.0,Pantanal,PA_13_RITA,7.0,RITA
7.0,Pantanal,PA_15_MORENA,7.0,MORENA
7.0,Pantanal,PA_16_DORA,7.0,DORA
7.0,Pantanal,PA_18_NIC,7.0,NIC
7.0,Pantanal,PA_19_SERGIAO,7.0,SERGIAO
7.0,Pantanal,PA_20_SY,7.0,SY
7.0,Pantanal,PA_21_CAIO,7.0,CAIO
7.0,Pantanal,PA_22_EMILIO,7.0,EMILIO
7.0,Pantanal,PA_23_RICK,7.0,RICK
7.0,Pantanal,PA_24_LESLIE,7.0,LESLIE
7.0,Pantanal,PA_26_SACHIN,7.0,SACHIN
7.0,Pantanal,PA_28_DUDA,7.0,DUDA
7.0,Pantanal,PA_29_KARIN,7.0,KARIN
7.0,Pantanal,PA_30_NELSAO,7.0,NELSAO
7.0,Pantanal,PA_31_JORDANO,7.0,JORDANO
7.0,Pantanal,PA_33_GABRIELA,7.0,GABRIELA
7.0,Pantanal,PA_34_CARIJO,7.0,CARIJO
7.0,Pantanal,PA_36_MICHELE,7.0,MICHELE
7.0,Pantanal,PA_38_CASSANDRA,7.0,CASSANDRA
7.0,Pantanal,PA_40_MALU,7.0,MALU
7.0,Pantanal,PA_47_MORENINHO,7.0,MORENINHO
7.0,Pantanal,PA_48_TED,7.0,TED
7.0,Pantanal,PA_49_WALLY,7.0,WALLY
7.0,Pantanal,PA_51_MUCCI,7.0,MUCCI
7.0,Pantanal,PA_52_WIE,7.0,WIE
7.0,Pantanal,PA_54_PAULONA,7.0,PAULONA
7.0,Pantanal,PA_58_LIANA,7.0,LIANA
7.0,Pantanal,PA_59_POPEYE,7.0,POPEYE
7.0,Pantanal,PA_61_DOINHO,7.0,DOINHO
7.0,Pantanal,PA_62_PRETINHO,7.0,PRETINHO
7.0,Pantanal,PA_64_COLUMBUS,7.0,COLUMBUS
7.0,Pantanal,PA_65_VALENTINA,7.0,VALENTINA
7.0,Pantanal,PA_67_CARMINHA,7.0,CARMINHA
7.0,Pantanal,PA_68_FAROFO,7.0,FAROFO
7.0,Pantanal,PA_69_ANGELINA,7.0,ANGELINA
7.0,Pantanal,PA_71_SIDNEY,7.0,SIDNEY
7.0,Pantanal,PA_74_LAURO,7.0,LAURO
7.0,Pantanal,PA_82_DONNA,7.0,DONNA
7.0,Pantanal,PA_86_CUZINHO,7.0,CUZINHO
8.0,Atlantic Forest,AF_01_JOANA,8.0,JOANA
8.0,Atlantic Forest,AF_02_PAULETE,8.0,PAULETE
8.0,Atlantic Forest,AF_05_CHUCHU,8.0,CHUCHU
8.0,Atlantic Forest,AF_12_PATRICIA,8.0,PATRICIA
8.0,Atlantic Forest,AF_15_GEORGETE,8.0,GEORGETE
8.0,Atlantic Forest,AF_17_ESPERTA,8.0,ESPERTA
8.0,Atlantic Forest,AF_20_CHICO,8.0,CHICO
8.0,Atlantic Forest,AF_23_TONHA,8.0,TONHA
8.0,Atlantic Forest,AF_25_MAMA,8.0,MAMA
8.0,Cerrado,CE_03_LOU,8.0,LOU
8.0,Cerrado,CE_04_TITI,8.0,TITI
8.0,Cerrado,CE_08_COLOMBINA,8.0,COLOMBINA
8.0,Cerrado,CE_09_PANA,8.0,PANA
8.0,Cerrado,CE_10_ELIS,8.0,ELIS
8.0,Cerrado,CE_11_ZACA,8.0,ZACA
8.0,Cerrado,CE_13_SULI,8.0,SULI
8.0,Cerrado,CE_15_KURUKA,8.0,KURUKA
8.0,Cerrado,CE_17_ARNO,8.0,ARNO
8.0,Cerrado,CE_21_ZEMARIA,8.0,ZEMARIA
8.0,Cerrado,CE_22_ZEFA,8.0,ZEFA
8.0,Cerrado,CE_23_CARABI,8.0,CARABI
8.0,Cerrado,CE_25_SEGRE,8.0,SEGRE
8.0,Cerrado,CE_27_DONALINA,8.0,DONALINA
8.0,Cerrado,CE_28_ZIGGY,8.0,ZIGGY
8.0,Cerrado,CE_31_ANNA,8.0,ANNA
8.0,Cerrado,CE_34_DONACIDA,8.0,DONACIDA
8.0,Pantanal,PA_03_BANDAID,8.0,BANDAID
8.0,Pantanal,PA_05_KELLY,8.0,KELLY
8.0,Pantanal,PA_08_BENJAMIN,8.0,BENJAMIN
8.0,Pantanal,PA_09_SONIAMADALENA,8.0,SONIAMADALENA
8.0,Pantanal,PA_10_VIVEK,8.0,VIVEK
8.0,Pantanal,PA_11_LUIS,8.0,LUIS
8.0,Pantanal,PA_12_FELIPPE,8.0,FELIPPE
8.0,Pantanal,PA_13_RITA,8.0,RITA
8.0,Pantanal,PA_15_MORENA,8.0,MORENA
8.0,Pantanal,PA_16_DORA,8.0,DORA
8.0,Pantanal,PA_18_NIC,8.0,NIC
8.0,Pantanal,PA_19_SERGIAO,8.0,SERGIAO
8.0,Pantanal,PA_20_SY,8.0,SY
8.0,Pantanal,PA_21_CAIO,8.0,CAIO
8.0,Pantanal,PA_22_EMILIO,8.0,EMILIO
8.0,Pantanal,PA_23_RICK,8.0,RICK
8.0,Pantanal,PA_24_LESLIE,8.0,LESLIE
8.0,Pantanal,PA_26_SACHIN,8.0,SACHIN
8.0,Pantanal,PA_28_DUDA,8.0,DUDA
8.0,Pantanal,PA_29_KARIN,8.0,KARIN
8.0,Pantanal,PA_30_NELSAO,8.0,NELSAO
8.0,Pantanal,PA_31_JORDANO,8.0,JORDANO
8.0,Pantanal,PA_33_GABRIELA,8.0,GABRIELA
8.0,Pantanal,PA_34_CARIJO,8.0,CARIJO
8.0,Pantanal,PA_36_MICHELE,8.0,MICHELE
8.0,Pantanal,PA_38_CASSANDRA,8.0,CASSANDRA
8.0,Pantanal,PA_40_MALU,8.0,MALU
8.0,Pantanal,PA_47_MORENINHO,8.0,MORENINHO
8.0,Pantanal,PA_48_TED,8.0,TED
8.0,Pantanal,PA_49_WALLY,8.0,WALLY
8.0,Pantanal,PA_51_MUCCI,8.0,MUCCI
8.0,Pantanal,PA_52_WIE,8.0,WIE
8.0,Pantanal,PA_54_PAULONA,8.0,PAULONA
8.0,Pantanal,PA_58_LIANA,8.0,LIANA
8.0,Pantanal,PA_59_POPEYE,8.0,POPEYE
8.0,Pantanal,PA_61_DOINHO,8.0,DOINHO
8.0,Pantanal,PA_62_PRETINHO,8.0,PRETINHO
8.0,Pantanal,PA_64_COLUMBUS,8.0,COLUMBUS
8.0,Pantanal,PA_65_VALENTINA,8.0,VALENTINA
8.0,Pantanal,PA_67_CARMINHA,8.0,CARMINHA
8.0,Pantanal,PA_68_FAROFO,8.0,FAROFO
8.0,Pantanal,PA_69_ANGELINA,8.0,ANGELINA
8.0,Pantanal,PA_71_SIDNEY,8.0,SIDNEY
8.0,Pantanal,PA_74_LAURO,8.0,LAURO
8.0,Pantanal,PA_82_DONNA,8.0,DONNA
8.0,Pantanal,PA_86_CUZINHO,8.0,CUZINHO
9.0,Atlantic Forest,AF_01_JOANA,9.0,JOANA
9.0,Atlantic Forest,AF_02_PAULETE,9.0,PAULETE
9.0,Atlantic Forest,AF_05_CHUCHU,9.0,CHUCHU
9.0,Atlantic Forest,AF_14_JAMESBOND,9.0,JAMESBOND
9.0,Atlantic Forest,AF_15_GEORGETE,9.0,GEORGETE
9.0,Atlantic Forest,AF_17_ESPERTA,9.0,ESPERTA
9.0,Atlantic Forest,AF_20_CHICO,9.0,CHICO
9.0,Atlantic Forest,AF_23_TONHA,9.0,TONHA
9.0,Atlantic Forest,AF_25_MAMA,9.0,MAMA
9.0,Cerrado,CE_03_LOU,9.0,LOU
9.0,Cerrado,CE_04_TITI,9.0,TITI
9.0,Cerrado,CE_08_COLOMBINA,9.0,COLOMBINA
9.0,Cerrado,CE_09_PANA,9.0,PANA
9.0,Cerrado,CE_11_ZACA,9.0,ZACA
9.0,Cerrado,CE_13_SULI,9.0,SULI
9.0,Cerrado,CE_15_KURUKA,9.0,KURUKA
9.0,Cerrado,CE_17_ARNO,9.0,ARNO
9.0,Cerrado,CE_21_ZEMARIA,9.0,ZEMARIA
9.0,Cerrado,CE_22_ZEFA,9.0,ZEFA
9.0,Cerrado,CE_23_CARABI,9.0,CARABI
9.0,Cerrado,CE_25_SEGRE,9.0,SEGRE
9.0,Cerrado,CE_27_DONALINA,9.0,DONALINA
9.0,Cerrado,CE_28_ZIGGY,9.0,ZIGGY
9.0,Cerrado,CE_31_ANNA,9.0,ANNA
9.0,Cerrado,CE_34_DONACIDA,9.0,DONACIDA
9.0,Pantanal,PA_03_BANDAID,9.0,BANDAID
9.0,Pantanal,PA_05_KELLY,9.0,KELLY
9.0,Pantanal,PA_08_BENJAMIN,9.0,BENJAMIN
9.0,Pantanal,PA_09_SONIAMADALENA,9.0,SONIAMADALENA
9.0,Pantanal,PA_10_VIVEK,9.0,VIVEK
9.0,Pantanal,PA_11_LUIS,9.0,LUIS
9.0,Pantanal,PA_12_FELIPPE,9.0,FELIPPE
9.0,Pantanal,PA_13_RITA,9.0,RITA
9.0,Pantanal,PA_15_MORENA,9.0,MORENA
9.0,Pantanal,PA_16_DORA,9.0,DORA
9.0,Pantanal,PA_18_NIC,9.0,NIC
9.0,Pantanal,PA_19_SERGIAO,9.0,SERGIAO
9.0,Pantanal,PA_20_SY,9.0,SY
9.0,Pantanal,PA_21_CAIO,9.0,CAIO
9.0,Pantanal,PA_22_EMILIO,9.0,EMILIO
9.0,Pantanal,PA_23_RICK,9.0,RICK
9.0,Pantanal,PA_24_LESLIE,9.0,LESLIE
9.0,Pantanal,PA_26_SACHIN,9.0,SACHIN
9.0,Pantanal,PA_28_DUDA,9.0,DUDA
9.0,Pantanal,PA_29_KARIN,9.0,KARIN
9.0,Pantanal,PA_30_NELSAO,9.0,NELSAO
9.0,Pantanal,PA_31_JORDANO,9.0,JORDANO
9.0,Pantanal,PA_33_GABRIELA,9.0,GABRIELA
9.0,Pantanal,PA_34_CARIJO,9.0,CARIJO
9.0,Pantanal,PA_36_MICHELE,9.0,MICHELE
9.0,Pantanal,PA_38_CASSANDRA,9.0,CASSANDRA
9.0,Pantanal,PA_40_MALU,9.0,MALU
9.0,Pantanal,PA_47_MORENINHO,9.0,MORENINHO
9.0,Pantanal,PA_48_TED,9.0,TED
9.0,Pantanal,PA_49_WALLY,9.0,WALLY
9.0,Pantanal,PA_51_MUCCI,9.0,MUCCI
9.0,Pantanal,PA_52_WIE,9.0,WIE
9.0,Pantanal,PA_54_PAULONA,9.0,PAULONA
9.0,Pantanal,PA_58_LIANA,9.0,LIANA
9.0,Pantanal,PA_59_POPEYE,9.0,POPEYE
9.0,Pantanal,PA_61_DOINHO,9.0,DOINHO
9.0,Pantanal,PA_62_PRETINHO,9.0,PRETINHO
9.0,Pantanal,PA_64_COLUMBUS,9.0,COLUMBUS
9.0,Pantanal,PA_65_VALENTINA,9.0,VALENTINA
9.0,Pantanal,PA_67_CARMINHA,9.0,CARMINHA
9.0,Pantanal,PA_68_FAROFO,9.0,FAROFO
9.0,Pantanal,PA_69_ANGELINA,9.0,ANGELINA
9.0,Pantanal,PA_71_SIDNEY,9.0,SIDNEY
9.0,Pantanal,PA_74_LAURO,9.0,LAURO
9.0,Pantanal,PA_82_DONNA,9.0,DONNA
9.0,Pantanal,PA_86_CUZINHO,9.0,CUZINHO
10.0,Atlantic Forest,AF_01_JOANA,10.0,JOANA
10.0,Atlantic Forest,AF_02_PAULETE,10.0,PAULETE
10.0,Atlantic Forest,AF_05_CHUCHU,10.0,CHUCHU
10.0,Atlantic Forest,AF_12_PATRICIA,10.0,PATRICIA
10.0,Atlantic Forest,AF_17_ESPERTA,10.0,ESPERTA
10.0,Cerrado,CE_03_LOU,10.0,LOU
10.0,Cerrado,CE_04_TITI,10.0,TITI
10.0,Cerrado,CE_08_COLOMBINA,10.0,COLOMBINA
10.0,Cerrado,CE_09_PANA,10.0,PANA
10.0,Cerrado,CE_11_ZACA,10.0,ZACA
10.0,Cerrado,CE_13_SULI,10.0,SULI
10.0,Cerrado,CE_15_KURUKA,10.0,KURUKA
10.0,Cerrado,CE_17_ARNO,10.0,ARNO
10.0,Cerrado,CE_21_ZEMARIA,10.0,ZEMARIA
10.0,Cerrado,CE_22_ZEFA,10.0,ZEFA
10.0,Cerrado,CE_23_CARABI,10.0,CARABI
10.0,Cerrado,CE_25_SEGRE,10.0,SEGRE
10.0,Cerrado,CE_27_DONALINA,10.0,DONALINA
10.0,Cerrado,CE_28_ZIGGY,10.0,ZIGGY
10.0,Cerrado,CE_31_ANNA,10.0,ANNA
10.0,Cerrado,CE_34_DONACIDA,10.0,DONACIDA
10.0,Pantanal,PA_03_BANDAID,10.0,BANDAID
10.0,Pantanal,PA_05_KELLY,10.0,KELLY
10.0,Pantanal,PA_08_BENJAMIN,10.0,BENJAMIN
10.0,Pantanal,PA_09_SONIAMADALENA,10.0,SONIAMADALENA
10.0,Pantanal,PA_10_VIVEK,10.0,VIVEK
10.0,Pantanal,PA_11_LUIS,10.0,LUIS
10.0,Pantanal,PA_12_FELIPPE,10.0,FELIPPE
10.0,Pantanal,PA_13_RITA,10.0,RITA
10.0,Pantanal,PA_15_MORENA,10.0,MORENA
10.0,Pantanal,PA_16_DORA,10.0,DORA
10.0,Pantanal,PA_18_NIC,10.0,NIC
10.0,Pantanal,PA_19_SERGIAO,10.0,SERGIAO
10.0,Pantanal,PA_20_SY,10.0,SY
10.0,Pantanal,PA_21_CAIO,10.0,CAIO
10.0,Pantanal,PA_22_EMILIO,10.0,EMILIO
10.0,Pantanal,PA_23_RICK,10.0,RICK
10.0,Pantanal,PA_24_LESLIE,10.0,LESLIE
10.0,Pantanal,PA_26_SACHIN,10.0,SACHIN
10.0,Pantanal,PA_28_DUDA,10.0,DUDA
10.0,Pantanal,PA_29_KARIN,10.0,KARIN
10.0,Pantanal,PA_30_NELSAO,10.0,NELSAO
10.0,Pantanal,PA_31_JORDANO,10.0,JORDANO
10.0,Pantanal,PA_33_GABRIELA,10.0,GABRIELA
10.0,Pantanal,PA_34_CARIJO,10.0,CARIJO
10.0,Pantanal,PA_36_MICHELE,10.0,MICHELE
10.0,Pantanal,PA_38_CASSANDRA,10.0,CASSANDRA
10.0,Pantanal,PA_40_MALU,10.0,MALU
10.0,Pantanal,PA_47_MORENINHO,10.0,MORENINHO
10.0,Pantanal,PA_48_TED,10.0,TED
10.0,Pantanal,PA_49_WALLY,10.0,WALLY
10.0,Pantanal,PA_51_MUCCI,10.0,MUCCI
10.0,Pantanal,PA_52_WIE,10.0,WIE
10.0,Pantanal,PA_54_PAULONA,10.0,PAULONA
10.0,Pantanal,PA_58_LIANA,10.0,LIANA
10.0,Pantanal,PA_59_POPEYE,10.0,POPEYE
10.0,Pantanal,PA_61_DOINHO,10.0,DOINHO
10.0,Pantanal,PA_62_PRETINHO,10.0,PRETINHO
10.0,Pantanal,PA_64_COLUMBUS,10.0,COLUMBUS
10.0,Pantanal,PA_65_VALENTINA,10.0,VALENTINA
10.0,Pantanal,PA_67_CARMINHA,10.0,CARMINHA
10.0,Pantanal,PA_68_FAROFO,10.0,FAROFO
10.0,Pantanal,PA_69_ANGELINA,10.0,ANGELINA
10.0,Pantanal,PA_71_SIDNEY,10.0,SIDNEY
10.0,Pantanal,PA_74_LAURO,10.0,LAURO
10.0,Pantanal,PA_82_DONNA,10.0,DONNA
10.0,Pantanal,PA_86_CUZINHO,10.0,CUZINHO
11.0,Atlantic Forest,AF_01_JOANA,11.0,JOANA
11.0,Atlantic Forest,AF_02_PAULETE,11.0,PAULETE
11.0,Atlantic Forest,AF_05_CHUCHU,11.0,CHUCHU
11.0,Atlantic Forest,AF_12_PATRICIA,11.0,PATRICIA
11.0,Atlantic Forest,AF_14_JAMESBOND,11.0,JAMESBOND
11.0,Atlantic Forest,AF_15_GEORGETE,11.0,GEORGETE
11.0,Atlantic Forest,AF_17_ESPERTA,11.0,ESPERTA
11.0,Atlantic Forest,AF_23_TONHA,11.0,TONHA
11.0,Cerrado,CE_03_LOU,11.0,LOU
11.0,Cerrado,CE_04_TITI,11.0,TITI
11.0,Cerrado,CE_08_COLOMBINA,11.0,COLOMBINA
11.0,Cerrado,CE_09_PANA,11.0,PANA
11.0,Cerrado,CE_11_ZACA,11.0,ZACA
11.0,Cerrado,CE_13_SULI,11.0,SULI
11.0,Cerrado,CE_15_KURUKA,11.0,KURUKA
11.0,Cerrado,CE_17_ARNO,11.0,ARNO
11.0,Cerrado,CE_21_ZEMARIA,11.0,ZEMARIA
11.0,Cerrado,CE_22_ZEFA,11.0,ZEFA
11.0,Cerrado,CE_23_CARABI,11.0,CARABI
11.0,Cerrado,CE_25_SEGRE,11.0,SEGRE
11.0,Cerrado,CE_27_DONALINA,11.0,DONALINA
11.0,Cerrado,CE_28_ZIGGY,11.0,ZIGGY
11.0,Cerrado,CE_31_ANNA,11.0,ANNA
11.0,Cerrado,CE_34_DONACIDA,11.0,DONACIDA
11.0,Pantanal,PA_08_BENJAMIN,11.0,BENJAMIN
11.0,Pantanal,PA_09_SONIAMADALENA,11.0,SONIAMADALENA
11.0,Pantanal,PA_11_LUIS,11.0,LUIS
11.0,Pantanal,PA_12_FELIPPE,11.0,FELIPPE
11.0,Pantanal,PA_13_RITA,11.0,RITA
11.0,Pantanal,PA_15_MORENA,11.0,MORENA
11.0,Pantanal,PA_19_SERGIAO,11.0,SERGIAO
11.0,Pantanal,PA_20_SY,11.0,SY
11.0,Pantanal,PA_21_CAIO,11.0,CAIO
11.0,Pantanal,PA_23_RICK,11.0,RICK
11.0,Pantanal,PA_24_LESLIE,11.0,LESLIE
11.0,Pantanal,PA_28_DUDA,11.0,DUDA
11.0,Pantanal,PA_33_GABRIELA,11.0,GABRIELA
11.0,Pantanal,PA_34_CARIJO,11.0,CARIJO
11.0,Pantanal,PA_36_MICHELE,11.0,MICHELE
11.0,Pantanal,PA_40_MALU,11.0,MALU
11.0,Pantanal,PA_47_MORENINHO,11.0,MORENINHO
11.0,Pantanal,PA_48_TED,11.0,TED
11.0,Pantanal,PA_49_WALLY,11.0,WALLY
11.0,Pantanal,PA_51_MUCCI,11.0,MUCCI
11.0,Pantanal,PA_52_WIE,11.0,WIE
11.0,Pantanal,PA_54_PAULONA,11.0,PAULONA
11.0,Pantanal,PA_58_LIANA,11.0,LIANA
11.0,Pantanal,PA_59_POPEYE,11.0,POPEYE
11.0,Pantanal,PA_61_DOINHO,11.0,DOINHO
11.0,Pantanal,PA_62_PRETINHO,11.0,PRETINHO
11.0,Pantanal,PA_64_COLUMBUS,11.0,COLUMBUS
11.0,Pantanal,PA_65_VALENTINA,11.0,VALENTINA
11.0,Pantanal,PA_67_CARMINHA,11.0,CARMINHA
11.0,Pantanal,PA_68_FAROFO,11.0,FAROFO
11.0,Pantanal,PA_69_ANGELINA,11.0,ANGELINA
11.0,Pantanal,PA_71_SIDNEY,11.0,SIDNEY
11.0,Pantanal,PA_74_LAURO,11.0,LAURO
11.0,Pantanal,PA_82_DONNA,11.0,DONNA
11.0,Pantanal,PA_86_CUZINHO,11.0,CUZINHO
12.0,Atlantic Forest,AF_01_JOANA,12.0,JOANA
12.0,Atlantic Forest,AF_02_PAULETE,12.0,PAULETE
12.0,Atlantic Forest,AF_05_CHUCHU,12.0,CHUCHU
12.0,Atlantic Forest,AF_12_PATRICIA,12.0,PATRICIA
12.0,Atlantic Forest,AF_14_JAMESBOND,12.0,JAMESBOND
12.0,Atlantic Forest,AF_15_GEORGETE,12.0,GEORGETE
12.0,Cerrado,CE_03_LOU,12.0,LOU
12.0,Cerrado,CE_04_TITI,12.0,TITI
12.0,Cerrado,CE_08_COLOMBINA,12.0,COLOMBINA
12.0,Cerrado,CE_09_PANA,12.0,PANA
12.0,Cerrado,CE_10_ELIS,12.0,ELIS
12.0,Cerrado,CE_11_ZACA,12.0,ZACA
12.0,Cerrado,CE_13_SULI,12.0,SULI
12.0,Cerrado,CE_15_KURUKA,12.0,KURUKA
12.0,Cerrado,CE_17_ARNO,12.0,ARNO
12.0,Cerrado,CE_21_ZEMARIA,12.0,ZEMARIA
12.0,Cerrado,CE_22_ZEFA,12.0,ZEFA
12.0,Cerrado,CE_23_CARABI,12.0,CARABI
12.0,Cerrado,CE_25_SEGRE,12.0,SEGRE
12.0,Cerrado,CE_27_DONALINA,12.0,DONALINA
12.0,Cerrado,CE_28_ZIGGY,12.0,ZIGGY
12.0,Cerrado,CE_31_ANNA,12.0,ANNA
12.0,Cerrado,CE_34_DONACIDA,12.0,DONACIDA
12.0,Pantanal,PA_03_BANDAID,12.0,BANDAID
12.0,Pantanal,PA_05_KELLY,12.0,KELLY
12.0,Pantanal,PA_08_BENJAMIN,12.0,BENJAMIN
12.0,Pantanal,PA_09_SONIAMADALENA,12.0,SONIAMADALENA
12.0,Pantanal,PA_10_VIVEK,12.0,VIVEK
12.0,Pantanal,PA_12_FELIPPE,12.0,FELIPPE
12.0,Pantanal,PA_13_RITA,12.0,RITA
12.0,Pantanal,PA_15_MORENA,12.0,MORENA
12.0,Pantanal,PA_19_SERGIAO,12.0,SERGIAO
12.0,Pantanal,PA_20_SY,12.0,SY
12.0,Pantanal,PA_23_RICK,12.0,RICK
12.0,Pantanal,PA_28_DUDA,12.0,DUDA
12.0,Pantanal,PA_29_KARIN,12.0,KARIN
12.0,Pantanal,PA_31_JORDANO,12.0,JORDANO
12.0,Pantanal,PA_33_GABRIELA,12.0,GABRIELA
12.0,Pantanal,PA_34_CARIJO,12.0,CARIJO
12.0,Pantanal,PA_36_MICHELE,12.0,MICHELE
12.0,Pantanal,PA_40_MALU,12.0,MALU
12.0,Pantanal,PA_47_MORENINHO,12.0,MORENINHO
12.0,Pantanal,PA_48_TED,12.0,TED
12.0,Pantanal,PA_49_WALLY,12.0,WALLY
12.0,Pantanal,PA_51_MUCCI,12.0,MUCCI
12.0,Pantanal,PA_52_WIE,12.0,WIE
12.0,Pantanal,PA_54_PAULONA,12.0,PAULONA
12.0,Pantanal,PA_58_LIANA,12.0,LIANA
12.0,Pantanal,PA_59_POPEYE,12.0,POPEYE
12.0,Pantanal,PA_61_DOINHO,12.0,DOINHO
12.0,Pantanal,PA_62_PRETINHO,12.0,PRETINHO
12.0,Pantanal,PA_64_COLUMBUS,12.0,COLUMBUS
12.0,Pantanal,PA_65_VALENTINA,12.0,VALENTINA
12.0,Pantanal,PA_67_CARMINHA,12.0,CARMINHA
12.0,Pantanal,PA_68_FAROFO,12.0,FAROFO
12.0,Pantanal,PA_69_ANGELINA,12.0,ANGELINA
12.0,Pantanal,PA_71_SIDNEY,12.0,SIDNEY
12.0,Pantanal,PA_74_LAURO,12.0,LAURO
12.0,Pantanal,PA_82_DONNA,12.0,DONNA
12.0,Pantanal,PA_86_CUZINHO,12.0,CUZINHO
13.0,Atlantic Forest,AF_01_JOANA,13.0,JOANA
13.0,Atlantic Forest,AF_02_PAULETE,13.0,PAULETE
13.0,Atlantic Forest,AF_05_CHUCHU,13.0,CHUCHU
13.0,Atlantic Forest,AF_12_PATRICIA,13.0,PATRICIA
13.0,Atlantic Forest,AF_14_JAMESBOND,13.0,JAMESBOND
13.0,Atlantic Forest,AF_15_GEORGETE,13.0,GEORGETE
13.0,Atlantic Forest,AF_17_ESPERTA,13.0,ESPERTA
13.0,Atlantic Forest,AF_20_CHICO,13.0,CHICO
13.0,Cerrado,CE_03_LOU,13.0,LOU
13.0,Cerrado,CE_04_TITI,13.0,TITI
13.0,Cerrado,CE_08_COLOMBINA,13.0,COLOMBINA
13.0,Cerrado,CE_09_PANA,13.0,PANA
13.0,Cerrado,CE_11_ZACA,13.0,ZACA
13.0,Cerrado,CE_13_SULI,13.0,SULI
13.0,Cerrado,CE_15_KURUKA,13.0,KURUKA
13.0,Cerrado,CE_17_ARNO,13.0,ARNO
13.0,Cerrado,CE_21_ZEMARIA,13.0,ZEMARIA
13.0,Cerrado,CE_22_ZEFA,13.0,ZEFA
13.0,Cerrado,CE_23_CARABI,13.0,CARABI
13.0,Cerrado,CE_25_SEGRE,13.0,SEGRE
13.0,Cerrado,CE_27_DONALINA,13.0,DONALINA
13.0,Cerrado,CE_28_ZIGGY,13.0,ZIGGY
13.0,Cerrado,CE_31_ANNA,13.0,ANNA
13.0,Cerrado,CE_34_DONACIDA,13.0,DONACIDA
13.0,Pantanal,PA_03_BANDAID,13.0,BANDAID
13.0,Pantanal,PA_05_KELLY,13.0,KELLY
13.0,Pantanal,PA_09_SONIAMADALENA,13.0,SONIAMADALENA
13.0,Pantanal,PA_13_RITA,13.0,RITA
13.0,Pantanal,PA_15_MORENA,13.0,MORENA
13.0,Pantanal,PA_19_SERGIAO,13.0,SERGIAO
13.0,Pantanal,PA_20_SY,13.0,SY
13.0,Pantanal,PA_28_DUDA,13.0,DUDA
13.0,Pantanal,PA_31_JORDANO,13.0,JORDANO
13.0,Pantanal,PA_33_GABRIELA,13.0,GABRIELA
13.0,Pantanal,PA_34_CARIJO,13.0,CARIJO
13.0,Pantanal,PA_36_MICHELE,13.0,MICHELE
13.0,Pantanal,PA_40_MALU,13.0,MALU
13.0,Pantanal,PA_47_MORENINHO,13.0,MORENINHO
13.0,Pantanal,PA_48_TED,13.0,TED
13.0,Pantanal,PA_49_WALLY,13.0,WALLY
13.0,Pantanal,PA_51_MUCCI,13.0,MUCCI
13.0,Pantanal,PA_52_WIE,13.0,WIE
13.0,Pantanal,PA_54_PAULONA,13.0,PAULONA
13.0,Pantanal,PA_58_LIANA,13.0,LIANA
13.0,Pantanal,PA_59_POPEYE,13.0,POPEYE
13.0,Pantanal,PA_61_DOINHO,13.0,DOINHO
13.0,Pantanal,PA_62_PRETINHO,13.0,PRETINHO
13.0,Pantanal,PA_64_COLUMBUS,13.0,COLUMBUS
13.0,Pantanal,PA_65_VALENTINA,13.0,VALENTINA
13.0,Pantanal,PA_67_CARMINHA,13.0,CARMINHA
13.0,Pantanal,PA_68_FAROFO,13.0,FAROFO
13.0,Pantanal,PA_69_ANGELINA,13.0,ANGELINA
13.0,Pantanal,PA_71_SIDNEY,13.0,SIDNEY
13.0,Pantanal,PA_74_LAURO,13.0,LAURO
13.0,Pantanal,PA_82_DONNA,13.0,DONNA
13.0,Pantanal,PA_86_CUZINHO,13.0,CUZINHO
14.0,Atlantic Forest,AF_01_JOANA,14.0,JOANA
14.0,Atlantic Forest,AF_02_PAULETE,14.0,PAULETE
14.0,Atlantic Forest,AF_05_CHUCHU,14.0,CHUCHU
14.0,Atlantic Forest,AF_12_PATRICIA,14.0,PATRICIA
14.0,Atlantic Forest,AF_15_GEORGETE,14.0,GEORGETE
14.0,Atlantic Forest,AF_20_CHICO,14.0,CHICO
14.0,Cerrado,CE_03_LOU,14.0,LOU
14.0,Cerrado,CE_04_TITI,14.0,TITI
14.0,Cerrado,CE_08_COLOMBINA,14.0,COLOMBINA
14.0,Cerrado,CE_09_PANA,14.0,PANA
14.0,Cerrado,CE_11_ZACA,14.0,ZACA
14.0,Cerrado,CE_13_SULI,14.0,SULI
14.0,Cerrado,CE_15_KURUKA,14.0,KURUKA
14.0,Cerrado,CE_17_ARNO,14.0,ARNO
14.0,Cerrado,CE_21_ZEMARIA,14.0,ZEMARIA
14.0,Cerrado,CE_22_ZEFA,14.0,ZEFA
14.0,Cerrado,CE_23_CARABI,14.0,CARABI
14.0,Cerrado,CE_25_SEGRE,14.0,SEGRE
14.0,Cerrado,CE_27_DONALINA,14.0,DONALINA
14.0,Cerrado,CE_28_ZIGGY,14.0,ZIGGY
14.0,Cerrado,CE_31_ANNA,14.0,ANNA
14.0,Cerrado,CE_34_DONACIDA,14.0,DONACIDA
14.0,Pantanal,PA_03_BANDAID,14.0,BANDAID
14.0,Pantanal,PA_05_KELLY,14.0,KELLY
14.0,Pantanal,PA_08_BENJAMIN,14.0,BENJAMIN
14.0,Pantanal,PA_09_SONIAMADALENA,14.0,SONIAMADALENA
14.0,Pantanal,PA_10_VIVEK,14.0,VIVEK
14.0,Pantanal,PA_13_RITA,14.0,RITA
14.0,Pantanal,PA_15_MORENA,14.0,MORENA
14.0,Pantanal,PA_16_DORA,14.0,DORA
14.0,Pantanal,PA_19_SERGIAO,14.0,SERGIAO
14.0,Pantanal,PA_20_SY,14.0,SY
14.0,Pantanal,PA_21_CAIO,14.0,CAIO
14.0,Pantanal,PA_23_RICK,14.0,RICK
14.0,Pantanal,PA_26_SACHIN,14.0,SACHIN
14.0,Pantanal,PA_28_DUDA,14.0,DUDA
14.0,Pantanal,PA_31_JORDANO,14.0,JORDANO
14.0,Pantanal,PA_33_GABRIELA,14.0,GABRIELA
14.0,Pantanal,PA_34_CARIJO,14.0,CARIJO
14.0,Pantanal,PA_36_MICHELE,14.0,MICHELE
14.0,Pantanal,PA_40_MALU,14.0,MALU
14.0,Pantanal,PA_47_MORENINHO,14.0,MORENINHO
14.0,Pantanal,PA_48_TED,14.0,TED
14.0,Pantanal,PA_49_WALLY,14.0,WALLY
14.0,Pantanal,PA_51_MUCCI,14.0,MUCCI
14.0,Pantanal,PA_52_WIE,14.0,WIE
14.0,Pantanal,PA_54_PAULONA,14.0,PAULONA
14.0,Pantanal,PA_58_LIANA,14.0,LIANA
14.0,Pantanal,PA_59_POPEYE,14.0,POPEYE
14.0,Pantanal,PA_61_DOINHO,14.0,DOINHO
14.0,Pantanal,PA_62_PRETINHO,14.0,PRETINHO
14.0,Pantanal,PA_64_COLUMBUS,14.0,COLUMBUS
14.0,Pantanal,PA_65_VALENTINA,14.0,VALENTINA
14.0,Pantanal,PA_67_CARMINHA,14.0,CARMINHA
14.0,Pantanal,PA_68_FAROFO,14.0,FAROFO
14.0,Pantanal,PA_69_ANGELINA,14.0,ANGELINA
14.0,Pantanal,PA_71_SIDNEY,14.0,SIDNEY
14.0,Pantanal,PA_74_LAURO,14.0,LAURO
14.0,Pantanal,PA_82_DONNA,14.0,DONNA
14.0,Pantanal,PA_86_CUZINHO,14.0,CUZINHO
15.0,Atlantic Forest,AF_01_JOANA,15.0,JOANA
15.0,Atlantic Forest,AF_02_PAULETE,15.0,PAULETE
15.0,Atlantic Forest,AF_05_CHUCHU,15.0,CHUCHU
15.0,Atlantic Forest,AF_14_JAMESBOND,15.0,JAMESBOND
15.0,Atlantic Forest,AF_15_GEORGETE,15.0,GEORGETE
15.0,Atlantic Forest,AF_17_ESPERTA,15.0,ESPERTA
15.0,Atlantic Forest,AF_20_CHICO,15.0,CHICO
15.0,Atlantic Forest,AF_23_TONHA,15.0,TONHA
15.0,Atlantic Forest,AF_25_MAMA,15.0,MAMA
15.0,Cerrado,CE_03_LOU,15.0,LOU
15.0,Cerrado,CE_04_TITI,15.0,TITI
15.0,Cerrado,CE_08_COLOMBINA,15.0,COLOMBINA
15.0,Cerrado,CE_09_PANA,15.0,PANA
15.0,Cerrado,CE_10_ELIS,15.0,ELIS
15.0,Cerrado,CE_11_ZACA,15.0,ZACA
15.0,Cerrado,CE_13_SULI,15.0,SULI
15.0,Cerrado,CE_15_KURUKA,15.0,KURUKA
15.0,Cerrado,CE_17_ARNO,15.0,ARNO
15.0,Cerrado,CE_21_ZEMARIA,15.0,ZEMARIA
15.0,Cerrado,CE_22_ZEFA,15.0,ZEFA
15.0,Cerrado,CE_23_CARABI,15.0,CARABI
15.0,Cerrado,CE_25_SEGRE,15.0,SEGRE
15.0,Cerrado,CE_27_DONALINA,15.0,DONALINA
15.0,Cerrado,CE_28_ZIGGY,15.0,ZIGGY
15.0,Cerrado,CE_31_ANNA,15.0,ANNA
15.0,Cerrado,CE_34_DONACIDA,15.0,DONACIDA
15.0,Pantanal,PA_03_BANDAID,15.0,BANDAID
15.0,Pantanal,PA_05_KELLY,15.0,KELLY
15.0,Pantanal,PA_08_BENJAMIN,15.0,BENJAMIN
15.0,Pantanal,PA_09_SONIAMADALENA,15.0,SONIAMADALENA
15.0,Pantanal,PA_10_VIVEK,15.0,VIVEK
15.0,Pantanal,PA_11_LUIS,15.0,LUIS
15.0,Pantanal,PA_12_FELIPPE,15.0,FELIPPE
15.0,Pantanal,PA_13_RITA,15.0,RITA
15.0,Pantanal,PA_15_MORENA,15.0,MORENA
15.0,Pantanal,PA_16_DORA,15.0,DORA
15.0,Pantanal,PA_19_SERGIAO,15.0,SERGIAO
15.0,Pantanal,PA_20_SY,15.0,SY
15.0,Pantanal,PA_23_RICK,15.0,RICK
15.0,Pantanal,PA_24_LESLIE,15.0,LESLIE
15.0,Pantanal,PA_28_DUDA,15.0,DUDA
15.0,Pantanal,PA_31_JORDANO,15.0,JORDANO
15.0,Pantanal,PA_33_GABRIELA,15.0,GABRIELA
15.0,Pantanal,PA_34_CARIJO,15.0,CARIJO
15.0,Pantanal,PA_36_MICHELE,15.0,MICHELE
15.0,Pantanal,PA_40_MALU,15.0,MALU
15.0,Pantanal,PA_47_MORENINHO,15.0,MORENINHO
15.0,Pantanal,PA_48_TED,15.0,TED
15.0,Pantanal,PA_49_WALLY,15.0,WALLY
15.0,Pantanal,PA_51_MUCCI,15.0,MUCCI
15.0,Pantanal,PA_52_WIE,15.0,WIE
15.0,Pantanal,PA_54_PAULONA,15.0,PAULONA
15.0,Pantanal,PA_58_LIANA,15.0,LIANA
15.0,Pantanal,PA_59_POPEYE,15.0,POPEYE
15.0,Pantanal,PA_61_DOINHO,15.0,DOINHO
15.0,Pantanal,PA_62_PRETINHO,15.0,PRETINHO
15.0,Pantanal,PA_64_COLUMBUS,15.0,COLUMBUS
15.0,Pantanal,PA_65_VALENTINA,15.0,VALENTINA
15.0,Pantanal,PA_67_CARMINHA,15.0,CARMINHA
15.0,Pantanal,PA_68_FAROFO,15.0,FAROFO
15.0,Pantanal,PA_69_ANGELINA,15.0,ANGELINA
15.0,Pantanal,PA_71_SIDNEY,15.0,SIDNEY
15.0,Pantanal,PA_74_LAURO,15.0,LAURO
15.0,Pantanal,PA_82_DONNA,15.0,DONNA
15.0,Pantanal,PA_86_CUZINHO,15.0,CUZINHO
16.0,Atlantic Forest,AF_01_JOANA,16.0,JOANA
16.0,Atlantic Forest,AF_02_PAULETE,16.0,PAULETE
16.0,Atlantic Forest,AF_05_CHUCHU,16.0,CHUCHU
16.0,Atlantic Forest,AF_12_PATRICIA,16.0,PATRICIA
16.0,Atlantic Forest,AF_14_JAMESBOND,16.0,JAMESBOND
16.0,Atlantic Forest,AF_15_GEORGETE,16.0,GEORGETE
16.0,Atlantic Forest,AF_17_ESPERTA,16.0,ESPERTA
16.0,Atlantic Forest,AF_20_CHICO,16.0,CHICO
16.0,Atlantic Forest,AF_23_TONHA,16.0,TONHA
16.0,Atlantic Forest,AF_25_MAMA,16.0,MAMA
16.0,Cerrado,CE_03_LOU,16.0,LOU
16.0,Cerrado,CE_04_TITI,16.0,TITI
16.0,Cerrado,CE_08_COLOMBINA,16.0,COLOMBINA
16.0,Cerrado,CE_09_PANA,16.0,PANA
16.0,Cerrado,CE_11_ZACA,16.0,ZACA
16.0,Cerrado,CE_13_SULI,16.0,SULI
16.0,Cerrado,CE_15_KURUKA,16.0,KURUKA
16.0,Cerrado,CE_17_ARNO,16.0,ARNO
16.0,Cerrado,CE_21_ZEMARIA,16.0,ZEMARIA
16.0,Cerrado,CE_22_ZEFA,16.0,ZEFA
16.0,Cerrado,CE_23_CARABI,16.0,CARABI
16.0,Cerrado,CE_25_SEGRE,16.0,SEGRE
16.0,Cerrado,CE_27_DONALINA,16.0,DONALINA
16.0,Cerrado,CE_28_ZIGGY,16.0,ZIGGY
16.0,Cerrado,CE_31_ANNA,16.0,ANNA
16.0,Cerrado,CE_34_DONACIDA,16.0,DONACIDA
16.0,Pantanal,PA_03_BANDAID,16.0,BANDAID
16.0,Pantanal,PA_05_KELLY,16.0,KELLY
16.0,Pantanal,PA_08_BENJAMIN,16.0,BENJAMIN
16.0,Pantanal,PA_09_SONIAMADALENA,16.0,SONIAMADALENA
16.0,Pantanal,PA_10_VIVEK,16.0,VIVEK
16.0,Pantanal,PA_13_RITA,16.0,RITA
16.0,Pantanal,PA_15_MORENA,16.0,MORENA
16.0,Pantanal,PA_16_DORA,16.0,DORA
16.0,Pantanal,PA_19_SERGIAO,16.0,SERGIAO
16.0,Pantanal,PA_20_SY,16.0,SY
16.0,Pantanal,PA_21_CAIO,16.0,CAIO
16.0,Pantanal,PA_23_RICK,16.0,RICK
16.0,Pantanal,PA_24_LESLIE,16.0,LESLIE
16.0,Pantanal,PA_28_DUDA,16.0,DUDA
16.0,Pantanal,PA_29_KARIN,16.0,KARIN
16.0,Pantanal,PA_30_NELSAO,16.0,NELSAO
16.0,Pantanal,PA_31_JORDANO,16.0,JORDANO
16.0,Pantanal,PA_33_GABRIELA,16.0,GABRIELA
16.0,Pantanal,PA_34_CARIJO,16.0,CARIJO
16.0,Pantanal,PA_36_MICHELE,16.0,MICHELE
16.0,Pantanal,PA_38_CASSANDRA,16.0,CASSANDRA
16.0,Pantanal,PA_40_MALU,16.0,MALU
16.0,Pantanal,PA_47_MORENINHO,16.0,MORENINHO
16.0,Pantanal,PA_48_TED,16.0,TED
16.0,Pantanal,PA_49_WALLY,16.0,WALLY
16.0,Pantanal,PA_51_MUCCI,16.0,MUCCI
16.0,Pantanal,PA_52_WIE,16.0,WIE
16.0,Pantanal,PA_54_PAULONA,16.0,PAULONA
16.0,Pantanal,PA_58_LIANA,16.0,LIANA
16.0,Pantanal,PA_59_POPEYE,16.0,POPEYE
16.0,Pantanal,PA_61_DOINHO,16.0,DOINHO
16.0,Pantanal,PA_62_PRETINHO,16.0,PRETINHO
16.0,Pantanal,PA_64_COLUMBUS,16.0,COLUMBUS
16.0,Pantanal,PA_65_VALENTINA,16.0,VALENTINA
16.0,Pantanal,PA_67_CARMINHA,16.0,CARMINHA
16.0,Pantanal,PA_68_FAROFO,16.0,FAROFO
16.0,Pantanal,PA_69_ANGELINA,16.0,ANGELINA
16.0,Pantanal,PA_71_SIDNEY,16.0,SIDNEY
16.0,Pantanal,PA_74_LAURO,16.0,LAURO
16.0,Pantanal,PA_82_DONNA,16.0,DONNA
16.0,Pantanal,PA_86_CUZINHO,16.0,CUZINHO
17.0,Atlantic Forest,AF_01_JOANA,17.0,JOANA
17.0,Atlantic Forest,AF_02_PAULETE,17.0,PAULETE
17.0,Atlantic Forest,AF_05_CHUCHU,17.0,CHUCHU
17.0,Atlantic Forest,AF_12_PATRICIA,17.0,PATRICIA
17.0,Atlantic Forest,AF_14_JAMESBOND,17.0,JAMESBOND
17.0,Atlantic Forest,AF_15_GEORGETE,17.0,GEORGETE
17.0,Atlantic Forest,AF_17_ESPERTA,17.0,ESPERTA
17.0,Atlantic Forest,AF_20_CHICO,17.0,CHICO
17.0,Atlantic Forest,AF_23_TONHA,17.0,TONHA
17.0,Atlantic Forest,AF_24_TINA,17.0,TINA
17.0,Atlantic Forest,AF_25_MAMA,17.0,MAMA
17.0,Cerrado,CE_03_LOU,17.0,LOU
17.0,Cerrado,CE_04_TITI,17.0,TITI
17.0,Cerrado,CE_08_COLOMBINA,17.0,COLOMBINA
17.0,Cerrado,CE_09_PANA,17.0,PANA
17.0,Cerrado,CE_10_ELIS,17.0,ELIS
17.0,Cerrado,CE_11_ZACA,17.0,ZACA
17.0,Cerrado,CE_13_SULI,17.0,SULI
17.0,Cerrado,CE_15_KURUKA,17.0,KURUKA
17.0,Cerrado,CE_17_ARNO,17.0,ARNO
17.0,Cerrado,CE_21_ZEMARIA,17.0,ZEMARIA
17.0,Cerrado,CE_22_ZEFA,17.0,ZEFA
17.0,Cerrado,CE_23_CARABI,17.0,CARABI
17.0,Cerrado,CE_25_SEGRE,17.0,SEGRE
17.0,Cerrado,CE_27_DONALINA,17.0,DONALINA
17.0,Cerrado,CE_28_ZIGGY,17.0,ZIGGY
17.0,Cerrado,CE_31_ANNA,17.0,ANNA
17.0,Cerrado,CE_34_DONACIDA,17.0,DONACIDA
17.0,Pantanal,PA_03_BANDAID,17.0,BANDAID
17.0,Pantanal,PA_08_BENJAMIN,17.0,BENJAMIN
17.0,Pantanal,PA_09_SONIAMADALENA,17.0,SONIAMADALENA
17.0,Pantanal,PA_10_VIVEK,17.0,VIVEK
17.0,Pantanal,PA_13_RITA,17.0,RITA
17.0,Pantanal,PA_15_MORENA,17.0,MORENA
17.0,Pantanal,PA_16_DORA,17.0,DORA
17.0,Pantanal,PA_18_NIC,17.0,NIC
17.0,Pantanal,PA_19_SERGIAO,17.0,SERGIAO
17.0,Pantanal,PA_20_SY,17.0,SY
17.0,Pantanal,PA_21_CAIO,17.0,CAIO
17.0,Pantanal,PA_22_EMILIO,17.0,EMILIO
17.0,Pantanal,PA_23_RICK,17.0,RICK
17.0,Pantanal,PA_24_LESLIE,17.0,LESLIE
17.0,Pantanal,PA_26_SACHIN,17.0,SACHIN
17.0,Pantanal,PA_28_DUDA,17.0,DUDA
17.0,Pantanal,PA_29_KARIN,17.0,KARIN
17.0,Pantanal,PA_30_NELSAO,17.0,NELSAO
17.0,Pantanal,PA_31_JORDANO,17.0,JORDANO
17.0,Pantanal,PA_33_GABRIELA,17.0,GABRIELA
17.0,Pantanal,PA_34_CARIJO,17.0,CARIJO
17.0,Pantanal,PA_36_MICHELE,17.0,MICHELE
17.0,Pantanal,PA_38_CASSANDRA,17.0,CASSANDRA
17.0,Pantanal,PA_40_MALU,17.0,MALU
17.0,Pantanal,PA_47_MORENINHO,17.0,MORENINHO
17.0,Pantanal,PA_48_TED,17.0,TED
17.0,Pantanal,PA_49_WALLY,17.0,WALLY
17.0,Pantanal,PA_51_MUCCI,17.0,MUCCI
17.0,Pantanal,PA_52_WIE,17.0,WIE
17.0,Pantanal,PA_54_PAULONA,17.0,PAULONA
17.0,Pantanal,PA_58_LIANA,17.0,LIANA
17.0,Pantanal,PA_59_POPEYE,17.0,POPEYE
17.0,Pantanal,PA_61_DOINHO,17.0,DOINHO
17.0,Pantanal,PA_62_PRETINHO,17.0,PRETINHO
17.0,Pantanal,PA_64_COLUMBUS,17.0,COLUMBUS
17.0,Pantanal,PA_65_VALENTINA,17.0,VALENTINA
17.0,Pantanal,PA_67_CARMINHA,17.0,CARMINHA
17.0,Pantanal,PA_68_FAROFO,17.0,FAROFO
17.0,Pantanal,PA_69_ANGELINA,17.0,ANGELINA
17.0,Pantanal,PA_71_SIDNEY,17.0,SIDNEY
17.0,Pantanal,PA_74_LAURO,17.0,LAURO
17.0,Pantanal,PA_82_DONNA,17.0,DONNA
17.0,Pantanal,PA_86_CUZINHO,17.0,CUZINHO
18.0,Atlantic Forest,AF_01_JOANA,18.0,JOANA
18.0,Atlantic Forest,AF_02_PAULETE,18.0,PAULETE
18.0,Atlantic Forest,AF_05_CHUCHU,18.0,CHUCHU
18.0,Atlantic Forest,AF_12_PATRICIA,18.0,PATRICIA
18.0,Atlantic Forest,AF_14_JAMESBOND,18.0,JAMESBOND
18.0,Atlantic Forest,AF_15_GEORGETE,18.0,GEORGETE
18.0,Atlantic Forest,AF_17_ESPERTA,18.0,ESPERTA
18.0,Atlantic Forest,AF_20_CHICO,18.0,CHICO
18.0,Atlantic Forest,AF_23_TONHA,18.0,TONHA
18.0,Atlantic Forest,AF_24_TINA,18.0,TINA
18.0,Atlantic Forest,AF_25_MAMA,18.0,MAMA
18.0,Cerrado,CE_03_LOU,18.0,LOU
18.0,Cerrado,CE_04_TITI,18.0,TITI
18.0,Cerrado,CE_08_COLOMBINA,18.0,COLOMBINA
18.0,Cerrado,CE_09_PANA,18.0,PANA
18.0,Cerrado,CE_10_ELIS,18.0,ELIS
18.0,Cerrado,CE_11_ZACA,18.0,ZACA
18.0,Cerrado,CE_13_SULI,18.0,SULI
18.0,Cerrado,CE_15_KURUKA,18.0,KURUKA
18.0,Cerrado,CE_17_ARNO,18.0,ARNO
18.0,Cerrado,CE_21_ZEMARIA,18.0,ZEMARIA
18.0,Cerrado,CE_22_ZEFA,18.0,ZEFA
18.0,Cerrado,CE_23_CARABI,18.0,CARABI
18.0,Cerrado,CE_25_SEGRE,18.0,SEGRE
18.0,Cerrado,CE_27_DONALINA,18.0,DONALINA
18.0,Cerrado,CE_28_ZIGGY,18.0,ZIGGY
18.0,Cerrado,CE_31_ANNA,18.0,ANNA
18.0,Cerrado,CE_34_DONACIDA,18.0,DONACIDA
18.0,Pantanal,PA_03_BANDAID,18.0,BANDAID
18.0,Pantanal,PA_05_KELLY,18.0,KELLY
18.0,Pantanal,PA_08_BENJAMIN,18.0,BENJAMIN
18.0,Pantanal,PA_09_SONIAMADALENA,18.0,SONIAMADALENA
18.0,Pantanal,PA_10_VIVEK,18.0,VIVEK
18.0,Pantanal,PA_11_LUIS,18.0,LUIS
18.0,Pantanal,PA_12_FELIPPE,18.0,FELIPPE
18.0,Pantanal,PA_13_RITA,18.0,RITA
18.0,Pantanal,PA_15_MORENA,18.0,MORENA
18.0,Pantanal,PA_16_DORA,18.0,DORA
18.0,Pantanal,PA_18_NIC,18.0,NIC
18.0,Pantanal,PA_19_SERGIAO,18.0,SERGIAO
18.0,Pantanal,PA_20_SY,18.0,SY
18.0,Pantanal,PA_21_CAIO,18.0,CAIO
18.0,Pantanal,PA_22_EMILIO,18.0,EMILIO
18.0,Pantanal,PA_23_RICK,18.0,RICK
18.0,Pantanal,PA_24_LESLIE,18.0,LESLIE
18.0,Pantanal,PA_26_SACHIN,18.0,SACHIN
18.0,Pantanal,PA_28_DUDA,18.0,DUDA
18.0,Pantanal,PA_29_KARIN,18.0,KARIN
18.0,Pantanal,PA_30_NELSAO,18.0,NELSAO
18.0,Pantanal,PA_31_JORDANO,18.0,JORDANO
18.0,Pantanal,PA_33_GABRIELA,18.0,GABRIELA
18.0,Pantanal,PA_34_CARIJO,18.0,CARIJO
18.0,Pantanal,PA_36_MICHELE,18.0,MICHELE
18.0,Pantanal,PA_38_CASSANDRA,18.0,CASSANDRA
18.0,Pantanal,PA_40_MALU,18.0,MALU
18.0,Pantanal,PA_47_MORENINHO,18.0,MORENINHO
18.0,Pantanal,PA_48_TED,18.0,TED
18.0,Pantanal,PA_49_WALLY,18.0,WALLY
18.0,Pantanal,PA_51_MUCCI,18.0,MUCCI
18.0,Pantanal,PA_52_WIE,18.0,WIE
18.0,Pantanal,PA_54_PAULONA,18.0,PAULONA
18.0,Pantanal,PA_58_LIANA,18.0,LIANA
18.0,Pantanal,PA_59_POPEYE,18.0,POPEYE
18.0,Pantanal,PA_61_DOINHO,18.0,DOINHO
18.0,Pantanal,PA_62_PRETINHO,18.0,PRETINHO
18.0,Pantanal,PA_64_COLUMBUS,18.0,COLUMBUS
18.0,Pantanal,PA_65_VALENTINA,18.0,VALENTINA
18.0,Pantanal,PA_67_CARMINHA,18.0,CARMINHA
18.0,Pantanal,PA_68_FAROFO,18.0,FAROFO
18.0,Pantanal,PA_69_ANGELINA,18.0,ANGELINA
18.0,Pantanal,PA_71_SIDNEY,18.0,SIDNEY
18.0,Pantanal,PA_74_LAURO,18.0,LAURO
18.0,Pantanal,PA_82_DONNA,18.0,DONNA
18.0,Pantanal,PA_86_CUZINHO,18.0,CUZINHO
19.0,Atlantic Forest,AF_01_JOANA,19.0,JOANA
19.0,Atlantic Forest,AF_02_PAULETE,19.0,PAULETE
19.0,Atlantic Forest,AF_05_CHUCHU,19.0,CHUCHU
19.0,Atlantic Forest,AF_12_PATRICIA,19.0,PATRICIA
19.0,Atlantic Forest,AF_14_JAMESBOND,19.0,JAMESBOND
19.0,Atlantic Forest,AF_15_GEORGETE,19.0,GEORGETE
19.0,Atlantic Forest,AF_17_ESPERTA,19.0,ESPERTA
19.0,Atlantic Forest,AF_20_CHICO,19.0,CHICO
19.0,Atlantic Forest,AF_23_TONHA,19.0,TONHA
19.0,Atlantic Forest,AF_24_TINA,19.0,TINA
19.0,Atlantic Forest,AF_25_MAMA,19.0,MAMA
19.0,Cerrado,CE_03_LOU,19.0,LOU
19.0,Cerrado,CE_04_TITI,19.0,TITI
19.0,Cerrado,CE_08_COLOMBINA,19.0,COLOMBINA
19.0,Cerrado,CE_09_PANA,19.0,PANA
19.0,Cerrado,CE_10_ELIS,19.0,ELIS
19.0,Cerrado,CE_11_ZACA,19.0,ZACA
19.0,Cerrado,CE_13_SULI,19.0,SULI
19.0,Cerrado,CE_15_KURUKA,19.0,KURUKA
19.0,Cerrado,CE_17_ARNO,19.0,ARNO
19.0,Cerrado,CE_21_ZEMARIA,19.0,ZEMARIA
19.0,Cerrado,CE_22_ZEFA,19.0,ZEFA
19.0,Cerrado,CE_23_CARABI,19.0,CARABI
19.0,Cerrado,CE_25_SEGRE,19.0,SEGRE
19.0,Cerrado,CE_27_DONALINA,19.0,DONALINA
19.0,Cerrado,CE_28_ZIGGY,19.0,ZIGGY
19.0,Cerrado,CE_31_ANNA,19.0,ANNA
19.0,Cerrado,CE_34_DONACIDA,19.0,DONACIDA
19.0,Pantanal,PA_03_BANDAID,19.0,BANDAID
19.0,Pantanal,PA_05_KELLY,19.0,KELLY
19.0,Pantanal,PA_08_BENJAMIN,19.0,BENJAMIN
19.0,Pantanal,PA_09_SONIAMADALENA,19.0,SONIAMADALENA
19.0,Pantanal,PA_10_VIVEK,19.0,VIVEK
19.0,Pantanal,PA_11_LUIS,19.0,LUIS
19.0,Pantanal,PA_12_FELIPPE,19.0,FELIPPE
19.0,Pantanal,PA_13_RITA,19.0,RITA
19.0,Pantanal,PA_15_MORENA,19.0,MORENA
19.0,Pantanal,PA_16_DORA,19.0,DORA
19.0,Pantanal,PA_18_NIC,19.0,NIC
19.0,Pantanal,PA_19_SERGIAO,19.0,SERGIAO
19.0,Pantanal,PA_20_SY,19.0,SY
19.0,Pantanal,PA_21_CAIO,19.0,CAIO
19.0,Pantanal,PA_22_EMILIO,19.0,EMILIO
19.0,Pantanal,PA_23_RICK,19.0,RICK
19.0,Pantanal,PA_24_LESLIE,19.0,LESLIE
19.0,Pantanal,PA_26_SACHIN,19.0,SACHIN
19.0,Pantanal,PA_28_DUDA,19.0,DUDA
19.0,Pantanal,PA_29_KARIN,19.0,KARIN
19.0,Pantanal,PA_30_NELSAO,19.0,NELSAO
19.0,Pantanal,PA_31_JORDANO,19.0,JORDANO
19.0,Pantanal,PA_33_GABRIELA,19.0,GABRIELA
19.0,Pantanal,PA_34_CARIJO,19.0,CARIJO
19.0,Pantanal,PA_36_MICHELE,19.0,MICHELE
19.0,Pantanal,PA_38_CASSANDRA,19.0,CASSANDRA
19.0,Pantanal,PA_40_MALU,19.0,MALU
19.0,Pantanal,PA_47_MORENINHO,19.0,MORENINHO
19.0,Pantanal,PA_48_TED,19.0,TED
19.0,Pantanal,PA_49_WALLY,19.0,WALLY
19.0,Pantanal,PA_51_MUCCI,19.0,MUCCI
19.0,Pantanal,PA_52_WIE,19.0,WIE
19.0,Pantanal,PA_54_PAULONA,19.0,PAULONA
19.0,Pantanal,PA_58_LIANA,19.0,LIANA
19.0,Pantanal,PA_59_POPEYE,19.0,POPEYE
19.0,Pantanal,PA_61_DOINHO,19.0,DOINHO
19.0,Pantanal,PA_62_PRETINHO,19.0,PRETINHO
19.0,Pantanal,PA_64_COLUMBUS,19.0,COLUMBUS
19.0,Pantanal,PA_65_VALENTINA,19.0,VALENTINA
19.0,Pantanal,PA_67_CARMINHA,19.0,CARMINHA
19.0,Pantanal,PA_68_FAROFO,19.0,FAROFO
19.0,Pantanal,PA_69_ANGELINA,19.0,ANGELINA
19.0,Pantanal,PA_71_SIDNEY,19.0,SIDNEY
19.0,Pantanal,PA_74_LAURO,19.0,LAURO
19.0,Pantanal,PA_82_DONNA,19.0,DONNA
19.0,Pantanal,PA_86_CUZINHO,19.0,CUZINHO
20.0,Atlantic Forest,AF_01_JOANA,20.0,JOANA
20.0,Atlantic Forest,AF_02_PAULETE,20.0,PAULETE
20.0,Atlantic Forest,AF_05_CHUCHU,20.0,CHUCHU
20.0,Atlantic Forest,AF_12_PATRICIA,20.0,PATRICIA
20.0,Atlantic Forest,AF_14_JAMESBOND,20.0,JAMESBOND
20.0,Atlantic Forest,AF_15_GEORGETE,20.0,GEORGETE
20.0,Atlantic Forest,AF_17_ESPERTA,20.0,ESPERTA
20.0,Atlantic Forest,AF_20_CHICO,20.0,CHICO
20.0,Atlantic Forest,AF_23_TONHA,20.0,TONHA
20.0,Atlantic Forest,AF_24_TINA,20.0,TINA
20.0,Atlantic Forest,AF_25_MAMA,20.0,MAMA
20.0,Cerrado,CE_03_LOU,20.0,LOU
20.0,Cerrado,CE_04_TITI,20.0,TITI
20.0,Cerrado,CE_08_COLOMBINA,20.0,COLOMBINA
20.0,Cerrado,CE_09_PANA,20.0,PANA
20.0,Cerrado,CE_10_ELIS,20.0,ELIS
20.0,Cerrado,CE_11_ZACA,20.0,ZACA
20.0,Cerrado,CE_13_SULI,20.0,SULI
20.0,Cerrado,CE_15_KURUKA,20.0,KURUKA
20.0,Cerrado,CE_17_ARNO,20.0,ARNO
20.0,Cerrado,CE_21_ZEMARIA,20.0,ZEMARIA
20.0,Cerrado,CE_22_ZEFA,20.0,ZEFA
20.0,Cerrado,CE_23_CARABI,20.0,CARABI
20.0,Cerrado,CE_25_SEGRE,20.0,SEGRE
20.0,Cerrado,CE_27_DONALINA,20.0,DONALINA
20.0,Cerrado,CE_28_ZIGGY,20.0,ZIGGY
20.0,Cerrado,CE_31_ANNA,20.0,ANNA
20.0,Cerrado,CE_34_DONACIDA,20.0,DONACIDA
20.0,Pantanal,PA_03_BANDAID,20.0,BANDAID
20.0,Pantanal,PA_05_KELLY,20.0,KELLY
20.0,Pantanal,PA_08_BENJAMIN,20.0,BENJAMIN
20.0,Pantanal,PA_09_SONIAMADALENA,20.0,SONIAMADALENA
20.0,Pantanal,PA_10_VIVEK,20.0,VIVEK
20.0,Pantanal,PA_11_LUIS,20.0,LUIS
20.0,Pantanal,PA_12_FELIPPE,20.0,FELIPPE
20.0,Pantanal,PA_13_RITA,20.0,RITA
20.0,Pantanal,PA_15_MORENA,20.0,MORENA
20.0,Pantanal,PA_16_DORA,20.0,DORA
20.0,Pantanal,PA_18_NIC,20.0,NIC
20.0,Pantanal,PA_19_SERGIAO,20.0,SERGIAO
20.0,Pantanal,PA_20_SY,20.0,SY
20.0,Pantanal,PA_21_CAIO,20.0,CAIO
20.0,Pantanal,PA_22_EMILIO,20.0,EMILIO
20.0,Pantanal,PA_23_RICK,20.0,RICK
20.0,Pantanal,PA_24_LESLIE,20.0,LESLIE
20.0,Pantanal,PA_26_SACHIN,20.0,SACHIN
20.0,Pantanal,PA_28_DUDA,20.0,DUDA
20.0,Pantanal,PA_29_KARIN,20.0,KARIN
20.0,Pantanal,PA_30_NELSAO,20.0,NELSAO
20.0,Pantanal,PA_31_JORDANO,20.0,JORDANO
20.0,Pantanal,PA_33_GABRIELA,20.0,GABRIELA
20.0,Pantanal,PA_34_CARIJO,20.0,CARIJO
20.0,Pantanal,PA_36_MICHELE,20.0,MICHELE
20.0,Pantanal,PA_38_CASSANDRA,20.0,CASSANDRA
20.0,Pantanal,PA_40_MALU,20.0,MALU
20.0,Pantanal,PA_47_MORENINHO,20.0,MORENINHO
20.0,Pantanal,PA_48_TED,20.0,TED
20.0,Pantanal,PA_49_WALLY,20.0,WALLY
20.0,Pantanal,PA_51_MUCCI,20.0,MUCCI
20.0,Pantanal,PA_52_WIE,20.0,WIE
20.0,Pantanal,PA_54_PAULONA,20.0,PAULONA
20.0,Pantanal,PA_58_LIANA,20.0,LIANA
20.0,Pantanal,PA_59_POPEYE,20.0,POPEYE
20.0,Pantanal,PA_61_DOINHO,20.0,DOINHO
20.0,Pantanal,PA_62_PRETINHO,20.0,PRETINHO
20.0,Pantanal,PA_64_COLUMBUS,20.0,COLUMBUS
20.0,Pantanal,PA_65_VALENTINA,20.0,VALENTINA
20.0,Pantanal,PA_67_CARMINHA,20.0,CARMINHA
20.0,Pantanal,PA_68_FAROFO,20.0,FAROFO
20.0,Pantanal,PA_69_ANGELINA,20.0,ANGELINA
20.0,Pantanal,PA_71_SIDNEY,20.0,SIDNEY
20.0,Pantanal,PA_74_LAURO,20.0,LAURO
20.0,Pantanal,PA_82_DONNA,20.0,DONNA
20.0,Pantanal,PA_86_CUZINHO,20.0,CUZINHO
21.0,Atlantic Forest,AF_01_JOANA,21.0,JOANA
21.0,Atlantic Forest,AF_02_PAULETE,21.0,PAULETE
21.0,Atlantic Forest,AF_05_CHUCHU,21.0,CHUCHU
21.0,Atlantic Forest,AF_12_PATRICIA,21.0,PATRICIA
21.0,Atlantic Forest,AF_14_JAMESBOND,21.0,JAMESBOND
21.0,Atlantic Forest,AF_15_GEORGETE,21.0,GEORGETE
21.0,Atlantic Forest,AF_17_ESPERTA,21.0,ESPERTA
21.0,Atlantic Forest,AF_20_CHICO,21.0,CHICO
21.0,Atlantic Forest,AF_23_TONHA,21.0,TONHA
21.0,Atlantic Forest,AF_24_TINA,21.0,TINA
21.0,Atlantic Forest,AF_25_MAMA,21.0,MAMA
21.0,Cerrado,CE_03_LOU,21.0,LOU
21.0,Cerrado,CE_04_TITI,21.0,TITI
21.0,Cerrado,CE_08_COLOMBINA,21.0,COLOMBINA
21.0,Cerrado,CE_09_PANA,21.0,PANA
21.0,Cerrado,CE_10_ELIS,21.0,ELIS
21.0,Cerrado,CE_11_ZACA,21.0,ZACA
21.0,Cerrado,CE_13_SULI,21.0,SULI
21.0,Cerrado,CE_15_KURUKA,21.0,KURUKA
21.0,Cerrado,CE_17_ARNO,21.0,ARNO
21.0,Cerrado,CE_21_ZEMARIA,21.0,ZEMARIA
21.0,Cerrado,CE_22_ZEFA,21.0,ZEFA
21.0,Cerrado,CE_23_CARABI,21.0,CARABI
21.0,Cerrado,CE_25_SEGRE,21.0,SEGRE
21.0,Cerrado,CE_27_DONALINA,21.0,DONALINA
21.0,Cerrado,CE_28_ZIGGY,21.0,ZIGGY
21.0,Cerrado,CE_31_ANNA,21.0,ANNA
21.0,Cerrado,CE_34_DONACIDA,21.0,DONACIDA
21.0,Pantanal,PA_03_BANDAID,21.0,BANDAID
21.0,Pantanal,PA_05_KELLY,21.0,KELLY
21.0,Pantanal,PA_08_BENJAMIN,21.0,BENJAMIN
21.0,Pantanal,PA_09_SONIAMADALENA,21.0,SONIAMADALENA
21.0,Pantanal,PA_10_VIVEK,21.0,VIVEK
21.0,Pantanal,PA_11_LUIS,21.0,LUIS
21.0,Pantanal,PA_12_FELIPPE,21.0,FELIPPE
21.0,Pantanal,PA_13_RITA,21.0,RITA
21.0,Pantanal,PA_15_MORENA,21.0,MORENA
21.0,Pantanal,PA_16_DORA,21.0,DORA
21.0,Pantanal,PA_18_NIC,21.0,NIC
21.0,Pantanal,PA_19_SERGIAO,21.0,SERGIAO
21.0,Pantanal,PA_20_SY,21.0,SY
21.0,Pantanal,PA_21_CAIO,21.0,CAIO
21.0,Pantanal,PA_22_EMILIO,21.0,EMILIO
21.0,Pantanal,PA_23_RICK,21.0,RICK
21.0,Pantanal,PA_24_LESLIE,21.0,LESLIE
21.0,Pantanal,PA_26_SACHIN,21.0,SACHIN
21.0,Pantanal,PA_28_DUDA,21.0,DUDA
21.0,Pantanal,PA_29_KARIN,21.0,KARIN
21.0,Pantanal,PA_30_NELSAO,21.0,NELSAO
21.0,Pantanal,PA_31_JORDANO,21.0,JORDANO
21.0,Pantanal,PA_33_GABRIELA,21.0,GABRIELA
21.0,Pantanal,PA_34_CARIJO,21.0,CARIJO
21.0,Pantanal,PA_36_MICHELE,21.0,MICHELE
21.0,Pantanal,PA_38_CASSANDRA,21.0,CASSANDRA
21.0,Pantanal,PA_40_MALU,21.0,MALU
21.0,Pantanal,PA_47_MORENINHO,21.0,MORENINHO
21.0,Pantanal,PA_48_TED,21.0,TED
21.0,Pantanal,PA_49_WALLY,21.0,WALLY
21.0,Pantanal,PA_51_MUCCI,21.0,MUCCI
21.0,Pantanal,PA_52_WIE,21.0,WIE
21.0,Pantanal,PA_54_PAULONA,21.0,PAULONA
21.0,Pantanal,PA_58_LIANA,21.0,LIANA
21.0,Pantanal,PA_59_POPEYE,21.0,POPEYE
21.0,Pantanal,PA_61_DOINHO,21.0,DOINHO
21.0,Pantanal,PA_62_PRETINHO,21.0,PRETINHO
21.0,Pantanal,PA_64_COLUMBUS,21.0,COLUMBUS
21.0,Pantanal,PA_65_VALENTINA,21.0,VALENTINA
21.0,Pantanal,PA_67_CARMINHA,21.0,CARMINHA
21.0,Pantanal,PA_68_FAROFO,21.0,FAROFO
21.0,Pantanal,PA_69_ANGELINA,21.0,ANGELINA
21.0,Pantanal,PA_71_SIDNEY,21.0,SIDNEY
21.0,Pantanal,PA_74_LAURO,21.0,LAURO
21.0,Pantanal,PA_82_DONNA,21.0,DONNA
21.0,Pantanal,PA_86_CUZINHO,21.0,CUZINHO
22.0,Atlantic Forest,AF_01_JOANA,22.0,JOANA
22.0,Atlantic Forest,AF_02_PAULETE,22.0,PAULETE
22.0,Atlantic Forest,AF_05_CHUCHU,22.0,CHUCHU
22.0,Atlantic Forest,AF_12_PATRICIA,22.0,PATRICIA
22.0,Atlantic Forest,AF_14_JAMESBOND,22.0,JAMESBOND
22.0,Atlantic Forest,AF_15_GEORGETE,22.0,GEORGETE
22.0,Atlantic Forest,AF_17_ESPERTA,22.0,ESPERTA
22.0,Atlantic Forest,AF_20_CHICO,22.0,CHICO
22.0,Atlantic Forest,AF_23_TONHA,22.0,TONHA
22.0,Atlantic Forest,AF_24_TINA,22.0,TINA
22.0,Atlantic Forest,AF_25_MAMA,22.0,MAMA
22.0,Cerrado,CE_03_LOU,22.0,LOU
22.0,Cerrado,CE_04_TITI,22.0,TITI
22.0,Cerrado,CE_08_COLOMBINA,22.0,COLOMBINA
22.0,Cerrado,CE_09_PANA,22.0,PANA
22.0,Cerrado,CE_10_ELIS,22.0,ELIS
22.0,Cerrado,CE_11_ZACA,22.0,ZACA
22.0,Cerrado,CE_13_SULI,22.0,SULI
22.0,Cerrado,CE_15_KURUKA,22.0,KURUKA
22.0,Cerrado,CE_17_ARNO,22.0,ARNO
22.0,Cerrado,CE_21_ZEMARIA,22.0,ZEMARIA
22.0,Cerrado,CE_22_ZEFA,22.0,ZEFA
22.0,Cerrado,CE_23_CARABI,22.0,CARABI
22.0,Cerrado,CE_25_SEGRE,22.0,SEGRE
22.0,Cerrado,CE_27_DONALINA,22.0,DONALINA
22.0,Cerrado,CE_28_ZIGGY,22.0,ZIGGY
22.0,Cerrado,CE_31_ANNA,22.0,ANNA
22.0,Cerrado,CE_34_DONACIDA,22.0,DONACIDA
22.0,Pantanal,PA_03_BANDAID,22.0,BANDAID
22.0,Pantanal,PA_05_KELLY,22.0,KELLY
22.0,Pantanal,PA_08_BENJAMIN,22.0,BENJAMIN
22.0,Pantanal,PA_09_SONIAMADALENA,22.0,SONIAMADALENA
22.0,Pantanal,PA_10_VIVEK,22.0,VIVEK
22.0,Pantanal,PA_11_LUIS,22.0,LUIS
22.0,Pantanal,PA_12_FELIPPE,22.0,FELIPPE
22.0,Pantanal,PA_13_RITA,22.0,RITA
22.0,Pantanal,PA_15_MORENA,22.0,MORENA
22.0,Pantanal,PA_16_DORA,22.0,DORA
22.0,Pantanal,PA_18_NIC,22.0,NIC
22.0,Pantanal,PA_19_SERGIAO,22.0,SERGIAO
22.0,Pantanal,PA_20_SY,22.0,SY
22.0,Pantanal,PA_21_CAIO,22.0,CAIO
22.0,Pantanal,PA_22_EMILIO,22.0,EMILIO
22.0,Pantanal,PA_23_RICK,22.0,RICK
22.0,Pantanal,PA_24_LESLIE,22.0,LESLIE
22.0,Pantanal,PA_26_SACHIN,22.0,SACHIN
22.0,Pantanal,PA_28_DUDA,22.0,DUDA
22.0,Pantanal,PA_29_KARIN,22.0,KARIN
22.0,Pantanal,PA_30_NELSAO,22.0,NELSAO
22.0,Pantanal,PA_31_JORDANO,22.0,JORDANO
22.0,Pantanal,PA_33_GABRIELA,22.0,GABRIELA
22.0,Pantanal,PA_34_CARIJO,22.0,CARIJO
22.0,Pantanal,PA_36_MICHELE,22.0,MICHELE
22.0,Pantanal,PA_38_CASSANDRA,22.0,CASSANDRA
22.0,Pantanal,PA_40_MALU,22.0,MALU
22.0,Pantanal,PA_47_MORENINHO,22.0,MORENINHO
22.0,Pantanal,PA_48_TED,22.0,TED
22.0,Pantanal,PA_49_WALLY,22.0,WALLY
22.0,Pantanal,PA_51_MUCCI,22.0,MUCCI
22.0,Pantanal,PA_52_WIE,22.0,WIE
22.0,Pantanal,PA_54_PAULONA,22.0,PAULONA
22.0,Pantanal,PA_58_LIANA,22.0,LIANA
22.0,Pantanal,PA_59_POPEYE,22.0,POPEYE
22.0,Pantanal,PA_61_DOINHO,22.0,DOINHO
22.0,Pantanal,PA_62_PRETINHO,22.0,PRETINHO
22.0,Pantanal,PA_64_COLUMBUS,22.0,COLUMBUS
22.0,Pantanal,PA_65_VALENTINA,22.0,VALENTINA
22.0,Pantanal,PA_67_CARMINHA,22.0,CARMINHA
22.0,Pantanal,PA_68_FAROFO,22.0,FAROFO
22.0,Pantanal,PA_69_ANGELINA,22.0,ANGELINA
22.0,Pantanal,PA_71_SIDNEY,22.0,SIDNEY
22.0,Pantanal,PA_74_LAURO,22.0,LAURO
22.0,Pantanal,PA_82_DONNA,22.0,DONNA
22.0,Pantanal,PA_86_CUZINHO,22.0,CUZINHO
23.0,Atlantic Forest,AF_01_JOANA,23.0,JOANA
23.0,Atlantic Forest,AF_02_PAULETE,23.0,PAULETE
23.0,Atlantic Forest,AF_05_CHUCHU,23.0,CHUCHU
23.0,Atlantic Forest,AF_12_PATRICIA,23.0,PATRICIA
23.0,Atlantic Forest,AF_14_JAMESBOND,23.0,JAMESBOND
23.0,Atlantic Forest,AF_15_GEORGETE,23.0,GEORGETE
23.0,Atlantic Forest,AF_17_ESPERTA,23.0,ESPERTA
23.0,Atlantic Forest,AF_20_CHICO,23.0,CHICO
23.0,Atlantic Forest,AF_23_TONHA,23.0,TONHA
23.0,Atlantic Forest,AF_24_TINA,23.0,TINA
23.0,Atlantic Forest,AF_25_MAMA,23.0,MAMA
23.0,Cerrado,CE_03_LOU,23.0,LOU
23.0,Cerrado,CE_04_TITI,23.0,TITI
23.0,Cerrado,CE_08_COLOMBINA,23.0,COLOMBINA
23.0,Cerrado,CE_09_PANA,23.0,PANA
23.0,Cerrado,CE_10_ELIS,23.0,ELIS
23.0,Cerrado,CE_11_ZACA,23.0,ZACA
23.0,Cerrado,CE_13_SULI,23.0,SULI
23.0,Cerrado,CE_15_KURUKA,23.0,KURUKA
23.0,Cerrado,CE_17_ARNO,23.0,ARNO
23.0,Cerrado,CE_21_ZEMARIA,23.0,ZEMARIA
23.0,Cerrado,CE_22_ZEFA,23.0,ZEFA
23.0,Cerrado,CE_23_CARABI,23.0,CARABI
23.0,Cerrado,CE_25_SEGRE,23.0,SEGRE
23.0,Cerrado,CE_27_DONALINA,23.0,DONALINA
23.0,Cerrado,CE_28_ZIGGY,23.0,ZIGGY
23.0,Cerrado,CE_31_ANNA,23.0,ANNA
23.0,Cerrado,CE_34_DONACIDA,23.0,DONACIDA
23.0,Pantanal,PA_03_BANDAID,23.0,BANDAID
23.0,Pantanal,PA_05_KELLY,23.0,KELLY
23.0,Pantanal,PA_08_BENJAMIN,23.0,BENJAMIN
23.0,Pantanal,PA_09_SONIAMADALENA,23.0,SONIAMADALENA
23.0,Pantanal,PA_10_VIVEK,23.0,VIVEK
23.0,Pantanal,PA_11_LUIS,23.0,LUIS
23.0,Pantanal,PA_12_FELIPPE,23.0,FELIPPE
23.0,Pantanal,PA_13_RITA,23.0,RITA
23.0,Pantanal,PA_15_MORENA,23.0,MORENA
23.0,Pantanal,PA_16_DORA,23.0,DORA
23.0,Pantanal,PA_18_NIC,23.0,NIC
23.0,Pantanal,PA_19_SERGIAO,23.0,SERGIAO
23.0,Pantanal,PA_20_SY,23.0,SY
23.0,Pantanal,PA_21_CAIO,23.0,CAIO
23.0,Pantanal,PA_22_EMILIO,23.0,EMILIO
23.0,Pantanal,PA_23_RICK,23.0,RICK
23.0,Pantanal,PA_24_LESLIE,23.0,LESLIE
23.0,Pantanal,PA_26_SACHIN,23.0,SACHIN
23.0,Pantanal,PA_28_DUDA,23.0,DUDA
23.0,Pantanal,PA_29_KARIN,23.0,KARIN
23.0,Pantanal,PA_30_NELSAO,23.0,NELSAO
23.0,Pantanal,PA_31_JORDANO,23.0,JORDANO
23.0,Pantanal,PA_33_GABRIELA,23.0,GABRIELA
23.0,Pantanal,PA_34_CARIJO,23.0,CARIJO
23.0,Pantanal,PA_36_MICHELE,23.0,MICHELE
23.0,Pantanal,PA_38_CASSANDRA,23.0,CASSANDRA
23.0,Pantanal,PA_40_MALU,23.0,MALU
23.0,Pantanal,PA_47_MORENINHO,23.0,MORENINHO
23.0,Pantanal,PA_48_TED,23.0,TED
23.0,Pantanal,PA_49_WALLY,23.0,WALLY
23.0,Pantanal,PA_51_MUCCI,23.0,MUCCI
23.0,Pantanal,PA_52_WIE,23.0,WIE
23.0,Pantanal,PA_54_PAULONA,23.0,PAULONA
23.0,Pantanal,PA_58_LIANA,23.0,LIANA
23.0,Pantanal,PA_59_POPEYE,23.0,POPEYE
23.0,Pantanal,PA_61_DOINHO,23.0,DOINHO
23.0,Pantanal,PA_62_PRETINHO,23.0,PRETINHO
23.0,Pantanal,PA_64_COLUMBUS,23.0,COLUMBUS
23.0,Pantanal,PA_65_VALENTINA,23.0,VALENTINA
23.0,Pantanal,PA_67_CARMINHA,23.0,CARMINHA
23.0,Pantanal,PA_68_FAROFO,23.0,FAROFO
23.0,Pantanal,PA_69_ANGELINA,23.0,ANGELINA
23.0,Pantanal,PA_71_SIDNEY,23.0,SIDNEY
23.0,Pantanal,PA_74_LAURO,23.0,LAURO
23.0,Pantanal,PA_82_DONNA,23.0,DONNA
23.0,Pantanal,PA_86_CUZINHO,23.0,CUZINHO
