hour,Biome,individual_local_identifier,count,radian,individual_name
0,Atlantic Forest,AF_01_JOANA,26,0.0,JOANA
0,Atlantic Forest,AF_02_PAULETE,23,0.0,PAULETE
0,Atlantic Forest,AF_05_CHUCHU,10,0.0,CHUCHU
0,Atlantic Forest,AF_12_PATRICIA,6,0.0,PATRICIA
0,Atlantic Forest,AF_14_JAMESBOND,19,0.0,JAMESBOND
0,Atlantic Forest,AF_15_GEORGETE,10,0.0,GEORGETE
0,Atlantic Forest,AF_20_CHICO,14,0.0,CHICO
0,Atlantic Forest,AF_23_TONHA,13,0.0,TONHA
0,Atlantic Forest,AF_24_TINA,10,0.0,TINA
0,Atlantic Forest,AF_25_MAMA,5,0.0,MAMA
0,Cerrado,CE_03_LOU,494,0.0,LOU
0,Cerrado,CE_04_TITI,194,0.0,TITI
0,Cerrado,CE_08_COLOMBINA,23,0.0,COLOMBINA
0,Cerrado,CE_09_PANA,21,0.0,PANA
0,Cerrado,CE_10_ELIS,10,0.0,ELIS
0,Cerrado,CE_11_ZACA,126,0.0,ZACA
0,Cerrado,CE_13_SULI,57,0.0,SULI
0,Cerrado,CE_15_KURUKA,71,0.0,KURUKA
0,Cerrado,CE_17_ARNO,246,0.0,ARNO
0,Cerrado,CE_21_ZEMARIA,393,0.0,ZEMARIA
0,Cerrado,CE_22_ZEFA,80,0.0,ZEFA
0,Cerrado,CE_23_CARABI,460,0.0,CARABI
0,Cerrado,CE_25_SEGRE,453,0.0,SEGRE
0,Cerrado,CE_27_DONALINA,41,0.0,DONALINA
0,Cerrado,CE_28_ZIGGY,405,0.0,ZIGGY
0,Cerrado,CE_31_ANNA,435,0.0,ANNA
0,Cerrado,CE_34_DONACIDA,375,0.0,DONACIDA
0,Pantanal,PA_03_BANDAID,12,0.0,BANDAID
0,Pantanal,PA_05_KELLY,7,0.0,KELLY
0,Pantanal,PA_08_BENJAMIN,27,0.0,BENJAMIN
0,Pantanal,PA_09_SONIAMADALENA,32,0.0,SONIAMADALENA
0,Pantanal,PA_10_VIVEK,27,0.0,VIVEK
0,Pantanal,PA_11_LUIS,8,0.0,LUIS
0,Pantanal,PA_12_FELIPPE,3,0.0,FELIPPE
0,Pantanal,PA_13_RITA,23,0.0,RITA
0,Pantanal,PA_15_MORENA,158,0.0,MORENA
0,Pantanal,PA_16_DORA,18,0.0,DORA
0,Pantanal,PA_18_NIC,12,0.0,NIC
0,Pantanal,PA_19_SERGIAO,536,0.0,SERGIAO
0,Pantanal,PA_20_SY,57,0.0,SY
0,Pantanal,PA_21_CAIO,6,0.0,CAIO
0,Pantanal,PA_22_EMILIO,3,0.0,EMILIO
0,Pantanal,PA_23_RICK,17,0.0,RICK
0,Pantanal,PA_24_LESLIE,13,0.0,LESLIE
0,Pantanal,PA_26_SACHIN,13,0.0,SACHIN
0,Pantanal,PA_28_DUDA,479,0.0,DUDA
0,Pantanal,PA_29_KARIN,7,0.0,KARIN
0,Pantanal,PA_30_NELSAO,12,0.0,NELSAO
0,Pantanal,PA_31_JORDANO,17,0.0,JORDANO
0,Pantanal,PA_33_GABRIELA,23,0.0,GABRIELA
0,Pantanal,PA_34_CARIJO,429,0.0,CARIJO
0,Pantanal,PA_36_MICHELE,41,0.0,MICHELE
0,Pantanal,PA_38_CASSANDRA,13,0.0,CASSANDRA
0,Pantanal,PA_40_MALU,540,0.0,MALU
0,Pantanal,PA_47_MORENINHO,342,0.0,MORENINHO
0,Pantanal,PA_48_TED,24,0.0,TED
0,Pantanal,PA_49_WALLY,432,0.0,WALLY
0,Pantanal,PA_51_MUCCI,197,0.0,MUCCI
0,Pantanal,PA_52_WIE,67,0.0,WIE
0,Pantanal,PA_54_PAULONA,547,0.0,PAULONA
0,Pantanal,PA_58_LIANA,341,0.0,LIANA
0,Pantanal,PA_59_POPEYE,198,0.0,POPEYE
0,Pantanal,PA_61_DOINHO,78,0.0,DOINHO
0,Pantanal,PA_62_PRETINHO,21,0.0,PRETINHO
0,Pantanal,PA_64_COLUMBUS,2,0.0,COLUMBUS
0,Pantanal,PA_65_VALENTINA,86,0.0,VALENTINA
0,Pantanal,PA_67_CARMINHA,37,0.0,CARMINHA
0,Pantanal,PA_68_FAROFO,334,0.0,FAROFO
0,Pantanal,PA_69_ANGELINA,130,0.0,ANGELINA
0,Pantanal,PA_71_SIDNEY,126,0.0,SIDNEY
0,Pantanal,PA_74_LAURO,132,0.0,LAURO
0,Pantanal,PA_82_DONNA,28,0.0,DONNA
0,Pantanal,PA_86_CUZINHO,302,0.0,CUZINHO
1,Atlantic Forest,AF_01_JOANA,24,0.2617993877991494,JOANA
1,Atlantic Forest,AF_02_PAULETE,17,0.2617993877991494,PAULETE
1,Atlantic Forest,AF_05_CHUCHU,11,0.2617993877991494,CHUCHU
1,Atlantic Forest,AF_12_PATRICIA,9,0.2617993877991494,PATRICIA
1,Atlantic Forest,AF_14_JAMESBOND,14,0.2617993877991494,JAMESBOND
1,Atlantic Forest,AF_15_GEORGETE,8,0.2617993877991494,GEORGETE
1,Atlantic Forest,AF_20_CHICO,13,0.2617993877991494,CHICO
1,Atlantic Forest,AF_23_TONHA,11,0.2617993877991494,TONHA
1,Atlantic Forest,AF_24_TINA,9,0.2617993877991494,TINA
1,Atlantic Forest,AF_25_MAMA,2,0.2617993877991494,MAMA
1,Cerrado,CE_03_LOU,503,0.2617993877991494,LOU
1,Cerrado,CE_04_TITI,198,0.2617993877991494,TITI
1,Cerrado,CE_08_COLOMBINA,15,0.2617993877991494,COLOMBINA
1,Cerrado,CE_09_PANA,15,0.2617993877991494,PANA
1,Cerrado,CE_10_ELIS,11,0.2617993877991494,ELIS
1,Cerrado,CE_11_ZACA,127,0.2617993877991494,ZACA
1,Cerrado,CE_13_SULI,55,0.2617993877991494,SULI
1,Cerrado,CE_15_KURUKA,69,0.2617993877991494,KURUKA
1,Cerrado,CE_17_ARNO,245,0.2617993877991494,ARNO
1,Cerrado,CE_21_ZEMARIA,404,0.2617993877991494,ZEMARIA
1,Cerrado,CE_22_ZEFA,85,0.2617993877991494,ZEFA
1,Cerrado,CE_23_CARABI,471,0.2617993877991494,CARABI
1,Cerrado,CE_25_SEGRE,462,0.2617993877991494,SEGRE
1,Cerrado,CE_27_DONALINA,39,0.2617993877991494,DONALINA
1,Cerrado,CE_28_ZIGGY,402,0.2617993877991494,ZIGGY
1,Cerrado,CE_31_ANNA,431,0.2617993877991494,ANNA
1,Cerrado,CE_34_DONACIDA,384,0.2617993877991494,DONACIDA
1,Pantanal,PA_03_BANDAID,11,0.2617993877991494,BANDAID
1,Pantanal,PA_05_KELLY,8,0.2617993877991494,KELLY
1,Pantanal,PA_08_BENJAMIN,26,0.2617993877991494,BENJAMIN
1,Pantanal,PA_09_SONIAMADALENA,29,0.2617993877991494,SONIAMADALENA
1,Pantanal,PA_10_VIVEK,30,0.2617993877991494,VIVEK
1,Pantanal,PA_11_LUIS,6,0.2617993877991494,LUIS
1,Pantanal,PA_12_FELIPPE,5,0.2617993877991494,FELIPPE
1,Pantanal,PA_13_RITA,26,0.2617993877991494,RITA
1,Pantanal,PA_15_MORENA,144,0.2617993877991494,MORENA
1,Pantanal,PA_16_DORA,18,0.2617993877991494,DORA
1,Pantanal,PA_18_NIC,12,0.2617993877991494,NIC
1,Pantanal,PA_19_SERGIAO,540,0.2617993877991494,SERGIAO
1,Pantanal,PA_20_SY,54,0.2617993877991494,SY
1,Pantanal,PA_21_CAIO,10,0.2617993877991494,CAIO
1,Pantanal,PA_22_EMILIO,4,0.2617993877991494,EMILIO
1,Pantanal,PA_23_RICK,27,0.2617993877991494,RICK
1,Pantanal,PA_24_LESLIE,17,0.2617993877991494,LESLIE
1,Pantanal,PA_26_SACHIN,17,0.2617993877991494,SACHIN
1,Pantanal,PA_28_DUDA,531,0.2617993877991494,DUDA
1,Pantanal,PA_29_KARIN,8,0.2617993877991494,KARIN
1,Pantanal,PA_30_NELSAO,11,0.2617993877991494,NELSAO
1,Pantanal,PA_31_JORDANO,16,0.2617993877991494,JORDANO
1,Pantanal,PA_33_GABRIELA,24,0.2617993877991494,GABRIELA
1,Pantanal,PA_34_CARIJO,477,0.2617993877991494,CARIJO
1,Pantanal,PA_36_MICHELE,43,0.2617993877991494,MICHELE
1,Pantanal,PA_38_CASSANDRA,13,0.2617993877991494,CASSANDRA
1,Pantanal,PA_40_MALU,551,0.2617993877991494,MALU
1,Pantanal,PA_47_MORENINHO,341,0.2617993877991494,MORENINHO
1,Pantanal,PA_48_TED,20,0.2617993877991494,TED
1,Pantanal,PA_49_WALLY,446,0.2617993877991494,WALLY
1,Pantanal,PA_51_MUCCI,204,0.2617993877991494,MUCCI
1,Pantanal,PA_52_WIE,80,0.2617993877991494,WIE
1,Pantanal,PA_54_PAULONA,564,0.2617993877991494,PAULONA
1,Pantanal,PA_58_LIANA,351,0.2617993877991494,LIANA
1,Pantanal,PA_59_POPEYE,214,0.2617993877991494,POPEYE
1,Pantanal,PA_61_DOINHO,101,0.2617993877991494,DOINHO
1,Pantanal,PA_62_PRETINHO,25,0.2617993877991494,PRETINHO
1,Pantanal,PA_64_COLUMBUS,8,0.2617993877991494,COLUMBUS
1,Pantanal,PA_65_VALENTINA,88,0.2617993877991494,VALENTINA
1,Pantanal,PA_67_CARMINHA,31,0.2617993877991494,CARMINHA
1,Pantanal,PA_68_FAROFO,337,0.2617993877991494,FAROFO
1,Pantanal,PA_69_ANGELINA,134,0.2617993877991494,ANGELINA
1,Pantanal,PA_71_SIDNEY,125,0.2617993877991494,SIDNEY
1,Pantanal,PA_74_LAURO,143,0.2617993877991494,LAURO
1,Pantanal,PA_82_DONNA,44,0.2617993877991494,DONNA
1,Pantanal,PA_86_CUZINHO,304,0.2617993877991494,CUZINHO
2,Atlantic Forest,AF_01_JOANA,33,0.5235987755982988,JOANA
2,Atlantic Forest,AF_02_PAULETE,21,0.5235987755982988,PAULETE
2,Atlantic Forest,AF_05_CHUCHU,7,0.5235987755982988,CHUCHU
2,Atlantic Forest,AF_12_PATRICIA,7,0.5235987755982988,PATRICIA
2,Atlantic Forest,AF_14_JAMESBOND,13,0.5235987755982988,JAMESBOND
2,Atlantic Forest,AF_15_GEORGETE,7,0.5235987755982988,GEORGETE
2,Atlantic Forest,AF_20_CHICO,10,0.5235987755982988,CHICO
2,Atlantic Forest,AF_23_TONHA,13,0.5235987755982988,TONHA
2,Atlantic Forest,AF_24_TINA,8,0.5235987755982988,TINA
2,Atlantic Forest,AF_25_MAMA,2,0.5235987755982988,MAMA
2,Cerrado,CE_03_LOU,498,0.5235987755982988,LOU
2,Cerrado,CE_04_TITI,191,0.5235987755982988,TITI
2,Cerrado,CE_08_COLOMBINA,15,0.5235987755982988,COLOMBINA
2,Cerrado,CE_09_PANA,13,0.5235987755982988,PANA
2,Cerrado,CE_10_ELIS,10,0.5235987755982988,ELIS
2,Cerrado,CE_11_ZACA,126,0.5235987755982988,ZACA
2,Cerrado,CE_13_SULI,54,0.5235987755982988,SULI
2,Cerrado,CE_15_KURUKA,69,0.5235987755982988,KURUKA
2,Cerrado,CE_17_ARNO,246,0.5235987755982988,ARNO
2,Cerrado,CE_21_ZEMARIA,389,0.5235987755982988,ZEMARIA
2,Cerrado,CE_22_ZEFA,82,0.5235987755982988,ZEFA
2,Cerrado,CE_23_CARABI,454,0.5235987755982988,CARABI
2,Cerrado,CE_25_SEGRE,456,0.5235987755982988,SEGRE
2,Cerrado,CE_27_DONALINA,42,0.5235987755982988,DONALINA
2,Cerrado,CE_28_ZIGGY,410,0.5235987755982988,ZIGGY
2,Cerrado,CE_31_ANNA,425,0.5235987755982988,ANNA
2,Cerrado,CE_34_DONACIDA,380,0.5235987755982988,DONACIDA
2,Pantanal,PA_03_BANDAID,9,0.5235987755982988,BANDAID
2,Pantanal,PA_05_KELLY,7,0.5235987755982988,KELLY
2,Pantanal,PA_08_BENJAMIN,26,0.5235987755982988,BENJAMIN
2,Pantanal,PA_09_SONIAMADALENA,31,0.5235987755982988,SONIAMADALENA
2,Pantanal,PA_10_VIVEK,35,0.5235987755982988,VIVEK
2,Pantanal,PA_11_LUIS,3,0.5235987755982988,LUIS
2,Pantanal,PA_12_FELIPPE,2,0.5235987755982988,FELIPPE
2,Pantanal,PA_13_RITA,29,0.5235987755982988,RITA
2,Pantanal,PA_15_MORENA,161,0.5235987755982988,MORENA
2,Pantanal,PA_16_DORA,20,0.5235987755982988,DORA
2,Pantanal,PA_18_NIC,15,0.5235987755982988,NIC
2,Pantanal,PA_19_SERGIAO,538,0.5235987755982988,SERGIAO
2,Pantanal,PA_20_SY,54,0.5235987755982988,SY
2,Pantanal,PA_21_CAIO,6,0.5235987755982988,CAIO
2,Pantanal,PA_22_EMILIO,3,0.5235987755982988,EMILIO
2,Pantanal,PA_23_RICK,25,0.5235987755982988,RICK
2,Pantanal,PA_24_LESLIE,17,0.5235987755982988,LESLIE
2,Pantanal,PA_26_SACHIN,18,0.5235987755982988,SACHIN
2,Pantanal,PA_28_DUDA,485,0.5235987755982988,DUDA
2,Pantanal,PA_29_KARIN,9,0.5235987755982988,KARIN
2,Pantanal,PA_30_NELSAO,14,0.5235987755982988,NELSAO
2,Pantanal,PA_31_JORDANO,18,0.5235987755982988,JORDANO
2,Pantanal,PA_33_GABRIELA,24,0.5235987755982988,GABRIELA
2,Pantanal,PA_34_CARIJO,451,0.5235987755982988,CARIJO
2,Pantanal,PA_36_MICHELE,47,0.5235987755982988,MICHELE
2,Pantanal,PA_38_CASSANDRA,12,0.5235987755982988,CASSANDRA
2,Pantanal,PA_40_MALU,543,0.5235987755982988,MALU
2,Pantanal,PA_47_MORENINHO,349,0.5235987755982988,MORENINHO
2,Pantanal,PA_48_TED,19,0.5235987755982988,TED
2,Pantanal,PA_49_WALLY,456,0.5235987755982988,WALLY
2,Pantanal,PA_51_MUCCI,202,0.5235987755982988,MUCCI
2,Pantanal,PA_52_WIE,82,0.5235987755982988,WIE
2,Pantanal,PA_54_PAULONA,578,0.5235987755982988,PAULONA
2,Pantanal,PA_58_LIANA,332,0.5235987755982988,LIANA
2,Pantanal,PA_59_POPEYE,207,0.5235987755982988,POPEYE
2,Pantanal,PA_61_DOINHO,86,0.5235987755982988,DOINHO
2,Pantanal,PA_62_PRETINHO,22,0.5235987755982988,PRETINHO
2,Pantanal,PA_64_COLUMBUS,8,0.5235987755982988,COLUMBUS
2,Pantanal,PA_65_VALENTINA,80,0.5235987755982988,VALENTINA
2,Pantanal,PA_67_CARMINHA,35,0.5235987755982988,CARMINHA
2,Pantanal,PA_68_FAROFO,333,0.5235987755982988,FAROFO
2,Pantanal,PA_69_ANGELINA,138,0.5235987755982988,ANGELINA
2,Pantanal,PA_71_SIDNEY,122,0.5235987755982988,SIDNEY
2,Pantanal,PA_74_LAURO,140,0.5235987755982988,LAURO
2,Pantanal,PA_82_DONNA,33,0.5235987755982988,DONNA
2,Pantanal,PA_86_CUZINHO,304,0.5235987755982988,CUZINHO
3,Atlantic Forest,AF_01_JOANA,29,0.7853981633974483,JOANA
3,Atlantic Forest,AF_02_PAULETE,18,0.7853981633974483,PAULETE
3,Atlantic Forest,AF_05_CHUCHU,19,0.7853981633974483,CHUCHU
3,Atlantic Forest,AF_12_PATRICIA,15,0.7853981633974483,PATRICIA
3,Atlantic Forest,AF_14_JAMESBOND,13,0.7853981633974483,JAMESBOND
3,Atlantic Forest,AF_15_GEORGETE,13,0.7853981633974483,GEORGETE
3,Atlantic Forest,AF_20_CHICO,16,0.7853981633974483,CHICO
3,Atlantic Forest,AF_23_TONHA,14,0.7853981633974483,TONHA
3,Atlantic Forest,AF_24_TINA,10,0.7853981633974483,TINA
3,Atlantic Forest,AF_25_MAMA,3,0.7853981633974483,MAMA
3,Cerrado,CE_03_LOU,512,0.7853981633974483,LOU
3,Cerrado,CE_04_TITI,203,0.7853981633974483,TITI
3,Cerrado,CE_08_COLOMBINA,26,0.7853981633974483,COLOMBINA
3,Cerrado,CE_09_PANA,23,0.7853981633974483,PANA
3,Cerrado,CE_10_ELIS,6,0.7853981633974483,ELIS
3,Cerrado,CE_11_ZACA,125,0.7853981633974483,ZACA
3,Cerrado,CE_13_SULI,55,0.7853981633974483,SULI
3,Cerrado,CE_15_KURUKA,68,0.7853981633974483,KURUKA
3,Cerrado,CE_17_ARNO,247,0.7853981633974483,ARNO
3,Cerrado,CE_21_ZEMARIA,407,0.7853981633974483,ZEMARIA
3,Cerrado,CE_22_ZEFA,84,0.7853981633974483,ZEFA
3,Cerrado,CE_23_CARABI,480,0.7853981633974483,CARABI
3,Cerrado,CE_25_SEGRE,463,0.7853981633974483,SEGRE
3,Cerrado,CE_27_DONALINA,39,0.7853981633974483,DONALINA
3,Cerrado,CE_28_ZIGGY,410,0.7853981633974483,ZIGGY
3,Cerrado,CE_31_ANNA,438,0.7853981633974483,ANNA
3,Cerrado,CE_34_DONACIDA,385,0.7853981633974483,DONACIDA
3,Pantanal,PA_03_BANDAID,10,0.7853981633974483,BANDAID
3,Pantanal,PA_05_KELLY,10,0.7853981633974483,KELLY
3,Pantanal,PA_08_BENJAMIN,27,0.7853981633974483,BENJAMIN
3,Pantanal,PA_09_SONIAMADALENA,21,0.7853981633974483,SONIAMADALENA
3,Pantanal,PA_10_VIVEK,35,0.7853981633974483,VIVEK
3,Pantanal,PA_11_LUIS,5,0.7853981633974483,LUIS
3,Pantanal,PA_12_FELIPPE,8,0.7853981633974483,FELIPPE
3,Pantanal,PA_13_RITA,20,0.7853981633974483,RITA
3,Pantanal,PA_15_MORENA,146,0.7853981633974483,MORENA
3,Pantanal,PA_16_DORA,15,0.7853981633974483,DORA
3,Pantanal,PA_18_NIC,13,0.7853981633974483,NIC
3,Pantanal,PA_19_SERGIAO,547,0.7853981633974483,SERGIAO
3,Pantanal,PA_20_SY,56,0.7853981633974483,SY
3,Pantanal,PA_21_CAIO,10,0.7853981633974483,CAIO
3,Pantanal,PA_22_EMILIO,5,0.7853981633974483,EMILIO
3,Pantanal,PA_23_RICK,26,0.7853981633974483,RICK
3,Pantanal,PA_24_LESLIE,18,0.7853981633974483,LESLIE
3,Pantanal,PA_26_SACHIN,16,0.7853981633974483,SACHIN
3,Pantanal,PA_28_DUDA,554,0.7853981633974483,DUDA
3,Pantanal,PA_29_KARIN,5,0.7853981633974483,KARIN
3,Pantanal,PA_30_NELSAO,10,0.7853981633974483,NELSAO
3,Pantanal,PA_31_JORDANO,20,0.7853981633974483,JORDANO
3,Pantanal,PA_33_GABRIELA,28,0.7853981633974483,GABRIELA
3,Pantanal,PA_34_CARIJO,473,0.7853981633974483,CARIJO
3,Pantanal,PA_36_MICHELE,43,0.7853981633974483,MICHELE
3,Pantanal,PA_38_CASSANDRA,9,0.7853981633974483,CASSANDRA
3,Pantanal,PA_40_MALU,563,0.7853981633974483,MALU
3,Pantanal,PA_47_MORENINHO,355,0.7853981633974483,MORENINHO
3,Pantanal,PA_48_TED,22,0.7853981633974483,TED
3,Pantanal,PA_49_WALLY,453,0.7853981633974483,WALLY
3,Pantanal,PA_51_MUCCI,207,0.7853981633974483,MUCCI
3,Pantanal,PA_52_WIE,88,0.7853981633974483,WIE
3,Pantanal,PA_54_PAULONA,595,0.7853981633974483,PAULONA
3,Pantanal,PA_58_LIANA,344,0.7853981633974483,LIANA
3,Pantanal,PA_59_POPEYE,217,0.7853981633974483,POPEYE
3,Pantanal,PA_61_DOINHO,90,0.7853981633974483,DOINHO
3,Pantanal,PA_62_PRETINHO,26,0.7853981633974483,PRETINHO
3,Pantanal,PA_64_COLUMBUS,6,0.7853981633974483,COLUMBUS
3,Pantanal,PA_65_VALENTINA,89,0.7853981633974483,VALENTINA
3,Pantanal,PA_67_CARMINHA,32,0.7853981633974483,CARMINHA
3,Pantanal,PA_68_FAROFO,344,0.7853981633974483,FAROFO
3,Pantanal,PA_69_ANGELINA,143,0.7853981633974483,ANGELINA
3,Pantanal,PA_71_SIDNEY,127,0.7853981633974483,SIDNEY
3,Pantanal,PA_74_LAURO,135,0.7853981633974483,LAURO
3,Pantanal,PA_82_DONNA,34,0.7853981633974483,DONNA
3,Pantanal,PA_86_CUZINHO,333,0.7853981633974483,CUZINHO
4,Atlantic Forest,AF_01_JOANA,58,1.0471975511965976,JOANA
4,Atlantic Forest,AF_02_PAULETE,31,1.0471975511965976,PAULETE
4,Atlantic Forest,AF_05_CHUCHU,15,1.0471975511965976,CHUCHU
4,Atlantic Forest,AF_12_PATRICIA,8,1.0471975511965976,PATRICIA
4,Atlantic Forest,AF_14_JAMESBOND,24,1.0471975511965976,JAMESBOND
4,Atlantic Forest,AF_15_GEORGETE,14,1.0471975511965976,GEORGETE
4,Atlantic Forest,AF_20_CHICO,40,1.0471975511965976,CHICO
4,Atlantic Forest,AF_23_TONHA,63,1.0471975511965976,TONHA
4,Atlantic Forest,AF_24_TINA,42,1.0471975511965976,TINA
4,Atlantic Forest,AF_25_MAMA,19,1.0471975511965976,MAMA
4,Cerrado,CE_03_LOU,495,1.0471975511965976,LOU
4,Cerrado,CE_04_TITI,198,1.0471975511965976,TITI
4,Cerrado,CE_08_COLOMBINA,52,1.0471975511965976,COLOMBINA
4,Cerrado,CE_09_PANA,55,1.0471975511965976,PANA
4,Cerrado,CE_10_ELIS,12,1.0471975511965976,ELIS
4,Cerrado,CE_11_ZACA,123,1.0471975511965976,ZACA
4,Cerrado,CE_13_SULI,49,1.0471975511965976,SULI
4,Cerrado,CE_15_KURUKA,68,1.0471975511965976,KURUKA
4,Cerrado,CE_17_ARNO,238,1.0471975511965976,ARNO
4,Cerrado,CE_21_ZEMARIA,393,1.0471975511965976,ZEMARIA
4,Cerrado,CE_22_ZEFA,81,1.0471975511965976,ZEFA
4,Cerrado,CE_23_CARABI,477,1.0471975511965976,CARABI
4,Cerrado,CE_25_SEGRE,446,1.0471975511965976,SEGRE
4,Cerrado,CE_27_DONALINA,38,1.0471975511965976,DONALINA
4,Cerrado,CE_28_ZIGGY,410,1.0471975511965976,ZIGGY
4,Cerrado,CE_31_ANNA,416,1.0471975511965976,ANNA
4,Cerrado,CE_34_DONACIDA,378,1.0471975511965976,DONACIDA
4,Pantanal,PA_03_BANDAID,14,1.0471975511965976,BANDAID
4,Pantanal,PA_05_KELLY,12,1.0471975511965976,KELLY
4,Pantanal,PA_08_BENJAMIN,36,1.0471975511965976,BENJAMIN
4,Pantanal,PA_09_SONIAMADALENA,23,1.0471975511965976,SONIAMADALENA
4,Pantanal,PA_10_VIVEK,58,1.0471975511965976,VIVEK
4,Pantanal,PA_11_LUIS,19,1.0471975511965976,LUIS
4,Pantanal,PA_12_FELIPPE,4,1.0471975511965976,FELIPPE
4,Pantanal,PA_13_RITA,22,1.0471975511965976,RITA
4,Pantanal,PA_15_MORENA,158,1.0471975511965976,MORENA
4,Pantanal,PA_16_DORA,28,1.0471975511965976,DORA
4,Pantanal,PA_18_NIC,22,1.0471975511965976,NIC
4,Pantanal,PA_19_SERGIAO,553,1.0471975511965976,SERGIAO
4,Pantanal,PA_20_SY,56,1.0471975511965976,SY
4,Pantanal,PA_21_CAIO,8,1.0471975511965976,CAIO
4,Pantanal,PA_22_EMILIO,3,1.0471975511965976,EMILIO
4,Pantanal,PA_23_RICK,44,1.0471975511965976,RICK
4,Pantanal,PA_24_LESLIE,23,1.0471975511965976,LESLIE
4,Pantanal,PA_26_SACHIN,18,1.0471975511965976,SACHIN
4,Pantanal,PA_28_DUDA,471,1.0471975511965976,DUDA
4,Pantanal,PA_29_KARIN,8,1.0471975511965976,KARIN
4,Pantanal,PA_30_NELSAO,28,1.0471975511965976,NELSAO
4,Pantanal,PA_31_JORDANO,22,1.0471975511965976,JORDANO
4,Pantanal,PA_33_GABRIELA,34,1.0471975511965976,GABRIELA
4,Pantanal,PA_34_CARIJO,425,1.0471975511965976,CARIJO
4,Pantanal,PA_36_MICHELE,51,1.0471975511965976,MICHELE
4,Pantanal,PA_38_CASSANDRA,10,1.0471975511965976,CASSANDRA
4,Pantanal,PA_40_MALU,556,1.0471975511965976,MALU
4,Pantanal,PA_47_MORENINHO,338,1.0471975511965976,MORENINHO
4,Pantanal,PA_48_TED,22,1.0471975511965976,TED
4,Pantanal,PA_49_WALLY,454,1.0471975511965976,WALLY
4,Pantanal,PA_51_MUCCI,195,1.0471975511965976,MUCCI
4,Pantanal,PA_52_WIE,77,1.0471975511965976,WIE
4,Pantanal,PA_54_PAULONA,567,1.0471975511965976,PAULONA
4,Pantanal,PA_58_LIANA,318,1.0471975511965976,LIANA
4,Pantanal,PA_59_POPEYE,214,1.0471975511965976,POPEYE
4,Pantanal,PA_61_DOINHO,66,1.0471975511965976,DOINHO
4,Pantanal,PA_62_PRETINHO,24,1.0471975511965976,PRETINHO
4,Pantanal,PA_64_COLUMBUS,3,1.0471975511965976,COLUMBUS
4,Pantanal,PA_65_VALENTINA,85,1.0471975511965976,VALENTINA
4,Pantanal,PA_67_CARMINHA,35,1.0471975511965976,CARMINHA
4,Pantanal,PA_68_FAROFO,331,1.0471975511965976,FAROFO
4,Pantanal,PA_69_ANGELINA,140,1.0471975511965976,ANGELINA
4,Pantanal,PA_71_SIDNEY,117,1.0471975511965976,SIDNEY
4,Pantanal,PA_74_LAURO,140,1.0471975511965976,LAURO
4,Pantanal,PA_82_DONNA,13,1.0471975511965976,DONNA
4,Pantanal,PA_86_CUZINHO,335,1.0471975511965976,CUZINHO
5,Atlantic Forest,AF_01_JOANA,82,1.308996938995747,JOANA
5,Atlantic Forest,AF_02_PAULETE,40,1.308996938995747,PAULETE
5,Atlantic Forest,AF_05_CHUCHU,34,1.308996938995747,CHUCHU
5,Atlantic Forest,AF_12_PATRICIA,15,1.308996938995747,PATRICIA
5,Atlantic Forest,AF_14_JAMESBOND,30,1.308996938995747,JAMESBOND
5,Atlantic Forest,AF_15_GEORGETE,25,1.308996938995747,GEORGETE
5,Atlantic Forest,AF_17_ESPERTA,2,1.308996938995747,ESPERTA
5,Atlantic Forest,AF_20_CHICO,43,1.308996938995747,CHICO
5,Atlantic Forest,AF_23_TONHA,53,1.308996938995747,TONHA
5,Atlantic Forest,AF_24_TINA,52,1.308996938995747,TINA
5,Atlantic Forest,AF_25_MAMA,25,1.308996938995747,MAMA
5,Cerrado,CE_03_LOU,484,1.308996938995747,LOU
5,Cerrado,CE_04_TITI,193,1.308996938995747,TITI
5,Cerrado,CE_08_COLOMBINA,53,1.308996938995747,COLOMBINA
5,Cerrado,CE_09_PANA,45,1.308996938995747,PANA
5,Cerrado,CE_10_ELIS,12,1.308996938995747,ELIS
5,Cerrado,CE_11_ZACA,107,1.308996938995747,ZACA
5,Cerrado,CE_13_SULI,50,1.308996938995747,SULI
5,Cerrado,CE_15_KURUKA,66,1.308996938995747,KURUKA
5,Cerrado,CE_17_ARNO,241,1.308996938995747,ARNO
5,Cerrado,CE_21_ZEMARIA,392,1.308996938995747,ZEMARIA
5,Cerrado,CE_22_ZEFA,80,1.308996938995747,ZEFA
5,Cerrado,CE_23_CARABI,471,1.308996938995747,CARABI
5,Cerrado,CE_25_SEGRE,439,1.308996938995747,SEGRE
5,Cerrado,CE_27_DONALINA,38,1.308996938995747,DONALINA
5,Cerrado,CE_28_ZIGGY,403,1.308996938995747,ZIGGY
5,Cerrado,CE_31_ANNA,423,1.308996938995747,ANNA
5,Cerrado,CE_34_DONACIDA,376,1.308996938995747,DONACIDA
5,Pantanal,PA_03_BANDAID,22,1.308996938995747,BANDAID
5,Pantanal,PA_05_KELLY,15,1.308996938995747,KELLY
5,Pantanal,PA_08_BENJAMIN,42,1.308996938995747,BENJAMIN
5,Pantanal,PA_09_SONIAMADALENA,21,1.308996938995747,SONIAMADALENA
5,Pantanal,PA_10_VIVEK,50,1.308996938995747,VIVEK
5,Pantanal,PA_11_LUIS,19,1.308996938995747,LUIS
5,Pantanal,PA_12_FELIPPE,4,1.308996938995747,FELIPPE
5,Pantanal,PA_13_RITA,22,1.308996938995747,RITA
5,Pantanal,PA_15_MORENA,122,1.308996938995747,MORENA
5,Pantanal,PA_16_DORA,23,1.308996938995747,DORA
5,Pantanal,PA_18_NIC,20,1.308996938995747,NIC
5,Pantanal,PA_19_SERGIAO,524,1.308996938995747,SERGIAO
5,Pantanal,PA_20_SY,54,1.308996938995747,SY
5,Pantanal,PA_21_CAIO,9,1.308996938995747,CAIO
5,Pantanal,PA_22_EMILIO,2,1.308996938995747,EMILIO
5,Pantanal,PA_23_RICK,45,1.308996938995747,RICK
5,Pantanal,PA_24_LESLIE,28,1.308996938995747,LESLIE
5,Pantanal,PA_26_SACHIN,28,1.308996938995747,SACHIN
5,Pantanal,PA_28_DUDA,515,1.308996938995747,DUDA
5,Pantanal,PA_29_KARIN,15,1.308996938995747,KARIN
5,Pantanal,PA_30_NELSAO,21,1.308996938995747,NELSAO
5,Pantanal,PA_31_JORDANO,22,1.308996938995747,JORDANO
5,Pantanal,PA_33_GABRIELA,32,1.308996938995747,GABRIELA
5,Pantanal,PA_34_CARIJO,467,1.308996938995747,CARIJO
5,Pantanal,PA_36_MICHELE,51,1.308996938995747,MICHELE
5,Pantanal,PA_38_CASSANDRA,13,1.308996938995747,CASSANDRA
5,Pantanal,PA_40_MALU,532,1.308996938995747,MALU
5,Pantanal,PA_47_MORENINHO,340,1.308996938995747,MORENINHO
5,Pantanal,PA_48_TED,21,1.308996938995747,TED
5,Pantanal,PA_49_WALLY,453,1.308996938995747,WALLY
5,Pantanal,PA_51_MUCCI,198,1.308996938995747,MUCCI
5,Pantanal,PA_52_WIE,76,1.308996938995747,WIE
5,Pantanal,PA_54_PAULONA,556,1.308996938995747,PAULONA
5,Pantanal,PA_58_LIANA,321,1.308996938995747,LIANA
5,Pantanal,PA_59_POPEYE,172,1.308996938995747,POPEYE
5,Pantanal,PA_61_DOINHO,93,1.308996938995747,DOINHO
5,Pantanal,PA_62_PRETINHO,29,1.308996938995747,PRETINHO
5,Pantanal,PA_64_COLUMBUS,2,1.308996938995747,COLUMBUS
5,Pantanal,PA_65_VALENTINA,80,1.308996938995747,VALENTINA
5,Pantanal,PA_67_CARMINHA,24,1.308996938995747,CARMINHA
5,Pantanal,PA_68_FAROFO,346,1.308996938995747,FAROFO
5,Pantanal,PA_69_ANGELINA,126,1.308996938995747,ANGELINA
5,Pantanal,PA_71_SIDNEY,112,1.308996938995747,SIDNEY
5,Pantanal,PA_74_LAURO,132,1.308996938995747,LAURO
5,Pantanal,PA_82_DONNA,22,1.308996938995747,DONNA
5,Pantanal,PA_86_CUZINHO,328,1.308996938995747,CUZINHO
6,Atlantic Forest,AF_01_JOANA,76,1.5707963267948966,JOANA
6,Atlantic Forest,AF_02_PAULETE,29,1.5707963267948966,PAULETE
6,Atlantic Forest,AF_05_CHUCHU,19,1.5707963267948966,CHUCHU
6,Atlantic Forest,AF_12_PATRICIA,10,1.5707963267948966,PATRICIA
6,Atlantic Forest,AF_14_JAMESBOND,19,1.5707963267948966,JAMESBOND
6,Atlantic Forest,AF_15_GEORGETE,8,1.5707963267948966,GEORGETE
6,Atlantic Forest,AF_17_ESPERTA,5,1.5707963267948966,ESPERTA
6,Atlantic Forest,AF_20_CHICO,54,1.5707963267948966,CHICO
6,Atlantic Forest,AF_23_TONHA,44,1.5707963267948966,TONHA
6,Atlantic Forest,AF_24_TINA,40,1.5707963267948966,TINA
6,Atlantic Forest,AF_25_MAMA,22,1.5707963267948966,MAMA
6,Cerrado,CE_03_LOU,464,1.5707963267948966,LOU
6,Cerrado,CE_04_TITI,181,1.5707963267948966,TITI
6,Cerrado,CE_08_COLOMBINA,33,1.5707963267948966,COLOMBINA
6,Cerrado,CE_09_PANA,22,1.5707963267948966,PANA
6,Cerrado,CE_10_ELIS,12,1.5707963267948966,ELIS
6,Cerrado,CE_11_ZACA,108,1.5707963267948966,ZACA
6,Cerrado,CE_13_SULI,47,1.5707963267948966,SULI
6,Cerrado,CE_15_KURUKA,66,1.5707963267948966,KURUKA
6,Cerrado,CE_17_ARNO,233,1.5707963267948966,ARNO
6,Cerrado,CE_21_ZEMARIA,377,1.5707963267948966,ZEMARIA
6,Cerrado,CE_22_ZEFA,79,1.5707963267948966,ZEFA
6,Cerrado,CE_23_CARABI,453,1.5707963267948966,CARABI
6,Cerrado,CE_25_SEGRE,428,1.5707963267948966,SEGRE
6,Cerrado,CE_27_DONALINA,40,1.5707963267948966,DONALINA
6,Cerrado,CE_28_ZIGGY,388,1.5707963267948966,ZIGGY
6,Cerrado,CE_31_ANNA,416,1.5707963267948966,ANNA
6,Cerrado,CE_34_DONACIDA,376,1.5707963267948966,DONACIDA
6,Pantanal,PA_03_BANDAID,12,1.5707963267948966,BANDAID
6,Pantanal,PA_05_KELLY,15,1.5707963267948966,KELLY
6,Pantanal,PA_08_BENJAMIN,28,1.5707963267948966,BENJAMIN
6,Pantanal,PA_09_SONIAMADALENA,24,1.5707963267948966,SONIAMADALENA
6,Pantanal,PA_10_VIVEK,37,1.5707963267948966,VIVEK
6,Pantanal,PA_11_LUIS,14,1.5707963267948966,LUIS
6,Pantanal,PA_12_FELIPPE,1,1.5707963267948966,FELIPPE
6,Pantanal,PA_13_RITA,28,1.5707963267948966,RITA
6,Pantanal,PA_15_MORENA,154,1.5707963267948966,MORENA
6,Pantanal,PA_16_DORA,15,1.5707963267948966,DORA
6,Pantanal,PA_18_NIC,14,1.5707963267948966,NIC
6,Pantanal,PA_19_SERGIAO,486,1.5707963267948966,SERGIAO
6,Pantanal,PA_20_SY,51,1.5707963267948966,SY
6,Pantanal,PA_21_CAIO,12,1.5707963267948966,CAIO
6,Pantanal,PA_22_EMILIO,12,1.5707963267948966,EMILIO
6,Pantanal,PA_23_RICK,32,1.5707963267948966,RICK
6,Pantanal,PA_24_LESLIE,17,1.5707963267948966,LESLIE
6,Pantanal,PA_26_SACHIN,27,1.5707963267948966,SACHIN
6,Pantanal,PA_28_DUDA,483,1.5707963267948966,DUDA
6,Pantanal,PA_29_KARIN,7,1.5707963267948966,KARIN
6,Pantanal,PA_30_NELSAO,8,1.5707963267948966,NELSAO
6,Pantanal,PA_31_JORDANO,19,1.5707963267948966,JORDANO
6,Pantanal,PA_33_GABRIELA,28,1.5707963267948966,GABRIELA
6,Pantanal,PA_34_CARIJO,395,1.5707963267948966,CARIJO
6,Pantanal,PA_36_MICHELE,43,1.5707963267948966,MICHELE
6,Pantanal,PA_38_CASSANDRA,9,1.5707963267948966,CASSANDRA
6,Pantanal,PA_40_MALU,497,1.5707963267948966,MALU
6,Pantanal,PA_47_MORENINHO,348,1.5707963267948966,MORENINHO
6,Pantanal,PA_48_TED,19,1.5707963267948966,TED
6,Pantanal,PA_49_WALLY,427,1.5707963267948966,WALLY
6,Pantanal,PA_51_MUCCI,193,1.5707963267948966,MUCCI
6,Pantanal,PA_52_WIE,53,1.5707963267948966,WIE
6,Pantanal,PA_54_PAULONA,465,1.5707963267948966,PAULONA
6,Pantanal,PA_58_LIANA,264,1.5707963267948966,LIANA
6,Pantanal,PA_59_POPEYE,142,1.5707963267948966,POPEYE
6,Pantanal,PA_61_DOINHO,99,1.5707963267948966,DOINHO
6,Pantanal,PA_62_PRETINHO,15,1.5707963267948966,PRETINHO
6,Pantanal,PA_64_COLUMBUS,4,1.5707963267948966,COLUMBUS
6,Pantanal,PA_65_VALENTINA,85,1.5707963267948966,VALENTINA
6,Pantanal,PA_67_CARMINHA,26,1.5707963267948966,CARMINHA
6,Pantanal,PA_68_FAROFO,293,1.5707963267948966,FAROFO
6,Pantanal,PA_69_ANGELINA,133,1.5707963267948966,ANGELINA
6,Pantanal,PA_71_SIDNEY,98,1.5707963267948966,SIDNEY
6,Pantanal,PA_74_LAURO,129,1.5707963267948966,LAURO
6,Pantanal,PA_82_DONNA,31,1.5707963267948966,DONNA
6,Pantanal,PA_86_CUZINHO,294,1.5707963267948966,CUZINHO
7,Atlantic Forest,AF_01_JOANA,55,1.832595714594046,JOANA
7,Atlantic Forest,AF_02_PAULETE,16,1.832595714594046,PAULETE
7,Atlantic Forest,AF_05_CHUCHU,15,1.832595714594046,CHUCHU
7,Atlantic Forest,AF_12_PATRICIA,7,1.832595714594046,PATRICIA
7,Atlantic Forest,AF_14_JAMESBOND,16,1.832595714594046,JAMESBOND
7,Atlantic Forest,AF_15_GEORGETE,12,1.832595714594046,GEORGETE
7,Atlantic Forest,AF_17_ESPERTA,11,1.832595714594046,ESPERTA
7,Atlantic Forest,AF_20_CHICO,38,1.832595714594046,CHICO
7,Atlantic Forest,AF_23_TONHA,24,1.832595714594046,TONHA
7,Atlantic Forest,AF_24_TINA,9,1.832595714594046,TINA
7,Atlantic Forest,AF_25_MAMA,5,1.832595714594046,MAMA
7,Cerrado,CE_03_LOU,478,1.832595714594046,LOU
7,Cerrado,CE_04_TITI,173,1.832595714594046,TITI
7,Cerrado,CE_08_COLOMBINA,15,1.832595714594046,COLOMBINA
7,Cerrado,CE_09_PANA,8,1.832595714594046,PANA
7,Cerrado,CE_10_ELIS,6,1.832595714594046,ELIS
7,Cerrado,CE_11_ZACA,100,1.832595714594046,ZACA
7,Cerrado,CE_13_SULI,47,1.832595714594046,SULI
7,Cerrado,CE_15_KURUKA,69,1.832595714594046,KURUKA
7,Cerrado,CE_17_ARNO,239,1.832595714594046,ARNO
7,Cerrado,CE_21_ZEMARIA,372,1.832595714594046,ZEMARIA
7,Cerrado,CE_22_ZEFA,83,1.832595714594046,ZEFA
7,Cerrado,CE_23_CARABI,472,1.832595714594046,CARABI
7,Cerrado,CE_25_SEGRE,443,1.832595714594046,SEGRE
7,Cerrado,CE_27_DONALINA,38,1.832595714594046,DONALINA
7,Cerrado,CE_28_ZIGGY,387,1.832595714594046,ZIGGY
7,Cerrado,CE_31_ANNA,425,1.832595714594046,ANNA
7,Cerrado,CE_34_DONACIDA,376,1.832595714594046,DONACIDA
7,Pantanal,PA_03_BANDAID,5,1.832595714594046,BANDAID
7,Pantanal,PA_05_KELLY,5,1.832595714594046,KELLY
7,Pantanal,PA_08_BENJAMIN,19,1.832595714594046,BENJAMIN
7,Pantanal,PA_09_SONIAMADALENA,25,1.832595714594046,SONIAMADALENA
7,Pantanal,PA_10_VIVEK,22,1.832595714594046,VIVEK
7,Pantanal,PA_11_LUIS,6,1.832595714594046,LUIS
7,Pantanal,PA_12_FELIPPE,1,1.832595714594046,FELIPPE
7,Pantanal,PA_13_RITA,24,1.832595714594046,RITA
7,Pantanal,PA_15_MORENA,142,1.832595714594046,MORENA
7,Pantanal,PA_16_DORA,13,1.832595714594046,DORA
7,Pantanal,PA_18_NIC,18,1.832595714594046,NIC
7,Pantanal,PA_19_SERGIAO,469,1.832595714594046,SERGIAO
7,Pantanal,PA_20_SY,53,1.832595714594046,SY
7,Pantanal,PA_21_CAIO,11,1.832595714594046,CAIO
7,Pantanal,PA_22_EMILIO,3,1.832595714594046,EMILIO
7,Pantanal,PA_23_RICK,12,1.832595714594046,RICK
7,Pantanal,PA_24_LESLIE,9,1.832595714594046,LESLIE
7,Pantanal,PA_26_SACHIN,20,1.832595714594046,SACHIN
7,Pantanal,PA_28_DUDA,497,1.832595714594046,DUDA
7,Pantanal,PA_29_KARIN,4,1.832595714594046,KARIN
7,Pantanal,PA_30_NELSAO,4,1.832595714594046,NELSAO
7,Pantanal,PA_31_JORDANO,8,1.832595714594046,JORDANO
7,Pantanal,PA_33_GABRIELA,25,1.832595714594046,GABRIELA
7,Pantanal,PA_34_CARIJO,459,1.832595714594046,CARIJO
7,Pantanal,PA_36_MICHELE,36,1.832595714594046,MICHELE
7,Pantanal,PA_38_CASSANDRA,2,1.832595714594046,CASSANDRA
7,Pantanal,PA_40_MALU,483,1.832595714594046,MALU
7,Pantanal,PA_47_MORENINHO,349,1.832595714594046,MORENINHO
7,Pantanal,PA_48_TED,21,1.832595714594046,TED
7,Pantanal,PA_49_WALLY,432,1.832595714594046,WALLY
7,Pantanal,PA_51_MUCCI,190,1.832595714594046,MUCCI
7,Pantanal,PA_52_WIE,50,1.832595714594046,WIE
7,Pantanal,PA_54_PAULONA,482,1.832595714594046,PAULONA
7,Pantanal,PA_58_LIANA,269,1.832595714594046,LIANA
7,Pantanal,PA_59_POPEYE,140,1.832595714594046,POPEYE
7,Pantanal,PA_61_DOINHO,121,1.832595714594046,DOINHO
7,Pantanal,PA_62_PRETINHO,20,1.832595714594046,PRETINHO
7,Pantanal,PA_64_COLUMBUS,6,1.832595714594046,COLUMBUS
7,Pantanal,PA_65_VALENTINA,87,1.832595714594046,VALENTINA
7,Pantanal,PA_67_CARMINHA,29,1.832595714594046,CARMINHA
7,Pantanal,PA_68_FAROFO,295,1.832595714594046,FAROFO
7,Pantanal,PA_69_ANGELINA,129,1.832595714594046,ANGELINA
7,Pantanal,PA_71_SIDNEY,95,1.832595714594046,SIDNEY
7,Pantanal,PA_74_LAURO,152,1.832595714594046,LAURO
7,Pantanal,PA_82_DONNA,50,1.832595714594046,DONNA
7,Pantanal,PA_86_CUZINHO,294,1.832595714594046,CUZINHO
8,Atlantic Forest,AF_01_JOANA,20,2.0943951023931953,JOANA
8,Atlantic Forest,AF_02_PAULETE,12,2.0943951023931953,PAULETE
8,Atlantic Forest,AF_05_CHUCHU,6,2.0943951023931953,CHUCHU
8,Atlantic Forest,AF_12_PATRICIA,4,2.0943951023931953,PATRICIA
8,Atlantic Forest,AF_15_GEORGETE,1,2.0943951023931953,GEORGETE
8,Atlantic Forest,AF_17_ESPERTA,17,2.0943951023931953,ESPERTA
8,Atlantic Forest,AF_20_CHICO,23,2.0943951023931953,CHICO
8,Atlantic Forest,AF_23_TONHA,5,2.0943951023931953,TONHA
8,Atlantic Forest,AF_25_MAMA,7,2.0943951023931953,MAMA
8,Cerrado,CE_03_LOU,481,2.0943951023931953,LOU
8,Cerrado,CE_04_TITI,175,2.0943951023931953,TITI
8,Cerrado,CE_08_COLOMBINA,4,2.0943951023931953,COLOMBINA
8,Cerrado,CE_09_PANA,5,2.0943951023931953,PANA
8,Cerrado,CE_10_ELIS,2,2.0943951023931953,ELIS
8,Cerrado,CE_11_ZACA,97,2.0943951023931953,ZACA
8,Cerrado,CE_13_SULI,45,2.0943951023931953,SULI
8,Cerrado,CE_15_KURUKA,66,2.0943951023931953,KURUKA
8,Cerrado,CE_17_ARNO,240,2.0943951023931953,ARNO
8,Cerrado,CE_21_ZEMARIA,362,2.0943951023931953,ZEMARIA
8,Cerrado,CE_22_ZEFA,80,2.0943951023931953,ZEFA
8,Cerrado,CE_23_CARABI,467,2.0943951023931953,CARABI
8,Cerrado,CE_25_SEGRE,443,2.0943951023931953,SEGRE
8,Cerrado,CE_27_DONALINA,41,2.0943951023931953,DONALINA
8,Cerrado,CE_28_ZIGGY,387,2.0943951023931953,ZIGGY
8,Cerrado,CE_31_ANNA,398,2.0943951023931953,ANNA
8,Cerrado,CE_34_DONACIDA,374,2.0943951023931953,DONACIDA
8,Pantanal,PA_03_BANDAID,8,2.0943951023931953,BANDAID
8,Pantanal,PA_05_KELLY,5,2.0943951023931953,KELLY
8,Pantanal,PA_08_BENJAMIN,17,2.0943951023931953,BENJAMIN
8,Pantanal,PA_09_SONIAMADALENA,31,2.0943951023931953,SONIAMADALENA
8,Pantanal,PA_10_VIVEK,23,2.0943951023931953,VIVEK
8,Pantanal,PA_11_LUIS,18,2.0943951023931953,LUIS
8,Pantanal,PA_12_FELIPPE,12,2.0943951023931953,FELIPPE
8,Pantanal,PA_13_RITA,22,2.0943951023931953,RITA
8,Pantanal,PA_15_MORENA,184,2.0943951023931953,MORENA
8,Pantanal,PA_16_DORA,22,2.0943951023931953,DORA
8,Pantanal,PA_18_NIC,15,2.0943951023931953,NIC
8,Pantanal,PA_19_SERGIAO,472,2.0943951023931953,SERGIAO
8,Pantanal,PA_20_SY,56,2.0943951023931953,SY
8,Pantanal,PA_21_CAIO,5,2.0943951023931953,CAIO
8,Pantanal,PA_22_EMILIO,1,2.0943951023931953,EMILIO
8,Pantanal,PA_23_RICK,7,2.0943951023931953,RICK
8,Pantanal,PA_24_LESLIE,6,2.0943951023931953,LESLIE
8,Pantanal,PA_26_SACHIN,7,2.0943951023931953,SACHIN
8,Pantanal,PA_28_DUDA,499,2.0943951023931953,DUDA
8,Pantanal,PA_29_KARIN,5,2.0943951023931953,KARIN
8,Pantanal,PA_30_NELSAO,8,2.0943951023931953,NELSAO
8,Pantanal,PA_31_JORDANO,7,2.0943951023931953,JORDANO
8,Pantanal,PA_33_GABRIELA,20,2.0943951023931953,GABRIELA
8,Pantanal,PA_34_CARIJO,447,2.0943951023931953,CARIJO
8,Pantanal,PA_36_MICHELE,43,2.0943951023931953,MICHELE
8,Pantanal,PA_38_CASSANDRA,4,2.0943951023931953,CASSANDRA
8,Pantanal,PA_40_MALU,458,2.0943951023931953,MALU
8,Pantanal,PA_47_MORENINHO,346,2.0943951023931953,MORENINHO
8,Pantanal,PA_48_TED,20,2.0943951023931953,TED
8,Pantanal,PA_49_WALLY,432,2.0943951023931953,WALLY
8,Pantanal,PA_51_MUCCI,187,2.0943951023931953,MUCCI
8,Pantanal,PA_52_WIE,54,2.0943951023931953,WIE
8,Pantanal,PA_54_PAULONA,484,2.0943951023931953,PAULONA
8,Pantanal,PA_58_LIANA,266,2.0943951023931953,LIANA
8,Pantanal,PA_59_POPEYE,131,2.0943951023931953,POPEYE
8,Pantanal,PA_61_DOINHO,108,2.0943951023931953,DOINHO
8,Pantanal,PA_62_PRETINHO,21,2.0943951023931953,PRETINHO
8,Pantanal,PA_64_COLUMBUS,8,2.0943951023931953,COLUMBUS
8,Pantanal,PA_65_VALENTINA,87,2.0943951023931953,VALENTINA
8,Pantanal,PA_67_CARMINHA,30,2.0943951023931953,CARMINHA
8,Pantanal,PA_68_FAROFO,282,2.0943951023931953,FAROFO
8,Pantanal,PA_69_ANGELINA,125,2.0943951023931953,ANGELINA
8,Pantanal,PA_71_SIDNEY,87,2.0943951023931953,SIDNEY
8,Pantanal,PA_74_LAURO,146,2.0943951023931953,LAURO
8,Pantanal,PA_82_DONNA,46,2.0943951023931953,DONNA
8,Pantanal,PA_86_CUZINHO,286,2.0943951023931953,CUZINHO
9,Atlantic Forest,AF_01_JOANA,20,2.356194490192345,JOANA
9,Atlantic Forest,AF_02_PAULETE,7,2.356194490192345,PAULETE
9,Atlantic Forest,AF_05_CHUCHU,3,2.356194490192345,CHUCHU
9,Atlantic Forest,AF_14_JAMESBOND,2,2.356194490192345,JAMESBOND
9,Atlantic Forest,AF_15_GEORGETE,2,2.356194490192345,GEORGETE
9,Atlantic Forest,AF_17_ESPERTA,10,2.356194490192345,ESPERTA
9,Atlantic Forest,AF_20_CHICO,8,2.356194490192345,CHICO
9,Atlantic Forest,AF_23_TONHA,1,2.356194490192345,TONHA
9,Atlantic Forest,AF_25_MAMA,1,2.356194490192345,MAMA
9,Cerrado,CE_03_LOU,478,2.356194490192345,LOU
9,Cerrado,CE_04_TITI,180,2.356194490192345,TITI
9,Cerrado,CE_08_COLOMBINA,6,2.356194490192345,COLOMBINA
9,Cerrado,CE_09_PANA,4,2.356194490192345,PANA
9,Cerrado,CE_11_ZACA,96,2.356194490192345,ZACA
9,Cerrado,CE_13_SULI,46,2.356194490192345,SULI
9,Cerrado,CE_15_KURUKA,68,2.356194490192345,KURUKA
9,Cerrado,CE_17_ARNO,234,2.356194490192345,ARNO
9,Cerrado,CE_21_ZEMARIA,355,2.356194490192345,ZEMARIA
9,Cerrado,CE_22_ZEFA,85,2.356194490192345,ZEFA
9,Cerrado,CE_23_CARABI,463,2.356194490192345,CARABI
9,Cerrado,CE_25_SEGRE,443,2.356194490192345,SEGRE
9,Cerrado,CE_27_DONALINA,39,2.356194490192345,DONALINA
9,Cerrado,CE_28_ZIGGY,378,2.356194490192345,ZIGGY
9,Cerrado,CE_31_ANNA,411,2.356194490192345,ANNA
9,Cerrado,CE_34_DONACIDA,373,2.356194490192345,DONACIDA
9,Pantanal,PA_03_BANDAID,13,2.356194490192345,BANDAID
9,Pantanal,PA_05_KELLY,8,2.356194490192345,KELLY
9,Pantanal,PA_08_BENJAMIN,26,2.356194490192345,BENJAMIN
9,Pantanal,PA_09_SONIAMADALENA,28,2.356194490192345,SONIAMADALENA
9,Pantanal,PA_10_VIVEK,12,2.356194490192345,VIVEK
9,Pantanal,PA_11_LUIS,14,2.356194490192345,LUIS
9,Pantanal,PA_12_FELIPPE,8,2.356194490192345,FELIPPE
9,Pantanal,PA_13_RITA,27,2.356194490192345,RITA
9,Pantanal,PA_15_MORENA,195,2.356194490192345,MORENA
9,Pantanal,PA_16_DORA,10,2.356194490192345,DORA
9,Pantanal,PA_18_NIC,7,2.356194490192345,NIC
9,Pantanal,PA_19_SERGIAO,497,2.356194490192345,SERGIAO
9,Pantanal,PA_20_SY,50,2.356194490192345,SY
9,Pantanal,PA_21_CAIO,7,2.356194490192345,CAIO
9,Pantanal,PA_22_EMILIO,1,2.356194490192345,EMILIO
9,Pantanal,PA_23_RICK,14,2.356194490192345,RICK
9,Pantanal,PA_24_LESLIE,5,2.356194490192345,LESLIE
9,Pantanal,PA_26_SACHIN,8,2.356194490192345,SACHIN
9,Pantanal,PA_28_DUDA,511,2.356194490192345,DUDA
9,Pantanal,PA_29_KARIN,12,2.356194490192345,KARIN
9,Pantanal,PA_30_NELSAO,3,2.356194490192345,NELSAO
9,Pantanal,PA_31_JORDANO,13,2.356194490192345,JORDANO
9,Pantanal,PA_33_GABRIELA,30,2.356194490192345,GABRIELA
9,Pantanal,PA_34_CARIJO,482,2.356194490192345,CARIJO
9,Pantanal,PA_36_MICHELE,44,2.356194490192345,MICHELE
9,Pantanal,PA_38_CASSANDRA,12,2.356194490192345,CASSANDRA
9,Pantanal,PA_40_MALU,464,2.356194490192345,MALU
9,Pantanal,PA_47_MORENINHO,358,2.356194490192345,MORENINHO
9,Pantanal,PA_48_TED,20,2.356194490192345,TED
9,Pantanal,PA_49_WALLY,425,2.356194490192345,WALLY
9,Pantanal,PA_51_MUCCI,186,2.356194490192345,MUCCI
9,Pantanal,PA_52_WIE,63,2.356194490192345,WIE
9,Pantanal,PA_54_PAULONA,487,2.356194490192345,PAULONA
9,Pantanal,PA_58_LIANA,266,2.356194490192345,LIANA
9,Pantanal,PA_59_POPEYE,134,2.356194490192345,POPEYE
9,Pantanal,PA_61_DOINHO,124,2.356194490192345,DOINHO
9,Pantanal,PA_62_PRETINHO,22,2.356194490192345,PRETINHO
9,Pantanal,PA_64_COLUMBUS,9,2.356194490192345,COLUMBUS
9,Pantanal,PA_65_VALENTINA,91,2.356194490192345,VALENTINA
9,Pantanal,PA_67_CARMINHA,27,2.356194490192345,CARMINHA
9,Pantanal,PA_68_FAROFO,294,2.356194490192345,FAROFO
9,Pantanal,PA_69_ANGELINA,129,2.356194490192345,ANGELINA
9,Pantanal,PA_71_SIDNEY,87,2.356194490192345,SIDNEY
9,Pantanal,PA_74_LAURO,151,2.356194490192345,LAURO
9,Pantanal,PA_82_DONNA,42,2.356194490192345,DONNA
9,Pantanal,PA_86_CUZINHO,275,2.356194490192345,CUZINHO
10,Atlantic Forest,AF_01_JOANA,23,2.617993877991494,JOANA
10,Atlantic Forest,AF_02_PAULETE,11,2.617993877991494,PAULETE
10,Atlantic Forest,AF_05_CHUCHU,3,2.617993877991494,CHUCHU
10,Atlantic Forest,AF_12_PATRICIA,2,2.617993877991494,PATRICIA
10,Atlantic Forest,AF_17_ESPERTA,4,2.617993877991494,ESPERTA
10,Cerrado,CE_03_LOU,475,2.617993877991494,LOU
10,Cerrado,CE_04_TITI,184,2.617993877991494,TITI
10,Cerrado,CE_08_COLOMBINA,3,2.617993877991494,COLOMBINA
10,Cerrado,CE_09_PANA,7,2.617993877991494,PANA
10,Cerrado,CE_11_ZACA,97,2.617993877991494,ZACA
10,Cerrado,CE_13_SULI,43,2.617993877991494,SULI
10,Cerrado,CE_15_KURUKA,68,2.617993877991494,KURUKA
10,Cerrado,CE_17_ARNO,234,2.617993877991494,ARNO
10,Cerrado,CE_21_ZEMARIA,342,2.617993877991494,ZEMARIA
10,Cerrado,CE_22_ZEFA,79,2.617993877991494,ZEFA
10,Cerrado,CE_23_CARABI,439,2.617993877991494,CARABI
10,Cerrado,CE_25_SEGRE,433,2.617993877991494,SEGRE
10,Cerrado,CE_27_DONALINA,37,2.617993877991494,DONALINA
10,Cerrado,CE_28_ZIGGY,372,2.617993877991494,ZIGGY
10,Cerrado,CE_31_ANNA,402,2.617993877991494,ANNA
10,Cerrado,CE_34_DONACIDA,362,2.617993877991494,DONACIDA
10,Pantanal,PA_03_BANDAID,5,2.617993877991494,BANDAID
10,Pantanal,PA_05_KELLY,2,2.617993877991494,KELLY
10,Pantanal,PA_08_BENJAMIN,16,2.617993877991494,BENJAMIN
10,Pantanal,PA_09_SONIAMADALENA,30,2.617993877991494,SONIAMADALENA
10,Pantanal,PA_10_VIVEK,3,2.617993877991494,VIVEK
10,Pantanal,PA_11_LUIS,18,2.617993877991494,LUIS
10,Pantanal,PA_12_FELIPPE,3,2.617993877991494,FELIPPE
10,Pantanal,PA_13_RITA,32,2.617993877991494,RITA
10,Pantanal,PA_15_MORENA,218,2.617993877991494,MORENA
10,Pantanal,PA_16_DORA,4,2.617993877991494,DORA
10,Pantanal,PA_18_NIC,2,2.617993877991494,NIC
10,Pantanal,PA_19_SERGIAO,493,2.617993877991494,SERGIAO
10,Pantanal,PA_20_SY,52,2.617993877991494,SY
10,Pantanal,PA_21_CAIO,4,2.617993877991494,CAIO
10,Pantanal,PA_22_EMILIO,4,2.617993877991494,EMILIO
10,Pantanal,PA_23_RICK,8,2.617993877991494,RICK
10,Pantanal,PA_24_LESLIE,5,2.617993877991494,LESLIE
10,Pantanal,PA_26_SACHIN,1,2.617993877991494,SACHIN
10,Pantanal,PA_28_DUDA,467,2.617993877991494,DUDA
10,Pantanal,PA_29_KARIN,1,2.617993877991494,KARIN
10,Pantanal,PA_30_NELSAO,1,2.617993877991494,NELSAO
10,Pantanal,PA_31_JORDANO,4,2.617993877991494,JORDANO
10,Pantanal,PA_33_GABRIELA,27,2.617993877991494,GABRIELA
10,Pantanal,PA_34_CARIJO,450,2.617993877991494,CARIJO
10,Pantanal,PA_36_MICHELE,53,2.617993877991494,MICHELE
10,Pantanal,PA_38_CASSANDRA,2,2.617993877991494,CASSANDRA
10,Pantanal,PA_40_MALU,447,2.617993877991494,MALU
10,Pantanal,PA_47_MORENINHO,342,2.617993877991494,MORENINHO
10,Pantanal,PA_48_TED,23,2.617993877991494,TED
10,Pantanal,PA_49_WALLY,426,2.617993877991494,WALLY
10,Pantanal,PA_51_MUCCI,183,2.617993877991494,MUCCI
10,Pantanal,PA_52_WIE,56,2.617993877991494,WIE
10,Pantanal,PA_54_PAULONA,489,2.617993877991494,PAULONA
10,Pantanal,PA_58_LIANA,262,2.617993877991494,LIANA
10,Pantanal,PA_59_POPEYE,122,2.617993877991494,POPEYE
10,Pantanal,PA_61_DOINHO,122,2.617993877991494,DOINHO
10,Pantanal,PA_62_PRETINHO,19,2.617993877991494,PRETINHO
10,Pantanal,PA_64_COLUMBUS,7,2.617993877991494,COLUMBUS
10,Pantanal,PA_65_VALENTINA,89,2.617993877991494,VALENTINA
10,Pantanal,PA_67_CARMINHA,26,2.617993877991494,CARMINHA
10,Pantanal,PA_68_FAROFO,286,2.617993877991494,FAROFO
10,Pantanal,PA_69_ANGELINA,119,2.617993877991494,ANGELINA
10,Pantanal,PA_71_SIDNEY,74,2.617993877991494,SIDNEY
10,Pantanal,PA_74_LAURO,151,2.617993877991494,LAURO
10,Pantanal,PA_82_DONNA,35,2.617993877991494,DONNA
10,Pantanal,PA_86_CUZINHO,248,2.617993877991494,CUZINHO
11,Atlantic Forest,AF_01_JOANA,19,2.8797932657906435,JOANA
11,Atlantic Forest,AF_02_PAULETE,7,2.8797932657906435,PAULETE
11,Atlantic Forest,AF_05_CHUCHU,2,2.8797932657906435,CHUCHU
11,Atlantic Forest,AF_12_PATRICIA,1,2.8797932657906435,PATRICIA
11,Atlantic Forest,AF_14_JAMESBOND,1,2.8797932657906435,JAMESBOND
11,Atlantic Forest,AF_15_GEORGETE,2,2.8797932657906435,GEORGETE
11,Atlantic Forest,AF_17_ESPERTA,1,2.8797932657906435,ESPERTA
11,Atlantic Forest,AF_23_TONHA,1,2.8797932657906435,TONHA
11,Cerrado,CE_03_LOU,480,2.8797932657906435,LOU
11,Cerrado,CE_04_TITI,182,2.8797932657906435,TITI
11,Cerrado,CE_08_COLOMBINA,4,2.8797932657906435,COLOMBINA
11,Cerrado,CE_09_PANA,5,2.8797932657906435,PANA
11,Cerrado,CE_11_ZACA,105,2.8797932657906435,ZACA
11,Cerrado,CE_13_SULI,44,2.8797932657906435,SULI
11,Cerrado,CE_15_KURUKA,68,2.8797932657906435,KURUKA
11,Cerrado,CE_17_ARNO,239,2.8797932657906435,ARNO
11,Cerrado,CE_21_ZEMARIA,330,2.8797932657906435,ZEMARIA
11,Cerrado,CE_22_ZEFA,83,2.8797932657906435,ZEFA
11,Cerrado,CE_23_CARABI,435,2.8797932657906435,CARABI
11,Cerrado,CE_25_SEGRE,438,2.8797932657906435,SEGRE
11,Cerrado,CE_27_DONALINA,38,2.8797932657906435,DONALINA
11,Cerrado,CE_28_ZIGGY,375,2.8797932657906435,ZIGGY
11,Cerrado,CE_31_ANNA,422,2.8797932657906435,ANNA
11,Cerrado,CE_34_DONACIDA,358,2.8797932657906435,DONACIDA
11,Pantanal,PA_08_BENJAMIN,5,2.8797932657906435,BENJAMIN
11,Pantanal,PA_09_SONIAMADALENA,25,2.8797932657906435,SONIAMADALENA
11,Pantanal,PA_11_LUIS,1,2.8797932657906435,LUIS
11,Pantanal,PA_12_FELIPPE,2,2.8797932657906435,FELIPPE
11,Pantanal,PA_13_RITA,21,2.8797932657906435,RITA
11,Pantanal,PA_15_MORENA,220,2.8797932657906435,MORENA
11,Pantanal,PA_19_SERGIAO,495,2.8797932657906435,SERGIAO
11,Pantanal,PA_20_SY,57,2.8797932657906435,SY
11,Pantanal,PA_21_CAIO,1,2.8797932657906435,CAIO
11,Pantanal,PA_23_RICK,1,2.8797932657906435,RICK
11,Pantanal,PA_24_LESLIE,2,2.8797932657906435,LESLIE
11,Pantanal,PA_28_DUDA,472,2.8797932657906435,DUDA
11,Pantanal,PA_33_GABRIELA,34,2.8797932657906435,GABRIELA
11,Pantanal,PA_34_CARIJO,482,2.8797932657906435,CARIJO
11,Pantanal,PA_36_MICHELE,54,2.8797932657906435,MICHELE
11,Pantanal,PA_40_MALU,437,2.8797932657906435,MALU
11,Pantanal,PA_47_MORENINHO,350,2.8797932657906435,MORENINHO
11,Pantanal,PA_48_TED,23,2.8797932657906435,TED
11,Pantanal,PA_49_WALLY,414,2.8797932657906435,WALLY
11,Pantanal,PA_51_MUCCI,193,2.8797932657906435,MUCCI
11,Pantanal,PA_52_WIE,67,2.8797932657906435,WIE
11,Pantanal,PA_54_PAULONA,488,2.8797932657906435,PAULONA
11,Pantanal,PA_58_LIANA,256,2.8797932657906435,LIANA
11,Pantanal,PA_59_POPEYE,110,2.8797932657906435,POPEYE
11,Pantanal,PA_61_DOINHO,132,2.8797932657906435,DOINHO
11,Pantanal,PA_62_PRETINHO,21,2.8797932657906435,PRETINHO
11,Pantanal,PA_64_COLUMBUS,6,2.8797932657906435,COLUMBUS
11,Pantanal,PA_65_VALENTINA,91,2.8797932657906435,VALENTINA
11,Pantanal,PA_67_CARMINHA,29,2.8797932657906435,CARMINHA
11,Pantanal,PA_68_FAROFO,291,2.8797932657906435,FAROFO
11,Pantanal,PA_69_ANGELINA,128,2.8797932657906435,ANGELINA
11,Pantanal,PA_71_SIDNEY,71,2.8797932657906435,SIDNEY
11,Pantanal,PA_74_LAURO,156,2.8797932657906435,LAURO
11,Pantanal,PA_82_DONNA,46,2.8797932657906435,DONNA
11,Pantanal,PA_86_CUZINHO,244,2.8797932657906435,CUZINHO
12,Atlantic Forest,AF_01_JOANA,21,3.141592653589793,JOANA
12,Atlantic Forest,AF_02_PAULETE,12,3.141592653589793,PAULETE
12,Atlantic Forest,AF_05_CHUCHU,8,3.141592653589793,CHUCHU
12,Atlantic Forest,AF_12_PATRICIA,3,3.141592653589793,PATRICIA
12,Atlantic Forest,AF_14_JAMESBOND,3,3.141592653589793,JAMESBOND
12,Atlantic Forest,AF_15_GEORGETE,4,3.141592653589793,GEORGETE
12,Cerrado,CE_03_LOU,465,3.141592653589793,LOU
12,Cerrado,CE_04_TITI,176,3.141592653589793,TITI
12,Cerrado,CE_08_COLOMBINA,1,3.141592653589793,COLOMBINA
12,Cerrado,CE_09_PANA,2,3.141592653589793,PANA
12,Cerrado,CE_10_ELIS,2,3.141592653589793,ELIS
12,Cerrado,CE_11_ZACA,116,3.141592653589793,ZACA
12,Cerrado,CE_13_SULI,45,3.141592653589793,SULI
12,Cerrado,CE_15_KURUKA,65,3.141592653589793,KURUKA
12,Cerrado,CE_17_ARNO,231,3.141592653589793,ARNO
12,Cerrado,CE_21_ZEMARIA,327,3.141592653589793,ZEMARIA
12,Cerrado,CE_22_ZEFA,78,3.141592653589793,ZEFA
12,Cerrado,CE_23_CARABI,414,3.141592653589793,CARABI
12,Cerrado,CE_25_SEGRE,429,3.141592653589793,SEGRE
12,Cerrado,CE_27_DONALINA,36,3.141592653589793,DONALINA
12,Cerrado,CE_28_ZIGGY,382,3.141592653589793,ZIGGY
12,Cerrado,CE_31_ANNA,409,3.141592653589793,ANNA
12,Cerrado,CE_34_DONACIDA,354,3.141592653589793,DONACIDA
12,Pantanal,PA_03_BANDAID,3,3.141592653589793,BANDAID
12,Pantanal,PA_05_KELLY,1,3.141592653589793,KELLY
12,Pantanal,PA_08_BENJAMIN,1,3.141592653589793,BENJAMIN
12,Pantanal,PA_09_SONIAMADALENA,33,3.141592653589793,SONIAMADALENA
12,Pantanal,PA_10_VIVEK,1,3.141592653589793,VIVEK
12,Pantanal,PA_12_FELIPPE,1,3.141592653589793,FELIPPE
12,Pantanal,PA_13_RITA,28,3.141592653589793,RITA
12,Pantanal,PA_15_MORENA,227,3.141592653589793,MORENA
12,Pantanal,PA_19_SERGIAO,492,3.141592653589793,SERGIAO
12,Pantanal,PA_20_SY,57,3.141592653589793,SY
12,Pantanal,PA_23_RICK,1,3.141592653589793,RICK
12,Pantanal,PA_28_DUDA,435,3.141592653589793,DUDA
12,Pantanal,PA_29_KARIN,1,3.141592653589793,KARIN
12,Pantanal,PA_31_JORDANO,1,3.141592653589793,JORDANO
12,Pantanal,PA_33_GABRIELA,30,3.141592653589793,GABRIELA
12,Pantanal,PA_34_CARIJO,452,3.141592653589793,CARIJO
12,Pantanal,PA_36_MICHELE,53,3.141592653589793,MICHELE
12,Pantanal,PA_40_MALU,437,3.141592653589793,MALU
12,Pantanal,PA_47_MORENINHO,334,3.141592653589793,MORENINHO
12,Pantanal,PA_48_TED,21,3.141592653589793,TED
12,Pantanal,PA_49_WALLY,411,3.141592653589793,WALLY
12,Pantanal,PA_51_MUCCI,182,3.141592653589793,MUCCI
12,Pantanal,PA_52_WIE,54,3.141592653589793,WIE
12,Pantanal,PA_54_PAULONA,488,3.141592653589793,PAULONA
12,Pantanal,PA_58_LIANA,253,3.141592653589793,LIANA
12,Pantanal,PA_59_POPEYE,109,3.141592653589793,POPEYE
12,Pantanal,PA_61_DOINHO,120,3.141592653589793,DOINHO
12,Pantanal,PA_62_PRETINHO,18,3.141592653589793,PRETINHO
12,Pantanal,PA_64_COLUMBUS,6,3.141592653589793,COLUMBUS
12,Pantanal,PA_65_VALENTINA,83,3.141592653589793,VALENTINA
12,Pantanal,PA_67_CARMINHA,27,3.141592653589793,CARMINHA
12,Pantanal,PA_68_FAROFO,288,3.141592653589793,FAROFO
12,Pantanal,PA_69_ANGELINA,121,3.141592653589793,ANGELINA
12,Pantanal,PA_71_SIDNEY,65,3.141592653589793,SIDNEY
12,Pantanal,PA_74_LAURO,150,3.141592653589793,LAURO
12,Pantanal,PA_82_DONNA,43,3.141592653589793,DONNA
12,Pantanal,PA_86_CUZINHO,225,3.141592653589793,CUZINHO
13,Atlantic Forest,AF_01_JOANA,17,3.4033920413889422,JOANA
13,Atlantic Forest,AF_02_PAULETE,4,3.4033920413889422,PAULETE
13,Atlantic Forest,AF_05_CHUCHU,5,3.4033920413889422,CHUCHU
13,Atlantic Forest,AF_12_PATRICIA,2,3.4033920413889422,PATRICIA
13,Atlantic Forest,AF_14_JAMESBOND,2,3.4033920413889422,JAMESBOND
13,Atlantic Forest,AF_15_GEORGETE,1,3.4033920413889422,GEORGETE
13,Atlantic Forest,AF_17_ESPERTA,1,3.4033920413889422,ESPERTA
13,Atlantic Forest,AF_20_CHICO,1,3.4033920413889422,CHICO
13,Cerrado,CE_03_LOU,466,3.4033920413889422,LOU
13,Cerrado,CE_04_TITI,181,3.4033920413889422,TITI
13,Cerrado,CE_08_COLOMBINA,2,3.4033920413889422,COLOMBINA
13,Cerrado,CE_09_PANA,5,3.4033920413889422,PANA
13,Cerrado,CE_11_ZACA,111,3.4033920413889422,ZACA
13,Cerrado,CE_13_SULI,43,3.4033920413889422,SULI
13,Cerrado,CE_15_KURUKA,65,3.4033920413889422,KURUKA
13,Cerrado,CE_17_ARNO,229,3.4033920413889422,ARNO
13,Cerrado,CE_21_ZEMARIA,338,3.4033920413889422,ZEMARIA
13,Cerrado,CE_22_ZEFA,73,3.4033920413889422,ZEFA
13,Cerrado,CE_23_CARABI,415,3.4033920413889422,CARABI
13,Cerrado,CE_25_SEGRE,434,3.4033920413889422,SEGRE
13,Cerrado,CE_27_DONALINA,35,3.4033920413889422,DONALINA
13,Cerrado,CE_28_ZIGGY,378,3.4033920413889422,ZIGGY
13,Cerrado,CE_31_ANNA,421,3.4033920413889422,ANNA
13,Cerrado,CE_34_DONACIDA,351,3.4033920413889422,DONACIDA
13,Pantanal,PA_03_BANDAID,1,3.4033920413889422,BANDAID
13,Pantanal,PA_05_KELLY,2,3.4033920413889422,KELLY
13,Pantanal,PA_09_SONIAMADALENA,31,3.4033920413889422,SONIAMADALENA
13,Pantanal,PA_13_RITA,24,3.4033920413889422,RITA
13,Pantanal,PA_15_MORENA,218,3.4033920413889422,MORENA
13,Pantanal,PA_19_SERGIAO,479,3.4033920413889422,SERGIAO
13,Pantanal,PA_20_SY,56,3.4033920413889422,SY
13,Pantanal,PA_28_DUDA,456,3.4033920413889422,DUDA
13,Pantanal,PA_31_JORDANO,2,3.4033920413889422,JORDANO
13,Pantanal,PA_33_GABRIELA,36,3.4033920413889422,GABRIELA
13,Pantanal,PA_34_CARIJO,464,3.4033920413889422,CARIJO
13,Pantanal,PA_36_MICHELE,55,3.4033920413889422,MICHELE
13,Pantanal,PA_40_MALU,430,3.4033920413889422,MALU
13,Pantanal,PA_47_MORENINHO,350,3.4033920413889422,MORENINHO
13,Pantanal,PA_48_TED,20,3.4033920413889422,TED
13,Pantanal,PA_49_WALLY,413,3.4033920413889422,WALLY
13,Pantanal,PA_51_MUCCI,169,3.4033920413889422,MUCCI
13,Pantanal,PA_52_WIE,57,3.4033920413889422,WIE
13,Pantanal,PA_54_PAULONA,482,3.4033920413889422,PAULONA
13,Pantanal,PA_58_LIANA,250,3.4033920413889422,LIANA
13,Pantanal,PA_59_POPEYE,101,3.4033920413889422,POPEYE
13,Pantanal,PA_61_DOINHO,122,3.4033920413889422,DOINHO
13,Pantanal,PA_62_PRETINHO,21,3.4033920413889422,PRETINHO
13,Pantanal,PA_64_COLUMBUS,7,3.4033920413889422,COLUMBUS
13,Pantanal,PA_65_VALENTINA,85,3.4033920413889422,VALENTINA
13,Pantanal,PA_67_CARMINHA,25,3.4033920413889422,CARMINHA
13,Pantanal,PA_68_FAROFO,272,3.4033920413889422,FAROFO
13,Pantanal,PA_69_ANGELINA,132,3.4033920413889422,ANGELINA
13,Pantanal,PA_71_SIDNEY,58,3.4033920413889422,SIDNEY
13,Pantanal,PA_74_LAURO,152,3.4033920413889422,LAURO
13,Pantanal,PA_82_DONNA,47,3.4033920413889422,DONNA
13,Pantanal,PA_86_CUZINHO,227,3.4033920413889422,CUZINHO
14,Atlantic Forest,AF_01_JOANA,15,3.665191429188092,JOANA
14,Atlantic Forest,AF_02_PAULETE,6,3.665191429188092,PAULETE
14,Atlantic Forest,AF_05_CHUCHU,2,3.665191429188092,CHUCHU
14,Atlantic Forest,AF_12_PATRICIA,4,3.665191429188092,PATRICIA
14,Atlantic Forest,AF_15_GEORGETE,2,3.665191429188092,GEORGETE
14,Atlantic Forest,AF_20_CHICO,1,3.665191429188092,CHICO
14,Cerrado,CE_03_LOU,454,3.665191429188092,LOU
14,Cerrado,CE_04_TITI,170,3.665191429188092,TITI
14,Cerrado,CE_08_COLOMBINA,5,3.665191429188092,COLOMBINA
14,Cerrado,CE_09_PANA,2,3.665191429188092,PANA
14,Cerrado,CE_11_ZACA,107,3.665191429188092,ZACA
14,Cerrado,CE_13_SULI,43,3.665191429188092,SULI
14,Cerrado,CE_15_KURUKA,65,3.665191429188092,KURUKA
14,Cerrado,CE_17_ARNO,230,3.665191429188092,ARNO
14,Cerrado,CE_21_ZEMARIA,326,3.665191429188092,ZEMARIA
14,Cerrado,CE_22_ZEFA,80,3.665191429188092,ZEFA
14,Cerrado,CE_23_CARABI,415,3.665191429188092,CARABI
14,Cerrado,CE_25_SEGRE,425,3.665191429188092,SEGRE
14,Cerrado,CE_27_DONALINA,27,3.665191429188092,DONALINA
14,Cerrado,CE_28_ZIGGY,384,3.665191429188092,ZIGGY
14,Cerrado,CE_31_ANNA,397,3.665191429188092,ANNA
14,Cerrado,CE_34_DONACIDA,341,3.665191429188092,DONACIDA
14,Pantanal,PA_03_BANDAID,1,3.665191429188092,BANDAID
14,Pantanal,PA_05_KELLY,2,3.665191429188092,KELLY
14,Pantanal,PA_08_BENJAMIN,2,3.665191429188092,BENJAMIN
14,Pantanal,PA_09_SONIAMADALENA,36,3.665191429188092,SONIAMADALENA
14,Pantanal,PA_10_VIVEK,3,3.665191429188092,VIVEK
14,Pantanal,PA_13_RITA,25,3.665191429188092,RITA
14,Pantanal,PA_15_MORENA,226,3.665191429188092,MORENA
14,Pantanal,PA_16_DORA,1,3.665191429188092,DORA
14,Pantanal,PA_19_SERGIAO,472,3.665191429188092,SERGIAO
14,Pantanal,PA_20_SY,55,3.665191429188092,SY
14,Pantanal,PA_21_CAIO,2,3.665191429188092,CAIO
14,Pantanal,PA_23_RICK,2,3.665191429188092,RICK
14,Pantanal,PA_26_SACHIN,1,3.665191429188092,SACHIN
14,Pantanal,PA_28_DUDA,423,3.665191429188092,DUDA
14,Pantanal,PA_31_JORDANO,1,3.665191429188092,JORDANO
14,Pantanal,PA_33_GABRIELA,32,3.665191429188092,GABRIELA
14,Pantanal,PA_34_CARIJO,420,3.665191429188092,CARIJO
14,Pantanal,PA_36_MICHELE,54,3.665191429188092,MICHELE
14,Pantanal,PA_40_MALU,427,3.665191429188092,MALU
14,Pantanal,PA_47_MORENINHO,348,3.665191429188092,MORENINHO
14,Pantanal,PA_48_TED,23,3.665191429188092,TED
14,Pantanal,PA_49_WALLY,404,3.665191429188092,WALLY
14,Pantanal,PA_51_MUCCI,169,3.665191429188092,MUCCI
14,Pantanal,PA_52_WIE,53,3.665191429188092,WIE
14,Pantanal,PA_54_PAULONA,482,3.665191429188092,PAULONA
14,Pantanal,PA_58_LIANA,229,3.665191429188092,LIANA
14,Pantanal,PA_59_POPEYE,99,3.665191429188092,POPEYE
14,Pantanal,PA_61_DOINHO,109,3.665191429188092,DOINHO
14,Pantanal,PA_62_PRETINHO,16,3.665191429188092,PRETINHO
14,Pantanal,PA_64_COLUMBUS,5,3.665191429188092,COLUMBUS
14,Pantanal,PA_65_VALENTINA,78,3.665191429188092,VALENTINA
14,Pantanal,PA_67_CARMINHA,20,3.665191429188092,CARMINHA
14,Pantanal,PA_68_FAROFO,261,3.665191429188092,FAROFO
14,Pantanal,PA_69_ANGELINA,130,3.665191429188092,ANGELINA
14,Pantanal,PA_71_SIDNEY,54,3.665191429188092,SIDNEY
14,Pantanal,PA_74_LAURO,147,3.665191429188092,LAURO
14,Pantanal,PA_82_DONNA,37,3.665191429188092,DONNA
14,Pantanal,PA_86_CUZINHO,235,3.665191429188092,CUZINHO
15,Atlantic Forest,AF_01_JOANA,18,3.926990816987241,JOANA
15,Atlantic Forest,AF_02_PAULETE,6,3.926990816987241,PAULETE
15,Atlantic Forest,AF_05_CHUCHU,3,3.926990816987241,CHUCHU
15,Atlantic Forest,AF_14_JAMESBOND,1,3.926990816987241,JAMESBOND
15,Atlantic Forest,AF_15_GEORGETE,2,3.926990816987241,GEORGETE
15,Atlantic Forest,AF_17_ESPERTA,1,3.926990816987241,ESPERTA
15,Atlantic Forest,AF_20_CHICO,5,3.926990816987241,CHICO
15,Atlantic Forest,AF_23_TONHA,2,3.926990816987241,TONHA
15,Atlantic Forest,AF_25_MAMA,2,3.926990816987241,MAMA
15,Cerrado,CE_03_LOU,465,3.926990816987241,LOU
15,Cerrado,CE_04_TITI,177,3.926990816987241,TITI
15,Cerrado,CE_08_COLOMBINA,2,3.926990816987241,COLOMBINA
15,Cerrado,CE_09_PANA,1,3.926990816987241,PANA
15,Cerrado,CE_10_ELIS,1,3.926990816987241,ELIS
15,Cerrado,CE_11_ZACA,104,3.926990816987241,ZACA
15,Cerrado,CE_13_SULI,45,3.926990816987241,SULI
15,Cerrado,CE_15_KURUKA,65,3.926990816987241,KURUKA
15,Cerrado,CE_17_ARNO,231,3.926990816987241,ARNO
15,Cerrado,CE_21_ZEMARIA,329,3.926990816987241,ZEMARIA
15,Cerrado,CE_22_ZEFA,80,3.926990816987241,ZEFA
15,Cerrado,CE_23_CARABI,413,3.926990816987241,CARABI
15,Cerrado,CE_25_SEGRE,426,3.926990816987241,SEGRE
15,Cerrado,CE_27_DONALINA,29,3.926990816987241,DONALINA
15,Cerrado,CE_28_ZIGGY,383,3.926990816987241,ZIGGY
15,Cerrado,CE_31_ANNA,420,3.926990816987241,ANNA
15,Cerrado,CE_34_DONACIDA,347,3.926990816987241,DONACIDA
15,Pantanal,PA_03_BANDAID,1,3.926990816987241,BANDAID
15,Pantanal,PA_05_KELLY,1,3.926990816987241,KELLY
15,Pantanal,PA_08_BENJAMIN,3,3.926990816987241,BENJAMIN
15,Pantanal,PA_09_SONIAMADALENA,29,3.926990816987241,SONIAMADALENA
15,Pantanal,PA_10_VIVEK,4,3.926990816987241,VIVEK
15,Pantanal,PA_11_LUIS,2,3.926990816987241,LUIS
15,Pantanal,PA_12_FELIPPE,1,3.926990816987241,FELIPPE
15,Pantanal,PA_13_RITA,23,3.926990816987241,RITA
15,Pantanal,PA_15_MORENA,205,3.926990816987241,MORENA
15,Pantanal,PA_16_DORA,1,3.926990816987241,DORA
15,Pantanal,PA_19_SERGIAO,467,3.926990816987241,SERGIAO
15,Pantanal,PA_20_SY,54,3.926990816987241,SY
15,Pantanal,PA_23_RICK,1,3.926990816987241,RICK
15,Pantanal,PA_24_LESLIE,1,3.926990816987241,LESLIE
15,Pantanal,PA_28_DUDA,462,3.926990816987241,DUDA
15,Pantanal,PA_31_JORDANO,5,3.926990816987241,JORDANO
15,Pantanal,PA_33_GABRIELA,36,3.926990816987241,GABRIELA
15,Pantanal,PA_34_CARIJO,459,3.926990816987241,CARIJO
15,Pantanal,PA_36_MICHELE,53,3.926990816987241,MICHELE
15,Pantanal,PA_40_MALU,433,3.926990816987241,MALU
15,Pantanal,PA_47_MORENINHO,356,3.926990816987241,MORENINHO
15,Pantanal,PA_48_TED,23,3.926990816987241,TED
15,Pantanal,PA_49_WALLY,403,3.926990816987241,WALLY
15,Pantanal,PA_51_MUCCI,175,3.926990816987241,MUCCI
15,Pantanal,PA_52_WIE,56,3.926990816987241,WIE
15,Pantanal,PA_54_PAULONA,489,3.926990816987241,PAULONA
15,Pantanal,PA_58_LIANA,221,3.926990816987241,LIANA
15,Pantanal,PA_59_POPEYE,94,3.926990816987241,POPEYE
15,Pantanal,PA_61_DOINHO,124,3.926990816987241,DOINHO
15,Pantanal,PA_62_PRETINHO,22,3.926990816987241,PRETINHO
15,Pantanal,PA_64_COLUMBUS,4,3.926990816987241,COLUMBUS
15,Pantanal,PA_65_VALENTINA,81,3.926990816987241,VALENTINA
15,Pantanal,PA_67_CARMINHA,27,3.926990816987241,CARMINHA
15,Pantanal,PA_68_FAROFO,271,3.926990816987241,FAROFO
15,Pantanal,PA_69_ANGELINA,123,3.926990816987241,ANGELINA
15,Pantanal,PA_71_SIDNEY,49,3.926990816987241,SIDNEY
15,Pantanal,PA_74_LAURO,153,3.926990816987241,LAURO
15,Pantanal,PA_82_DONNA,46,3.926990816987241,DONNA
15,Pantanal,PA_86_CUZINHO,223,3.926990816987241,CUZINHO
16,Atlantic Forest,AF_01_JOANA,18,4.1887902047863905,JOANA
16,Atlantic Forest,AF_02_PAULETE,8,4.1887902047863905,PAULETE
16,Atlantic Forest,AF_05_CHUCHU,6,4.1887902047863905,CHUCHU
16,Atlantic Forest,AF_12_PATRICIA,2,4.1887902047863905,PATRICIA
16,Atlantic Forest,AF_14_JAMESBOND,3,4.1887902047863905,JAMESBOND
16,Atlantic Forest,AF_15_GEORGETE,1,4.1887902047863905,GEORGETE
16,Atlantic Forest,AF_17_ESPERTA,6,4.1887902047863905,ESPERTA
16,Atlantic Forest,AF_20_CHICO,7,4.1887902047863905,CHICO
16,Atlantic Forest,AF_23_TONHA,5,4.1887902047863905,TONHA
16,Atlantic Forest,AF_25_MAMA,2,4.1887902047863905,MAMA
16,Cerrado,CE_03_LOU,470,4.1887902047863905,LOU
16,Cerrado,CE_04_TITI,180,4.1887902047863905,TITI
16,Cerrado,CE_08_COLOMBINA,4,4.1887902047863905,COLOMBINA
16,Cerrado,CE_09_PANA,4,4.1887902047863905,PANA
16,Cerrado,CE_11_ZACA,96,4.1887902047863905,ZACA
16,Cerrado,CE_13_SULI,43,4.1887902047863905,SULI
16,Cerrado,CE_15_KURUKA,66,4.1887902047863905,KURUKA
16,Cerrado,CE_17_ARNO,231,4.1887902047863905,ARNO
16,Cerrado,CE_21_ZEMARIA,334,4.1887902047863905,ZEMARIA
16,Cerrado,CE_22_ZEFA,83,4.1887902047863905,ZEFA
16,Cerrado,CE_23_CARABI,414,4.1887902047863905,CARABI
16,Cerrado,CE_25_SEGRE,432,4.1887902047863905,SEGRE
16,Cerrado,CE_27_DONALINA,33,4.1887902047863905,DONALINA
16,Cerrado,CE_28_ZIGGY,387,4.1887902047863905,ZIGGY
16,Cerrado,CE_31_ANNA,400,4.1887902047863905,ANNA
16,Cerrado,CE_34_DONACIDA,343,4.1887902047863905,DONACIDA
16,Pantanal,PA_03_BANDAID,2,4.1887902047863905,BANDAID
16,Pantanal,PA_05_KELLY,2,4.1887902047863905,KELLY
16,Pantanal,PA_08_BENJAMIN,3,4.1887902047863905,BENJAMIN
16,Pantanal,PA_09_SONIAMADALENA,34,4.1887902047863905,SONIAMADALENA
16,Pantanal,PA_10_VIVEK,1,4.1887902047863905,VIVEK
16,Pantanal,PA_13_RITA,30,4.1887902047863905,RITA
16,Pantanal,PA_15_MORENA,214,4.1887902047863905,MORENA
16,Pantanal,PA_16_DORA,3,4.1887902047863905,DORA
16,Pantanal,PA_19_SERGIAO,459,4.1887902047863905,SERGIAO
16,Pantanal,PA_20_SY,56,4.1887902047863905,SY
16,Pantanal,PA_21_CAIO,4,4.1887902047863905,CAIO
16,Pantanal,PA_23_RICK,2,4.1887902047863905,RICK
16,Pantanal,PA_24_LESLIE,2,4.1887902047863905,LESLIE
16,Pantanal,PA_28_DUDA,456,4.1887902047863905,DUDA
16,Pantanal,PA_29_KARIN,3,4.1887902047863905,KARIN
16,Pantanal,PA_30_NELSAO,4,4.1887902047863905,NELSAO
16,Pantanal,PA_31_JORDANO,5,4.1887902047863905,JORDANO
16,Pantanal,PA_33_GABRIELA,32,4.1887902047863905,GABRIELA
16,Pantanal,PA_34_CARIJO,428,4.1887902047863905,CARIJO
16,Pantanal,PA_36_MICHELE,57,4.1887902047863905,MICHELE
16,Pantanal,PA_38_CASSANDRA,2,4.1887902047863905,CASSANDRA
16,Pantanal,PA_40_MALU,415,4.1887902047863905,MALU
16,Pantanal,PA_47_MORENINHO,345,4.1887902047863905,MORENINHO
16,Pantanal,PA_48_TED,18,4.1887902047863905,TED
16,Pantanal,PA_49_WALLY,400,4.1887902047863905,WALLY
16,Pantanal,PA_51_MUCCI,180,4.1887902047863905,MUCCI
16,Pantanal,PA_52_WIE,41,4.1887902047863905,WIE
16,Pantanal,PA_54_PAULONA,480,4.1887902047863905,PAULONA
16,Pantanal,PA_58_LIANA,211,4.1887902047863905,LIANA
16,Pantanal,PA_59_POPEYE,103,4.1887902047863905,POPEYE
16,Pantanal,PA_61_DOINHO,113,4.1887902047863905,DOINHO
16,Pantanal,PA_62_PRETINHO,15,4.1887902047863905,PRETINHO
16,Pantanal,PA_64_COLUMBUS,9,4.1887902047863905,COLUMBUS
16,Pantanal,PA_65_VALENTINA,75,4.1887902047863905,VALENTINA
16,Pantanal,PA_67_CARMINHA,22,4.1887902047863905,CARMINHA
16,Pantanal,PA_68_FAROFO,277,4.1887902047863905,FAROFO
16,Pantanal,PA_69_ANGELINA,126,4.1887902047863905,ANGELINA
16,Pantanal,PA_71_SIDNEY,50,4.1887902047863905,SIDNEY
16,Pantanal,PA_74_LAURO,148,4.1887902047863905,LAURO
16,Pantanal,PA_82_DONNA,39,4.1887902047863905,DONNA
16,Pantanal,PA_86_CUZINHO,224,4.1887902047863905,CUZINHO
17,Atlantic Forest,AF_01_JOANA,23,4.45058959258554,JOANA
17,Atlantic Forest,AF_02_PAULETE,10,4.45058959258554,PAULETE
17,Atlantic Forest,AF_05_CHUCHU,10,4.45058959258554,CHUCHU
17,Atlantic Forest,AF_12_PATRICIA,6,4.45058959258554,PATRICIA
17,Atlantic Forest,AF_14_JAMESBOND,4,4.45058959258554,JAMESBOND
17,Atlantic Forest,AF_15_GEORGETE,5,4.45058959258554,GEORGETE
17,Atlantic Forest,AF_17_ESPERTA,13,4.45058959258554,ESPERTA
17,Atlantic Forest,AF_20_CHICO,10,4.45058959258554,CHICO
17,Atlantic Forest,AF_23_TONHA,9,4.45058959258554,TONHA
17,Atlantic Forest,AF_24_TINA,9,4.45058959258554,TINA
17,Atlantic Forest,AF_25_MAMA,10,4.45058959258554,MAMA
17,Cerrado,CE_03_LOU,469,4.45058959258554,LOU
17,Cerrado,CE_04_TITI,185,4.45058959258554,TITI
17,Cerrado,CE_08_COLOMBINA,38,4.45058959258554,COLOMBINA
17,Cerrado,CE_09_PANA,29,4.45058959258554,PANA
17,Cerrado,CE_10_ELIS,3,4.45058959258554,ELIS
17,Cerrado,CE_11_ZACA,105,4.45058959258554,ZACA
17,Cerrado,CE_13_SULI,43,4.45058959258554,SULI
17,Cerrado,CE_15_KURUKA,66,4.45058959258554,KURUKA
17,Cerrado,CE_17_ARNO,238,4.45058959258554,ARNO
17,Cerrado,CE_21_ZEMARIA,346,4.45058959258554,ZEMARIA
17,Cerrado,CE_22_ZEFA,84,4.45058959258554,ZEFA
17,Cerrado,CE_23_CARABI,432,4.45058959258554,CARABI
17,Cerrado,CE_25_SEGRE,437,4.45058959258554,SEGRE
17,Cerrado,CE_27_DONALINA,33,4.45058959258554,DONALINA
17,Cerrado,CE_28_ZIGGY,401,4.45058959258554,ZIGGY
17,Cerrado,CE_31_ANNA,416,4.45058959258554,ANNA
17,Cerrado,CE_34_DONACIDA,359,4.45058959258554,DONACIDA
17,Pantanal,PA_03_BANDAID,2,4.45058959258554,BANDAID
17,Pantanal,PA_08_BENJAMIN,7,4.45058959258554,BENJAMIN
17,Pantanal,PA_09_SONIAMADALENA,28,4.45058959258554,SONIAMADALENA
17,Pantanal,PA_10_VIVEK,11,4.45058959258554,VIVEK
17,Pantanal,PA_13_RITA,34,4.45058959258554,RITA
17,Pantanal,PA_15_MORENA,212,4.45058959258554,MORENA
17,Pantanal,PA_16_DORA,11,4.45058959258554,DORA
17,Pantanal,PA_18_NIC,5,4.45058959258554,NIC
17,Pantanal,PA_19_SERGIAO,462,4.45058959258554,SERGIAO
17,Pantanal,PA_20_SY,58,4.45058959258554,SY
17,Pantanal,PA_21_CAIO,2,4.45058959258554,CAIO
17,Pantanal,PA_22_EMILIO,2,4.45058959258554,EMILIO
17,Pantanal,PA_23_RICK,18,4.45058959258554,RICK
17,Pantanal,PA_24_LESLIE,12,4.45058959258554,LESLIE
17,Pantanal,PA_26_SACHIN,3,4.45058959258554,SACHIN
17,Pantanal,PA_28_DUDA,498,4.45058959258554,DUDA
17,Pantanal,PA_29_KARIN,5,4.45058959258554,KARIN
17,Pantanal,PA_30_NELSAO,17,4.45058959258554,NELSAO
17,Pantanal,PA_31_JORDANO,10,4.45058959258554,JORDANO
17,Pantanal,PA_33_GABRIELA,34,4.45058959258554,GABRIELA
17,Pantanal,PA_34_CARIJO,477,4.45058959258554,CARIJO
17,Pantanal,PA_36_MICHELE,53,4.45058959258554,MICHELE
17,Pantanal,PA_38_CASSANDRA,5,4.45058959258554,CASSANDRA
17,Pantanal,PA_40_MALU,423,4.45058959258554,MALU
17,Pantanal,PA_47_MORENINHO,337,4.45058959258554,MORENINHO
17,Pantanal,PA_48_TED,20,4.45058959258554,TED
17,Pantanal,PA_49_WALLY,412,4.45058959258554,WALLY
17,Pantanal,PA_51_MUCCI,179,4.45058959258554,MUCCI
17,Pantanal,PA_52_WIE,61,4.45058959258554,WIE
17,Pantanal,PA_54_PAULONA,501,4.45058959258554,PAULONA
17,Pantanal,PA_58_LIANA,210,4.45058959258554,LIANA
17,Pantanal,PA_59_POPEYE,103,4.45058959258554,POPEYE
17,Pantanal,PA_61_DOINHO,124,4.45058959258554,DOINHO
17,Pantanal,PA_62_PRETINHO,24,4.45058959258554,PRETINHO
17,Pantanal,PA_64_COLUMBUS,8,4.45058959258554,COLUMBUS
17,Pantanal,PA_65_VALENTINA,74,4.45058959258554,VALENTINA
17,Pantanal,PA_67_CARMINHA,28,4.45058959258554,CARMINHA
17,Pantanal,PA_68_FAROFO,279,4.45058959258554,FAROFO
17,Pantanal,PA_69_ANGELINA,145,4.45058959258554,ANGELINA
17,Pantanal,PA_71_SIDNEY,56,4.45058959258554,SIDNEY
17,Pantanal,PA_74_LAURO,145,4.45058959258554,LAURO
17,Pantanal,PA_82_DONNA,40,4.45058959258554,DONNA
17,Pantanal,PA_86_CUZINHO,249,4.45058959258554,CUZINHO
18,Atlantic Forest,AF_01_JOANA,42,4.71238898038469,JOANA
18,Atlantic Forest,AF_02_PAULETE,15,4.71238898038469,PAULETE
18,Atlantic Forest,AF_05_CHUCHU,17,4.71238898038469,CHUCHU
18,Atlantic Forest,AF_12_PATRICIA,10,4.71238898038469,PATRICIA
18,Atlantic Forest,AF_14_JAMESBOND,17,4.71238898038469,JAMESBOND
18,Atlantic Forest,AF_15_GEORGETE,15,4.71238898038469,GEORGETE
18,Atlantic Forest,AF_17_ESPERTA,16,4.71238898038469,ESPERTA
18,Atlantic Forest,AF_20_CHICO,34,4.71238898038469,CHICO
18,Atlantic Forest,AF_23_TONHA,57,4.71238898038469,TONHA
18,Atlantic Forest,AF_24_TINA,56,4.71238898038469,TINA
18,Atlantic Forest,AF_25_MAMA,37,4.71238898038469,MAMA
18,Cerrado,CE_03_LOU,491,4.71238898038469,LOU
18,Cerrado,CE_04_TITI,187,4.71238898038469,TITI
18,Cerrado,CE_08_COLOMBINA,77,4.71238898038469,COLOMBINA
18,Cerrado,CE_09_PANA,58,4.71238898038469,PANA
18,Cerrado,CE_10_ELIS,14,4.71238898038469,ELIS
18,Cerrado,CE_11_ZACA,116,4.71238898038469,ZACA
18,Cerrado,CE_13_SULI,46,4.71238898038469,SULI
18,Cerrado,CE_15_KURUKA,70,4.71238898038469,KURUKA
18,Cerrado,CE_17_ARNO,238,4.71238898038469,ARNO
18,Cerrado,CE_21_ZEMARIA,357,4.71238898038469,ZEMARIA
18,Cerrado,CE_22_ZEFA,85,4.71238898038469,ZEFA
18,Cerrado,CE_23_CARABI,435,4.71238898038469,CARABI
18,Cerrado,CE_25_SEGRE,448,4.71238898038469,SEGRE
18,Cerrado,CE_27_DONALINA,41,4.71238898038469,DONALINA
18,Cerrado,CE_28_ZIGGY,413,4.71238898038469,ZIGGY
18,Cerrado,CE_31_ANNA,411,4.71238898038469,ANNA
18,Cerrado,CE_34_DONACIDA,365,4.71238898038469,DONACIDA
18,Pantanal,PA_03_BANDAID,15,4.71238898038469,BANDAID
18,Pantanal,PA_05_KELLY,13,4.71238898038469,KELLY
18,Pantanal,PA_08_BENJAMIN,41,4.71238898038469,BENJAMIN
18,Pantanal,PA_09_SONIAMADALENA,34,4.71238898038469,SONIAMADALENA
18,Pantanal,PA_10_VIVEK,74,4.71238898038469,VIVEK
18,Pantanal,PA_11_LUIS,11,4.71238898038469,LUIS
18,Pantanal,PA_12_FELIPPE,4,4.71238898038469,FELIPPE
18,Pantanal,PA_13_RITA,36,4.71238898038469,RITA
18,Pantanal,PA_15_MORENA,210,4.71238898038469,MORENA
18,Pantanal,PA_16_DORA,42,4.71238898038469,DORA
18,Pantanal,PA_18_NIC,40,4.71238898038469,NIC
18,Pantanal,PA_19_SERGIAO,504,4.71238898038469,SERGIAO
18,Pantanal,PA_20_SY,54,4.71238898038469,SY
18,Pantanal,PA_21_CAIO,20,4.71238898038469,CAIO
18,Pantanal,PA_22_EMILIO,5,4.71238898038469,EMILIO
18,Pantanal,PA_23_RICK,60,4.71238898038469,RICK
18,Pantanal,PA_24_LESLIE,34,4.71238898038469,LESLIE
18,Pantanal,PA_26_SACHIN,36,4.71238898038469,SACHIN
18,Pantanal,PA_28_DUDA,492,4.71238898038469,DUDA
18,Pantanal,PA_29_KARIN,12,4.71238898038469,KARIN
18,Pantanal,PA_30_NELSAO,34,4.71238898038469,NELSAO
18,Pantanal,PA_31_JORDANO,36,4.71238898038469,JORDANO
18,Pantanal,PA_33_GABRIELA,36,4.71238898038469,GABRIELA
18,Pantanal,PA_34_CARIJO,420,4.71238898038469,CARIJO
18,Pantanal,PA_36_MICHELE,40,4.71238898038469,MICHELE
18,Pantanal,PA_38_CASSANDRA,9,4.71238898038469,CASSANDRA
18,Pantanal,PA_40_MALU,475,4.71238898038469,MALU
18,Pantanal,PA_47_MORENINHO,330,4.71238898038469,MORENINHO
18,Pantanal,PA_48_TED,24,4.71238898038469,TED
18,Pantanal,PA_49_WALLY,425,4.71238898038469,WALLY
18,Pantanal,PA_51_MUCCI,194,4.71238898038469,MUCCI
18,Pantanal,PA_52_WIE,69,4.71238898038469,WIE
18,Pantanal,PA_54_PAULONA,532,4.71238898038469,PAULONA
18,Pantanal,PA_58_LIANA,259,4.71238898038469,LIANA
18,Pantanal,PA_59_POPEYE,123,4.71238898038469,POPEYE
18,Pantanal,PA_61_DOINHO,93,4.71238898038469,DOINHO
18,Pantanal,PA_62_PRETINHO,15,4.71238898038469,PRETINHO
18,Pantanal,PA_64_COLUMBUS,4,4.71238898038469,COLUMBUS
18,Pantanal,PA_65_VALENTINA,84,4.71238898038469,VALENTINA
18,Pantanal,PA_67_CARMINHA,32,4.71238898038469,CARMINHA
18,Pantanal,PA_68_FAROFO,315,4.71238898038469,FAROFO
18,Pantanal,PA_69_ANGELINA,145,4.71238898038469,ANGELINA
18,Pantanal,PA_71_SIDNEY,84,4.71238898038469,SIDNEY
18,Pantanal,PA_74_LAURO,145,4.71238898038469,LAURO
18,Pantanal,PA_82_DONNA,35,4.71238898038469,DONNA
18,Pantanal,PA_86_CUZINHO,272,4.71238898038469,CUZINHO
19,Atlantic Forest,AF_01_JOANA,71,4.974188368183839,JOANA
19,Atlantic Forest,AF_02_PAULETE,31,4.974188368183839,PAULETE
19,Atlantic Forest,AF_05_CHUCHU,31,4.974188368183839,CHUCHU
19,Atlantic Forest,AF_12_PATRICIA,16,4.974188368183839,PATRICIA
19,Atlantic Forest,AF_14_JAMESBOND,23,4.974188368183839,JAMESBOND
19,Atlantic Forest,AF_15_GEORGETE,16,4.974188368183839,GEORGETE
19,Atlantic Forest,AF_17_ESPERTA,10,4.974188368183839,ESPERTA
19,Atlantic Forest,AF_20_CHICO,37,4.974188368183839,CHICO
19,Atlantic Forest,AF_23_TONHA,87,4.974188368183839,TONHA
19,Atlantic Forest,AF_24_TINA,80,4.974188368183839,TINA
19,Atlantic Forest,AF_25_MAMA,40,4.974188368183839,MAMA
19,Cerrado,CE_03_LOU,502,4.974188368183839,LOU
19,Cerrado,CE_04_TITI,199,4.974188368183839,TITI
19,Cerrado,CE_08_COLOMBINA,49,4.974188368183839,COLOMBINA
19,Cerrado,CE_09_PANA,49,4.974188368183839,PANA
19,Cerrado,CE_10_ELIS,14,4.974188368183839,ELIS
19,Cerrado,CE_11_ZACA,123,4.974188368183839,ZACA
19,Cerrado,CE_13_SULI,48,4.974188368183839,SULI
19,Cerrado,CE_15_KURUKA,72,4.974188368183839,KURUKA
19,Cerrado,CE_17_ARNO,247,4.974188368183839,ARNO
19,Cerrado,CE_21_ZEMARIA,386,4.974188368183839,ZEMARIA
19,Cerrado,CE_22_ZEFA,84,4.974188368183839,ZEFA
19,Cerrado,CE_23_CARABI,486,4.974188368183839,CARABI
19,Cerrado,CE_25_SEGRE,463,4.974188368183839,SEGRE
19,Cerrado,CE_27_DONALINA,38,4.974188368183839,DONALINA
19,Cerrado,CE_28_ZIGGY,405,4.974188368183839,ZIGGY
19,Cerrado,CE_31_ANNA,420,4.974188368183839,ANNA
19,Cerrado,CE_34_DONACIDA,382,4.974188368183839,DONACIDA
19,Pantanal,PA_03_BANDAID,19,4.974188368183839,BANDAID
19,Pantanal,PA_05_KELLY,21,4.974188368183839,KELLY
19,Pantanal,PA_08_BENJAMIN,52,4.974188368183839,BENJAMIN
19,Pantanal,PA_09_SONIAMADALENA,28,4.974188368183839,SONIAMADALENA
19,Pantanal,PA_10_VIVEK,57,4.974188368183839,VIVEK
19,Pantanal,PA_11_LUIS,12,4.974188368183839,LUIS
19,Pantanal,PA_12_FELIPPE,4,4.974188368183839,FELIPPE
19,Pantanal,PA_13_RITA,26,4.974188368183839,RITA
19,Pantanal,PA_15_MORENA,179,4.974188368183839,MORENA
19,Pantanal,PA_16_DORA,35,4.974188368183839,DORA
19,Pantanal,PA_18_NIC,30,4.974188368183839,NIC
19,Pantanal,PA_19_SERGIAO,549,4.974188368183839,SERGIAO
19,Pantanal,PA_20_SY,57,4.974188368183839,SY
19,Pantanal,PA_21_CAIO,18,4.974188368183839,CAIO
19,Pantanal,PA_22_EMILIO,6,4.974188368183839,EMILIO
19,Pantanal,PA_23_RICK,65,4.974188368183839,RICK
19,Pantanal,PA_24_LESLIE,35,4.974188368183839,LESLIE
19,Pantanal,PA_26_SACHIN,38,4.974188368183839,SACHIN
19,Pantanal,PA_28_DUDA,553,4.974188368183839,DUDA
19,Pantanal,PA_29_KARIN,14,4.974188368183839,KARIN
19,Pantanal,PA_30_NELSAO,33,4.974188368183839,NELSAO
19,Pantanal,PA_31_JORDANO,41,4.974188368183839,JORDANO
19,Pantanal,PA_33_GABRIELA,37,4.974188368183839,GABRIELA
19,Pantanal,PA_34_CARIJO,500,4.974188368183839,CARIJO
19,Pantanal,PA_36_MICHELE,50,4.974188368183839,MICHELE
19,Pantanal,PA_38_CASSANDRA,16,4.974188368183839,CASSANDRA
19,Pantanal,PA_40_MALU,553,4.974188368183839,MALU
19,Pantanal,PA_47_MORENINHO,336,4.974188368183839,MORENINHO
19,Pantanal,PA_48_TED,21,4.974188368183839,TED
19,Pantanal,PA_49_WALLY,453,4.974188368183839,WALLY
19,Pantanal,PA_51_MUCCI,199,4.974188368183839,MUCCI
19,Pantanal,PA_52_WIE,91,4.974188368183839,WIE
19,Pantanal,PA_54_PAULONA,599,4.974188368183839,PAULONA
19,Pantanal,PA_58_LIANA,327,4.974188368183839,LIANA
19,Pantanal,PA_59_POPEYE,200,4.974188368183839,POPEYE
19,Pantanal,PA_61_DOINHO,85,4.974188368183839,DOINHO
19,Pantanal,PA_62_PRETINHO,15,4.974188368183839,PRETINHO
19,Pantanal,PA_64_COLUMBUS,2,4.974188368183839,COLUMBUS
19,Pantanal,PA_65_VALENTINA,79,4.974188368183839,VALENTINA
19,Pantanal,PA_67_CARMINHA,34,4.974188368183839,CARMINHA
19,Pantanal,PA_68_FAROFO,351,4.974188368183839,FAROFO
19,Pantanal,PA_69_ANGELINA,153,4.974188368183839,ANGELINA
19,Pantanal,PA_71_SIDNEY,123,4.974188368183839,SIDNEY
19,Pantanal,PA_74_LAURO,152,4.974188368183839,LAURO
19,Pantanal,PA_82_DONNA,31,4.974188368183839,DONNA
19,Pantanal,PA_86_CUZINHO,323,4.974188368183839,CUZINHO
20,Atlantic Forest,AF_01_JOANA,86,5.235987755982988,JOANA
20,Atlantic Forest,AF_02_PAULETE,40,5.235987755982988,PAULETE
20,Atlantic Forest,AF_05_CHUCHU,32,5.235987755982988,CHUCHU
20,Atlantic Forest,AF_12_PATRICIA,16,5.235987755982988,PATRICIA
20,Atlantic Forest,AF_14_JAMESBOND,28,5.235987755982988,JAMESBOND
20,Atlantic Forest,AF_15_GEORGETE,19,5.235987755982988,GEORGETE
20,Atlantic Forest,AF_17_ESPERTA,4,5.235987755982988,ESPERTA
20,Atlantic Forest,AF_20_CHICO,27,5.235987755982988,CHICO
20,Atlantic Forest,AF_23_TONHA,54,5.235987755982988,TONHA
20,Atlantic Forest,AF_24_TINA,60,5.235987755982988,TINA
20,Atlantic Forest,AF_25_MAMA,22,5.235987755982988,MAMA
20,Cerrado,CE_03_LOU,493,5.235987755982988,LOU
20,Cerrado,CE_04_TITI,195,5.235987755982988,TITI
20,Cerrado,CE_08_COLOMBINA,45,5.235987755982988,COLOMBINA
20,Cerrado,CE_09_PANA,41,5.235987755982988,PANA
20,Cerrado,CE_10_ELIS,10,5.235987755982988,ELIS
20,Cerrado,CE_11_ZACA,126,5.235987755982988,ZACA
20,Cerrado,CE_13_SULI,48,5.235987755982988,SULI
20,Cerrado,CE_15_KURUKA,71,5.235987755982988,KURUKA
20,Cerrado,CE_17_ARNO,245,5.235987755982988,ARNO
20,Cerrado,CE_21_ZEMARIA,387,5.235987755982988,ZEMARIA
20,Cerrado,CE_22_ZEFA,86,5.235987755982988,ZEFA
20,Cerrado,CE_23_CARABI,475,5.235987755982988,CARABI
20,Cerrado,CE_25_SEGRE,454,5.235987755982988,SEGRE
20,Cerrado,CE_27_DONALINA,42,5.235987755982988,DONALINA
20,Cerrado,CE_28_ZIGGY,406,5.235987755982988,ZIGGY
20,Cerrado,CE_31_ANNA,428,5.235987755982988,ANNA
20,Cerrado,CE_34_DONACIDA,382,5.235987755982988,DONACIDA
20,Pantanal,PA_03_BANDAID,18,5.235987755982988,BANDAID
20,Pantanal,PA_05_KELLY,19,5.235987755982988,KELLY
20,Pantanal,PA_08_BENJAMIN,41,5.235987755982988,BENJAMIN
20,Pantanal,PA_09_SONIAMADALENA,29,5.235987755982988,SONIAMADALENA
20,Pantanal,PA_10_VIVEK,61,5.235987755982988,VIVEK
20,Pantanal,PA_11_LUIS,10,5.235987755982988,LUIS
20,Pantanal,PA_12_FELIPPE,3,5.235987755982988,FELIPPE
20,Pantanal,PA_13_RITA,29,5.235987755982988,RITA
20,Pantanal,PA_15_MORENA,178,5.235987755982988,MORENA
20,Pantanal,PA_16_DORA,35,5.235987755982988,DORA
20,Pantanal,PA_18_NIC,24,5.235987755982988,NIC
20,Pantanal,PA_19_SERGIAO,544,5.235987755982988,SERGIAO
20,Pantanal,PA_20_SY,55,5.235987755982988,SY
20,Pantanal,PA_21_CAIO,22,5.235987755982988,CAIO
20,Pantanal,PA_22_EMILIO,3,5.235987755982988,EMILIO
20,Pantanal,PA_23_RICK,47,5.235987755982988,RICK
20,Pantanal,PA_24_LESLIE,34,5.235987755982988,LESLIE
20,Pantanal,PA_26_SACHIN,24,5.235987755982988,SACHIN
20,Pantanal,PA_28_DUDA,467,5.235987755982988,DUDA
20,Pantanal,PA_29_KARIN,13,5.235987755982988,KARIN
20,Pantanal,PA_30_NELSAO,33,5.235987755982988,NELSAO
20,Pantanal,PA_31_JORDANO,33,5.235987755982988,JORDANO
20,Pantanal,PA_33_GABRIELA,35,5.235987755982988,GABRIELA
20,Pantanal,PA_34_CARIJO,409,5.235987755982988,CARIJO
20,Pantanal,PA_36_MICHELE,48,5.235987755982988,MICHELE
20,Pantanal,PA_38_CASSANDRA,22,5.235987755982988,CASSANDRA
20,Pantanal,PA_40_MALU,558,5.235987755982988,MALU
20,Pantanal,PA_47_MORENINHO,318,5.235987755982988,MORENINHO
20,Pantanal,PA_48_TED,19,5.235987755982988,TED
20,Pantanal,PA_49_WALLY,450,5.235987755982988,WALLY
20,Pantanal,PA_51_MUCCI,199,5.235987755982988,MUCCI
20,Pantanal,PA_52_WIE,82,5.235987755982988,WIE
20,Pantanal,PA_54_PAULONA,557,5.235987755982988,PAULONA
20,Pantanal,PA_58_LIANA,310,5.235987755982988,LIANA
20,Pantanal,PA_59_POPEYE,207,5.235987755982988,POPEYE
20,Pantanal,PA_61_DOINHO,49,5.235987755982988,DOINHO
20,Pantanal,PA_62_PRETINHO,13,5.235987755982988,PRETINHO
20,Pantanal,PA_64_COLUMBUS,5,5.235987755982988,COLUMBUS
20,Pantanal,PA_65_VALENTINA,86,5.235987755982988,VALENTINA
20,Pantanal,PA_67_CARMINHA,32,5.235987755982988,CARMINHA
20,Pantanal,PA_68_FAROFO,325,5.235987755982988,FAROFO
20,Pantanal,PA_69_ANGELINA,141,5.235987755982988,ANGELINA
20,Pantanal,PA_71_SIDNEY,118,5.235987755982988,SIDNEY
20,Pantanal,PA_74_LAURO,139,5.235987755982988,LAURO
20,Pantanal,PA_82_DONNA,18,5.235987755982988,DONNA
20,Pantanal,PA_86_CUZINHO,327,5.235987755982988,CUZINHO
21,Atlantic Forest,AF_01_JOANA,68,5.497787143782138,JOANA
21,Atlantic Forest,AF_02_PAULETE,34,5.497787143782138,PAULETE
21,Atlantic Forest,AF_05_CHUCHU,18,5.497787143782138,CHUCHU
21,Atlantic Forest,AF_12_PATRICIA,19,5.497787143782138,PATRICIA
21,Atlantic Forest,AF_14_JAMESBOND,29,5.497787143782138,JAMESBOND
21,Atlantic Forest,AF_15_GEORGETE,17,5.497787143782138,GEORGETE
21,Atlantic Forest,AF_17_ESPERTA,2,5.497787143782138,ESPERTA
21,Atlantic Forest,AF_20_CHICO,27,5.497787143782138,CHICO
21,Atlantic Forest,AF_23_TONHA,44,5.497787143782138,TONHA
21,Atlantic Forest,AF_24_TINA,27,5.497787143782138,TINA
21,Atlantic Forest,AF_25_MAMA,12,5.497787143782138,MAMA
21,Cerrado,CE_03_LOU,508,5.497787143782138,LOU
21,Cerrado,CE_04_TITI,197,5.497787143782138,TITI
21,Cerrado,CE_08_COLOMBINA,32,5.497787143782138,COLOMBINA
21,Cerrado,CE_09_PANA,30,5.497787143782138,PANA
21,Cerrado,CE_10_ELIS,18,5.497787143782138,ELIS
21,Cerrado,CE_11_ZACA,125,5.497787143782138,ZACA
21,Cerrado,CE_13_SULI,50,5.497787143782138,SULI
21,Cerrado,CE_15_KURUKA,69,5.497787143782138,KURUKA
21,Cerrado,CE_17_ARNO,245,5.497787143782138,ARNO
21,Cerrado,CE_21_ZEMARIA,397,5.497787143782138,ZEMARIA
21,Cerrado,CE_22_ZEFA,83,5.497787143782138,ZEFA
21,Cerrado,CE_23_CARABI,483,5.497787143782138,CARABI
21,Cerrado,CE_25_SEGRE,456,5.497787143782138,SEGRE
21,Cerrado,CE_27_DONALINA,40,5.497787143782138,DONALINA
21,Cerrado,CE_28_ZIGGY,408,5.497787143782138,ZIGGY
21,Cerrado,CE_31_ANNA,424,5.497787143782138,ANNA
21,Cerrado,CE_34_DONACIDA,387,5.497787143782138,DONACIDA
21,Pantanal,PA_03_BANDAID,18,5.497787143782138,BANDAID
21,Pantanal,PA_05_KELLY,17,5.497787143782138,KELLY
21,Pantanal,PA_08_BENJAMIN,29,5.497787143782138,BENJAMIN
21,Pantanal,PA_09_SONIAMADALENA,21,5.497787143782138,SONIAMADALENA
21,Pantanal,PA_10_VIVEK,24,5.497787143782138,VIVEK
21,Pantanal,PA_11_LUIS,16,5.497787143782138,LUIS
21,Pantanal,PA_12_FELIPPE,3,5.497787143782138,FELIPPE
21,Pantanal,PA_13_RITA,22,5.497787143782138,RITA
21,Pantanal,PA_15_MORENA,119,5.497787143782138,MORENA
21,Pantanal,PA_16_DORA,29,5.497787143782138,DORA
21,Pantanal,PA_18_NIC,7,5.497787143782138,NIC
21,Pantanal,PA_19_SERGIAO,536,5.497787143782138,SERGIAO
21,Pantanal,PA_20_SY,57,5.497787143782138,SY
21,Pantanal,PA_21_CAIO,4,5.497787143782138,CAIO
21,Pantanal,PA_22_EMILIO,4,5.497787143782138,EMILIO
21,Pantanal,PA_23_RICK,35,5.497787143782138,RICK
21,Pantanal,PA_24_LESLIE,26,5.497787143782138,LESLIE
21,Pantanal,PA_26_SACHIN,13,5.497787143782138,SACHIN
21,Pantanal,PA_28_DUDA,521,5.497787143782138,DUDA
21,Pantanal,PA_29_KARIN,5,5.497787143782138,KARIN
21,Pantanal,PA_30_NELSAO,24,5.497787143782138,NELSAO
21,Pantanal,PA_31_JORDANO,14,5.497787143782138,JORDANO
21,Pantanal,PA_33_GABRIELA,30,5.497787143782138,GABRIELA
21,Pantanal,PA_34_CARIJO,456,5.497787143782138,CARIJO
21,Pantanal,PA_36_MICHELE,45,5.497787143782138,MICHELE
21,Pantanal,PA_38_CASSANDRA,6,5.497787143782138,CASSANDRA
21,Pantanal,PA_40_MALU,542,5.497787143782138,MALU
21,Pantanal,PA_47_MORENINHO,347,5.497787143782138,MORENINHO
21,Pantanal,PA_48_TED,21,5.497787143782138,TED
21,Pantanal,PA_49_WALLY,439,5.497787143782138,WALLY
21,Pantanal,PA_51_MUCCI,200,5.497787143782138,MUCCI
21,Pantanal,PA_52_WIE,77,5.497787143782138,WIE
21,Pantanal,PA_54_PAULONA,558,5.497787143782138,PAULONA
21,Pantanal,PA_58_LIANA,334,5.497787143782138,LIANA
21,Pantanal,PA_59_POPEYE,195,5.497787143782138,POPEYE
21,Pantanal,PA_61_DOINHO,63,5.497787143782138,DOINHO
21,Pantanal,PA_62_PRETINHO,10,5.497787143782138,PRETINHO
21,Pantanal,PA_64_COLUMBUS,6,5.497787143782138,COLUMBUS
21,Pantanal,PA_65_VALENTINA,77,5.497787143782138,VALENTINA
21,Pantanal,PA_67_CARMINHA,29,5.497787143782138,CARMINHA
21,Pantanal,PA_68_FAROFO,335,5.497787143782138,FAROFO
21,Pantanal,PA_69_ANGELINA,127,5.497787143782138,ANGELINA
21,Pantanal,PA_71_SIDNEY,124,5.497787143782138,SIDNEY
21,Pantanal,PA_74_LAURO,145,5.497787143782138,LAURO
21,Pantanal,PA_82_DONNA,17,5.497787143782138,DONNA
21,Pantanal,PA_86_CUZINHO,327,5.497787143782138,CUZINHO
22,Atlantic Forest,AF_01_JOANA,29,5.759586531581287,JOANA
22,Atlantic Forest,AF_02_PAULETE,17,5.759586531581287,PAULETE
22,Atlantic Forest,AF_05_CHUCHU,9,5.759586531581287,CHUCHU
22,Atlantic Forest,AF_12_PATRICIA,14,5.759586531581287,PATRICIA
22,Atlantic Forest,AF_14_JAMESBOND,15,5.759586531581287,JAMESBOND
22,Atlantic Forest,AF_15_GEORGETE,11,5.759586531581287,GEORGETE
22,Atlantic Forest,AF_17_ESPERTA,1,5.759586531581287,ESPERTA
22,Atlantic Forest,AF_20_CHICO,15,5.759586531581287,CHICO
22,Atlantic Forest,AF_23_TONHA,17,5.759586531581287,TONHA
22,Atlantic Forest,AF_24_TINA,21,5.759586531581287,TINA
22,Atlantic Forest,AF_25_MAMA,9,5.759586531581287,MAMA
22,Cerrado,CE_03_LOU,486,5.759586531581287,LOU
22,Cerrado,CE_04_TITI,192,5.759586531581287,TITI
22,Cerrado,CE_08_COLOMBINA,32,5.759586531581287,COLOMBINA
22,Cerrado,CE_09_PANA,40,5.759586531581287,PANA
22,Cerrado,CE_10_ELIS,11,5.759586531581287,ELIS
22,Cerrado,CE_11_ZACA,125,5.759586531581287,ZACA
22,Cerrado,CE_13_SULI,53,5.759586531581287,SULI
22,Cerrado,CE_15_KURUKA,70,5.759586531581287,KURUKA
22,Cerrado,CE_17_ARNO,244,5.759586531581287,ARNO
22,Cerrado,CE_21_ZEMARIA,390,5.759586531581287,ZEMARIA
22,Cerrado,CE_22_ZEFA,83,5.759586531581287,ZEFA
22,Cerrado,CE_23_CARABI,466,5.759586531581287,CARABI
22,Cerrado,CE_25_SEGRE,457,5.759586531581287,SEGRE
22,Cerrado,CE_27_DONALINA,40,5.759586531581287,DONALINA
22,Cerrado,CE_28_ZIGGY,404,5.759586531581287,ZIGGY
22,Cerrado,CE_31_ANNA,420,5.759586531581287,ANNA
22,Cerrado,CE_34_DONACIDA,380,5.759586531581287,DONACIDA
22,Pantanal,PA_03_BANDAID,7,5.759586531581287,BANDAID
22,Pantanal,PA_05_KELLY,11,5.759586531581287,KELLY
22,Pantanal,PA_08_BENJAMIN,33,5.759586531581287,BENJAMIN
22,Pantanal,PA_09_SONIAMADALENA,22,5.759586531581287,SONIAMADALENA
22,Pantanal,PA_10_VIVEK,48,5.759586531581287,VIVEK
22,Pantanal,PA_11_LUIS,6,5.759586531581287,LUIS
22,Pantanal,PA_12_FELIPPE,2,5.759586531581287,FELIPPE
22,Pantanal,PA_13_RITA,30,5.759586531581287,RITA
22,Pantanal,PA_15_MORENA,151,5.759586531581287,MORENA
22,Pantanal,PA_16_DORA,12,5.759586531581287,DORA
22,Pantanal,PA_18_NIC,16,5.759586531581287,NIC
22,Pantanal,PA_19_SERGIAO,530,5.759586531581287,SERGIAO
22,Pantanal,PA_20_SY,58,5.759586531581287,SY
22,Pantanal,PA_21_CAIO,12,5.759586531581287,CAIO
22,Pantanal,PA_22_EMILIO,3,5.759586531581287,EMILIO
22,Pantanal,PA_23_RICK,25,5.759586531581287,RICK
22,Pantanal,PA_24_LESLIE,10,5.759586531581287,LESLIE
22,Pantanal,PA_26_SACHIN,21,5.759586531581287,SACHIN
22,Pantanal,PA_28_DUDA,499,5.759586531581287,DUDA
22,Pantanal,PA_29_KARIN,10,5.759586531581287,KARIN
22,Pantanal,PA_30_NELSAO,11,5.759586531581287,NELSAO
22,Pantanal,PA_31_JORDANO,22,5.759586531581287,JORDANO
22,Pantanal,PA_33_GABRIELA,26,5.759586531581287,GABRIELA
22,Pantanal,PA_34_CARIJO,426,5.759586531581287,CARIJO
22,Pantanal,PA_36_MICHELE,45,5.759586531581287,MICHELE
22,Pantanal,PA_38_CASSANDRA,14,5.759586531581287,CASSANDRA
22,Pantanal,PA_40_MALU,537,5.759586531581287,MALU
22,Pantanal,PA_47_MORENINHO,329,5.759586531581287,MORENINHO
22,Pantanal,PA_48_TED,16,5.759586531581287,TED
22,Pantanal,PA_49_WALLY,422,5.759586531581287,WALLY
22,Pantanal,PA_51_MUCCI,196,5.759586531581287,MUCCI
22,Pantanal,PA_52_WIE,72,5.759586531581287,WIE
22,Pantanal,PA_54_PAULONA,533,5.759586531581287,PAULONA
22,Pantanal,PA_58_LIANA,327,5.759586531581287,LIANA
22,Pantanal,PA_59_POPEYE,200,5.759586531581287,POPEYE
22,Pantanal,PA_61_DOINHO,55,5.759586531581287,DOINHO
22,Pantanal,PA_62_PRETINHO,13,5.759586531581287,PRETINHO
22,Pantanal,PA_64_COLUMBUS,2,5.759586531581287,COLUMBUS
22,Pantanal,PA_65_VALENTINA,76,5.759586531581287,VALENTINA
22,Pantanal,PA_67_CARMINHA,32,5.759586531581287,CARMINHA
22,Pantanal,PA_68_FAROFO,312,5.759586531581287,FAROFO
22,Pantanal,PA_69_ANGELINA,127,5.759586531581287,ANGELINA
22,Pantanal,PA_71_SIDNEY,124,5.759586531581287,SIDNEY
22,Pantanal,PA_74_LAURO,133,5.759586531581287,LAURO
22,Pantanal,PA_82_DONNA,21,5.759586531581287,DONNA
22,Pantanal,PA_86_CUZINHO,308,5.759586531581287,CUZINHO
23,Atlantic Forest,AF_01_JOANA,30,6.021385919380436,JOANA
23,Atlantic Forest,AF_02_PAULETE,24,6.021385919380436,PAULETE
23,Atlantic Forest,AF_05_CHUCHU,9,6.021385919380436,CHUCHU
23,Atlantic Forest,AF_12_PATRICIA,8,6.021385919380436,PATRICIA
23,Atlantic Forest,AF_14_JAMESBOND,15,6.021385919380436,JAMESBOND
23,Atlantic Forest,AF_15_GEORGETE,10,6.021385919380436,GEORGETE
23,Atlantic Forest,AF_17_ESPERTA,1,6.021385919380436,ESPERTA
23,Atlantic Forest,AF_20_CHICO,17,6.021385919380436,CHICO
23,Atlantic Forest,AF_23_TONHA,18,6.021385919380436,TONHA
23,Atlantic Forest,AF_24_TINA,15,6.021385919380436,TINA
23,Atlantic Forest,AF_25_MAMA,5,6.021385919380436,MAMA
23,Cerrado,CE_03_LOU,502,6.021385919380436,LOU
23,Cerrado,CE_04_TITI,186,6.021385919380436,TITI
23,Cerrado,CE_08_COLOMBINA,31,6.021385919380436,COLOMBINA
23,Cerrado,CE_09_PANA,27,6.021385919380436,PANA
23,Cerrado,CE_10_ELIS,10,6.021385919380436,ELIS
23,Cerrado,CE_11_ZACA,129,6.021385919380436,ZACA
23,Cerrado,CE_13_SULI,57,6.021385919380436,SULI
23,Cerrado,CE_15_KURUKA,70,6.021385919380436,KURUKA
23,Cerrado,CE_17_ARNO,244,6.021385919380436,ARNO
23,Cerrado,CE_21_ZEMARIA,394,6.021385919380436,ZEMARIA
23,Cerrado,CE_22_ZEFA,82,6.021385919380436,ZEFA
23,Cerrado,CE_23_CARABI,486,6.021385919380436,CARABI
23,Cerrado,CE_25_SEGRE,466,6.021385919380436,SEGRE
23,Cerrado,CE_27_DONALINA,38,6.021385919380436,DONALINA
23,Cerrado,CE_28_ZIGGY,402,6.021385919380436,ZIGGY
23,Cerrado,CE_31_ANNA,428,6.021385919380436,ANNA
23,Cerrado,CE_34_DONACIDA,380,6.021385919380436,DONACIDA
23,Pantanal,PA_03_BANDAID,5,6.021385919380436,BANDAID
23,Pantanal,PA_05_KELLY,6,6.021385919380436,KELLY
23,Pantanal,PA_08_BENJAMIN,28,6.021385919380436,BENJAMIN
23,Pantanal,PA_09_SONIAMADALENA,27,6.021385919380436,SONIAMADALENA
23,Pantanal,PA_10_VIVEK,28,6.021385919380436,VIVEK
23,Pantanal,PA_11_LUIS,7,6.021385919380436,LUIS
23,Pantanal,PA_12_FELIPPE,4,6.021385919380436,FELIPPE
23,Pantanal,PA_13_RITA,29,6.021385919380436,RITA
23,Pantanal,PA_15_MORENA,122,6.021385919380436,MORENA
23,Pantanal,PA_16_DORA,22,6.021385919380436,DORA
23,Pantanal,PA_18_NIC,13,6.021385919380436,NIC
23,Pantanal,PA_19_SERGIAO,537,6.021385919380436,SERGIAO
23,Pantanal,PA_20_SY,55,6.021385919380436,SY
23,Pantanal,PA_21_CAIO,9,6.021385919380436,CAIO
23,Pantanal,PA_22_EMILIO,3,6.021385919380436,EMILIO
23,Pantanal,PA_23_RICK,31,6.021385919380436,RICK
23,Pantanal,PA_24_LESLIE,19,6.021385919380436,LESLIE
23,Pantanal,PA_26_SACHIN,16,6.021385919380436,SACHIN
23,Pantanal,PA_28_DUDA,540,6.021385919380436,DUDA
23,Pantanal,PA_29_KARIN,3,6.021385919380436,KARIN
23,Pantanal,PA_30_NELSAO,17,6.021385919380436,NELSAO
23,Pantanal,PA_31_JORDANO,24,6.021385919380436,JORDANO
23,Pantanal,PA_33_GABRIELA,29,6.021385919380436,GABRIELA
23,Pantanal,PA_34_CARIJO,471,6.021385919380436,CARIJO
23,Pantanal,PA_36_MICHELE,42,6.021385919380436,MICHELE
23,Pantanal,PA_38_CASSANDRA,9,6.021385919380436,CASSANDRA
23,Pantanal,PA_40_MALU,541,6.021385919380436,MALU
23,Pantanal,PA_47_MORENINHO,346,6.021385919380436,MORENINHO
23,Pantanal,PA_48_TED,25,6.021385919380436,TED
23,Pantanal,PA_49_WALLY,407,6.021385919380436,WALLY
23,Pantanal,PA_51_MUCCI,208,6.021385919380436,MUCCI
23,Pantanal,PA_52_WIE,75,6.021385919380436,WIE
23,Pantanal,PA_54_PAULONA,530,6.021385919380436,PAULONA
23,Pantanal,PA_58_LIANA,354,6.021385919380436,LIANA
23,Pantanal,PA_59_POPEYE,203,6.021385919380436,POPEYE
23,Pantanal,PA_61_DOINHO,76,6.021385919380436,DOINHO
23,Pantanal,PA_62_PRETINHO,20,6.021385919380436,PRETINHO
23,Pantanal,PA_64_COLUMBUS,2,6.021385919380436,COLUMBUS
23,Pantanal,PA_65_VALENTINA,83,6.021385919380436,VALENTINA
23,Pantanal,PA_67_CARMINHA,29,6.021385919380436,CARMINHA
23,Pantanal,PA_68_FAROFO,326,6.021385919380436,FAROFO
23,Pantanal,PA_69_ANGELINA,125,6.021385919380436,ANGELINA
23,Pantanal,PA_71_SIDNEY,124,6.021385919380436,SIDNEY
23,Pantanal,PA_74_LAURO,152,6.021385919380436,LAURO
23,Pantanal,PA_82_DONNA,25,6.021385919380436,DONNA
23,Pantanal,PA_86_CUZINHO,312,6.021385919380436,CUZINHO
