occurrenceID,countryCode,country,locality,decimalLatitude,decimalLongitude,geodeticDatum,coordinateUncertaintyInMeters,scientificName,numberOfRoadkill,year,month,day,roadID,roadType,surveyType,roadLength,initialRoadLatitude,initialRoadLongitude,finalRoadLatitude,finalRoadLongitude,surveyPeriod,startYear,finalYear,firstMonthOfTheYear,lastMonthOfTheYear,surveyFrequency,associatedReferences
81024828-37ad-4122-8489-379390b98625,BR,Brazil,Caiapônia,-17.001193,-51.845725,WGS84,30,Tapirus terrestris,1,2014,6,23,BR-158 and GO-221,paved (1 lane),Systematic,170,-17.828564,-51.781388,-16.719717,-52.3062,365,2014,2015,1,1,1/month,Miranda et al. 2017
7eccc41a-c573-49bd-8b59-866f47ed727e,BR,Brazil,Jataí,-17.855259,-51.544348,WGS84,30,Tapirus terrestris,1,2014,6,22,BR-060,paved (2 lanes),Systematic,162,-17.890777,-51.657249,-17.400106,-50.388618,365,2014,2015,1,1,1/month,Miranda et al. 2017
53e6858e-1ec7-4d78-9968-570fa7da3db3,BR,Brazil,Aparecida do Rio Doce,-18.234498,-51.279195,WGS84,30,Tapirus terrestris,1,2014,11,8,"BR-364, GO-206 and GO-178",paved (1 lane),Systematic,186,-19.056796,-51.528589,-17.926345,-51.687762,365,2014,2015,1,1,1/month,Miranda et al. 2017
37c2be15-23f6-4e83-a16f-d093df743854,BR,Brazil,Gouvelândia,-18.457623,-50.251564,WGS84,30,Tapirus terrestris,1,2023,8,9,GO_206,paved (1 lane),Opportunistic,34.9,-18.4398107,-50.4173977,-18.4472559,-50.1434539,,,,,,,
76d0496e-11e6-4652-90ca-ec1fd07305a5,BR,Brazil,Itarumã,-18.867309,-51.40725,WGS84,30,Tapirus terrestris,1,2023,7,6,GO_178,paved (1 lane),Opportunistic,269.5,-18.4570649,-50.4867351,-19.7333505,-51.9252295,,,,,,,
371197d1-1847-4c4d-9b37-96d303fedf5f,BR,Brazil,Porto Esperança,-19.5581,-57.3727,WGS84,30,Tapirus terrestris,1,2017,10,10,BR262,paved (1 lane),Systematic,339,-20.477907,-54.751757,-19.520655,-57.420473,1108,2017,2020,2,3,2/month,Ascensao et al. 2021
7aa2ad36-0902-4a3e-bd4f-c293bccfa1e0,BR,Brazil,Inocência,-19.573444,-51.887195,WGS84,30,Tapirus terrestris,1,2023,9,21,MS_112,paved (1 lane),Opportunistic,269.5,-18.4570649,-50.4867351,-19.7333505,-51.9252295,,,,,,,
ae05b460-3f44-4dc2-92b6-98cb8cd6235e,BR,Brazil,Miranda,-19.8835,-56.8737,WGS84,30,Tapirus terrestris,1,2018,4,10,BR262,paved (1 lane),Systematic,339,-20.477907,-54.751757,-19.520655,-57.420473,1108,2017,2020,2,3,2/month,Ascensao et al. 2021
641f7bfe-1cd7-4e61-84b3-7ec00053e192,BR,Brazil,Miranda,-19.9878,-56.8259,WGS84,30,Tapirus terrestris,1,2017,5,9,BR262,paved (1 lane),Systematic,339,-20.477907,-54.751757,-19.520655,-57.420473,1108,2017,2020,2,3,2/month,Ascensao et al. 2021
d8499501-aef5-4ee8-9118-9242fbcc3f16,BR,Brazil,Ribas do Rio Pardo,-20.1819,-54.0591,WGS84,30,Tapirus terrestris,1,2018,6,26,MS040,paved (1 lane),Systematic,224,-20.555412,-54.555259,-21.298545,-52.840677,1095,2017,2020,2,2,2/month,Ascensao et al. 2021
1375c02f-b1cc-466e-afad-d75e6575a24e,BR,Brazil,Miranda,-20.1904,-56.484,WGS84,30,Tapirus terrestris,1,2017,3,13,BR262,paved (1 lane),Systematic,339,-20.477907,-54.751757,-19.520655,-57.420473,1108,2017,2020,2,3,2/month,Ascensao et al. 2021
a1051074-5617-4048-b93e-19994771ca2d,BR,Brazil,Miranda,-20.317505,-56.229559,WGS84,30,Tapirus terrestris,1,2019,10,1,BR262,paved (1 lane),Opportunistic,,,,,,,,,,,,
cc8aac5c-6169-4b18-86d6-ab1ec0e90a63,BR,Brazil,Miranda,-20.342414,-56.166725,WGS84,30,Tapirus terrestris,1,2019,8,16,BR262,paved (1 lane),Opportunistic,,,,,,,,,,,,
94780453-5785-4821-92a4-f3e16150f1ae,BR,Brazil,Taunay,-20.393,-56.0952,WGS84,30,Tapirus terrestris,1,2020,2,27,BR262,paved (1 lane),Opportunistic,,,,,,,,,,,,
0fa071e9-54ef-4ebe-b482-657cd5e46d8b,BR,Brazil,Ribas do Rio Pardo,-20.4005,-53.9065,WGS84,30,Tapirus terrestris,1,2017,3,6,BR262,paved (1 lane),Systematic,182,-20.464222,-54.553849,-20.443631,-52.89627,1089,2017,2020,2,2,2/month,Ascensao et al. 2021
26ba2a45-2f18-4aab-8774-280b6842831c,BR,Brazil,Ribas do Rio Pardo,-20.4015,-53.9146,WGS84,30,Tapirus terrestris,1,2018,7,16,BR262,paved (1 lane),Systematic,182,-20.464222,-54.553849,-20.443631,-52.89627,1089,2017,2020,2,2,2/month,Ascensao et al. 2021
dd000992-430c-45c2-a245-1b7de1ec2340,BR,Brazil,Ribas do Rio Pardo,-20.403138,-53.921172,WGS84,30,Tapirus terrestris,1,2020,3,2,BR262,paved (1 lane),Opportunistic,,,,,,,,,,,,
3a0536b7-ebbf-4444-840a-55b8373c8996,BR,Brazil,Ribas do Rio Pardo,-20.4075,-53.8741,WGS84,30,Tapirus terrestris,1,2019,6,3,BR262,paved (1 lane),Systematic,182,-20.464222,-54.553849,-20.443631,-52.89627,1089,2017,2020,2,2,2/month,Ascensao et al. 2021
7dc38a31-87a9-423f-862e-a6d7fb1366c1,BR,Brazil,Ribas do Rio Pardo,-20.4099,-53.8699,WGS84,30,Tapirus terrestris,1,2019,6,17,BR262,paved (1 lane),Systematic,182,-20.464222,-54.553849,-20.443631,-52.89627,1089,2017,2020,2,2,2/month,Ascensao et al. 2021
a790ec33-a6fc-4dd9-bd3a-5d0eb440f6f5,BR,Brazil,Ribas do Rio Pardo,-20.4112,-53.1915,WGS84,30,Tapirus terrestris,1,2017,2,6,BR262,paved (1 lane),Systematic,182,-20.464222,-54.553849,-20.443631,-52.89627,1089,2017,2020,2,2,2/month,Ascensao et al. 2021
a497831d-2ce9-4377-a3d3-2dd6ccbdbd1d,BR,Brazil,Ribas do Rio Pardo,-20.4113,-53.8675,WGS84,30,Tapirus terrestris,1,2018,3,26,BR262,paved (1 lane),Systematic,182,-20.464222,-54.553849,-20.443631,-52.89627,1089,2017,2020,2,2,2/month,Ascensao et al. 2021
e3589372-ab93-4416-9948-73043d6d2407,BR,Brazil,Ribas do Rio Pardo,-20.4125,-53.2277,WGS84,30,Tapirus terrestris,1,2018,12,13,BR262,paved (1 lane),Systematic,182,-20.464222,-54.553849,-20.443631,-52.89627,1089,2017,2020,2,2,2/month,Ascensao et al. 2021
277675f6-b37b-4ea9-8762-c8f1f934e889,BR,Brazil,Ribas do Rio Pardo,-20.415,-53.1619,WGS84,30,Tapirus terrestris,1,2017,4,6,BR262,paved (1 lane),Opportunistic,,,,,,,,,,,,
ab4942f4-e64c-4eff-b84a-53ab37e65f6b,BR,Brazil,Ribas do Rio Pardo,-20.4172,-53.1454,WGS84,30,Tapirus terrestris,1,2019,9,9,BR262,paved (1 lane),Systematic,182,-20.464222,-54.553849,-20.443631,-52.89627,1089,2017,2020,2,2,2/month,Ascensao et al. 2021
d8a1f57c-ead5-4f72-b9fa-093900e98ba8,BR,Brazil,Ribas do Rio Pardo,-20.4173,-53.1442,WGS84,30,Tapirus terrestris,1,2019,7,1,BR262,paved (1 lane),Systematic,182,-20.464222,-54.553849,-20.443631,-52.89627,1089,2017,2020,2,2,2/month,Ascensao et al. 2021
c884bc09-d416-477d-b276-f080a706373b,BR,Brazil,Ribas do Rio Pardo,-20.4177,-53.1413,WGS84,30,Tapirus terrestris,1,2017,9,8,BR262,paved (1 lane),Systematic,182,-20.464222,-54.553849,-20.443631,-52.89627,1089,2017,2020,2,2,2/month,Ascensao et al. 2021
79b05db8-54c3-49aa-a89c-e2a70f26ebc5,BR,Brazil,Ribas do Rio Pardo,-20.4188,-53.1345,WGS84,30,Tapirus terrestris,1,2017,2,6,BR262,paved (1 lane),Systematic,182,-20.464222,-54.553849,-20.443631,-52.89627,1089,2017,2020,2,2,2/month,Ascensao et al. 2021
e1e34eee-6948-489f-a27b-ee8bc9072805,BR,Brazil,Ribas do Rio Pardo,-20.4194,-53.1313,WGS84,30,Tapirus terrestris,1,2019,11,5,BR262,paved (1 lane),Systematic,182,-20.464222,-54.553849,-20.443631,-52.89627,1089,2017,2020,2,2,2/month,Ascensao et al. 2021
9b27cb5b-af47-4e3d-9808-b79f1d70f1cd,BR,Brazil,Ribas do Rio Pardo,-20.4198,-53.1293,WGS84,30,Tapirus terrestris,1,2017,5,2,BR262,paved (1 lane),Systematic,182,-20.464222,-54.553849,-20.443631,-52.89627,1089,2017,2020,2,2,2/month,Ascensao et al. 2021
6bb06bfb-030e-43f9-b055-74240fcc3795,BR,Brazil,Bálsamo,-20.4246,-53.9588,WGS84,30,Tapirus terrestris,1,2017,9,8,BR262,paved (1 lane),Systematic,182,-20.464222,-54.553849,-20.443631,-52.89627,1089,2017,2020,2,2,2/month,Ascensao et al. 2021
136a3537-14e9-4503-b575-06119353fd82,BR,Brazil,Ribas do Rio Pardo,-20.426,-53.2446,WGS84,30,Tapirus terrestris,1,2018,11,6,BR262,paved (1 lane),Systematic,182,-20.464222,-54.553849,-20.443631,-52.89627,1089,2017,2020,2,2,2/month,Ascensao et al. 2021
1e68a615-a1ae-4bd8-ae74-f1835408ad1f,BR,Brazil,Bálsamo,-20.4285,-53.974,WGS84,30,Tapirus terrestris,1,2017,8,8,BR262,paved (1 lane),Systematic,182,-20.464222,-54.553849,-20.443631,-52.89627,1089,2017,2020,2,2,2/month,Ascensao et al. 2021
d20bbfaa-2ae3-4507-b6a6-85f326fd5633,BR,Brazil,Ribas do Rio Pardo,-20.4333,-53.2539,WGS84,30,Tapirus terrestris,1,2018,7,16,BR262,paved (1 lane),Systematic,182,-20.464222,-54.553849,-20.443631,-52.89627,1089,2017,2020,2,2,2/month,Ascensao et al. 2021
08706468-cf0c-4583-b600-e27acc4c790a,BR,Brazil,Ribas do Rio Pardo,-20.4351,-53.2563,WGS84,30,Tapirus terrestris,1,2017,5,15,BR262,paved (1 lane),Systematic,182,-20.464222,-54.553849,-20.443631,-52.89627,1089,2017,2020,2,2,2/month,Ascensao et al. 2021
1dde2302-2cea-4899-bac4-be83b81f9ea6,BR,Brazil,Bálsamo,-20.435,-53.9894,WGS84,30,Tapirus terrestris,1,2018,12,13,BR262,paved (1 lane),Systematic,182,-20.464222,-54.553849,-20.443631,-52.89627,1089,2017,2020,2,2,2/month,Ascensao et al. 2021
ccc77dd7-3f58-4a13-8172-33e78405f4e2,BR,Brazil,Ribas do Rio Pardo,-20.4359,-53.0832,WGS84,30,Tapirus terrestris,1,2019,9,9,BR262,paved (1 lane),Systematic,182,-20.464222,-54.553849,-20.443631,-52.89627,1089,2017,2020,2,2,2/month,Ascensao et al. 2021
f3e3fbc4-633f-4824-b588-0acd182b64d7,BR,Brazil,Ribas do Rio Pardo,-20.436,-53.2574,WGS84,30,Tapirus terrestris,1,2019,10,8,BR262,paved (1 lane),Systematic,182,-20.464222,-54.553849,-20.443631,-52.89627,1089,2017,2020,2,2,2/month,Ascensao et al. 2021
1cffe028-f918-4086-9cbc-68a65bccd784,BR,Brazil,Ribas do Rio Pardo,-20.4391,-53.2668,WGS84,30,Tapirus terrestris,1,2017,6,14,BR262,paved (1 lane),Systematic,182,-20.464222,-54.553849,-20.443631,-52.89627,1089,2017,2020,2,2,2/month,Ascensao et al. 2021
d3b0e4c6-1ffa-4519-b2d8-e044cca0d8f8,BR,Brazil,Ribas do Rio Pardo,-20.4396,-53.2689,WGS84,30,Tapirus terrestris,1,2017,2,6,BR262,paved (1 lane),Systematic,182,-20.464222,-54.553849,-20.443631,-52.89627,1089,2017,2020,2,2,2/month,Ascensao et al. 2021
1420c4b0-9eb1-4e95-9900-7a88357c57e1,BR,Brazil,Ribas do Rio Pardo,-20.4398,-53.27,WGS84,30,Tapirus terrestris,1,2019,9,9,BR262,paved (1 lane),Systematic,182,-20.464222,-54.553849,-20.443631,-52.89627,1089,2017,2020,2,2,2/month,Ascensao et al. 2021
e22daf74-30fc-46b0-a906-e192630220a5,BR,Brazil,Ribas do Rio Pardo,-20.4402,-53.8255,WGS84,30,Tapirus terrestris,1,2018,8,31,BR262,paved (1 lane),Systematic,182,-20.464222,-54.553849,-20.443631,-52.89627,1089,2017,2020,2,2,2/month,Ascensao et al. 2021
baacfded-cec3-4cb2-97d2-68cbb16f47ab,BR,Brazil,Ribas do Rio Pardo,-20.4404,-53.2734,WGS84,30,Tapirus terrestris,1,2018,1,4,BR262,paved (1 lane),Opportunistic,,,,,,,,,,,,
55c82081-5fd5-4046-94d9-f84babdb4df2,BR,Brazil,Terenos,-20.4407,-55.1173,WGS84,30,Tapirus terrestris,1,2017,7,3,BR262,paved (1 lane),Systematic,339,-20.477907,-54.751757,-19.520655,-57.420473,1108,2017,2020,2,3,2/month,Ascensao et al. 2021
dced438d-7f3b-4f1b-99ad-20b06e761d0c,BR,Brazil,Ribas do Rio Pardo,-20.4409,-53.2752,WGS84,30,Tapirus terrestris,1,2019,2,14,BR262,paved (1 lane),Systematic,182,-20.464222,-54.553849,-20.443631,-52.89627,1089,2017,2020,2,2,2/month,Ascensao et al. 2021
23ae9641-c95d-4257-b4a5-021454bfa54d,BR,Brazil,Terenos,-20.4455,-55.1403,WGS84,30,Tapirus terrestris,1,2018,1,4,BR262,paved (1 lane),Systematic,339,-20.477907,-54.751757,-19.520655,-57.420473,1108,2017,2020,2,3,2/month,Ascensao et al. 2021
88de5baf-2f10-4fd2-9786-61304d15174b,BR,Brazil,Ribas do Rio Pardo,-20.447,-53.3064,WGS84,30,Tapirus terrestris,1,2018,11,20,BR262,paved (1 lane),Systematic,182,-20.464222,-54.553849,-20.443631,-52.89627,1089,2017,2020,2,2,2/month,Ascensao et al. 2021
bcf7e217-4ba8-476e-89e4-d0894896a594,BR,Brazil,Ribas do Rio Pardo,-20.447,-53.3064,WGS84,30,Tapirus terrestris,1,2018,12,3,BR262,paved (1 lane),Systematic,182,-20.464222,-54.553849,-20.443631,-52.89627,1089,2017,2020,2,2,2/month,Ascensao et al. 2021
5b1d73f9-bbd6-457d-a71d-be1cbf1379a4,BR,Brazil,Terenos,-20.4483,-55.1533,WGS84,30,Tapirus terrestris,1,2018,12,17,BR262,paved (1 lane),Systematic,339,-20.477907,-54.751757,-19.520655,-57.420473,1108,2017,2020,2,3,2/month,Ascensao et al. 2021
79f1d5fb-9533-48b9-b2eb-f93b0bf55261,BR,Brazil,Terenos,-20.4485,-55.1546,WGS84,30,Tapirus terrestris,1,2017,4,10,BR262,paved (1 lane),Systematic,339,-20.477907,-54.751757,-19.520655,-57.420473,1108,2017,2020,2,3,2/month,Ascensao et al. 2021
4c6ae8a1-03c0-4319-a7ae-1dde8482e0fc,BR,Brazil,Ribas do Rio Pardo,-20.4489,-53.0419,WGS84,30,Tapirus terrestris,1,2017,2,6,BR262,paved (1 lane),Systematic,182,-20.464222,-54.553849,-20.443631,-52.89627,1089,2017,2020,2,2,2/month,Ascensao et al. 2021
4cd040db-92b4-4ed7-b496-abc75f2ce67c,BR,Brazil,Ribas do Rio Pardo,-20.4489,-53.3169,WGS84,30,Tapirus terrestris,1,2017,9,25,BR262,paved (1 lane),Systematic,182,-20.464222,-54.553849,-20.443631,-52.89627,1089,2017,2020,2,2,2/month,Ascensao et al. 2021
77ea49aa-8b28-41f1-b5f8-fe58113e1827,BR,Brazil,Ribas do Rio Pardo,-20.4501,-53.3224,WGS84,30,Tapirus terrestris,1,2018,8,13,BR262,paved (1 lane),Systematic,182,-20.464222,-54.553849,-20.443631,-52.89627,1089,2017,2020,2,2,2/month,Ascensao et al. 2021
26c6d50f-91bf-4296-aa8d-d085c3bd70c0,BR,Brazil,Ribas do Rio Pardo,-20.4504,-53.3233,WGS84,30,Tapirus terrestris,1,2017,7,24,BR262,paved (1 lane),Systematic,182,-20.464222,-54.553849,-20.443631,-52.89627,1089,2017,2020,2,2,2/month,Ascensao et al. 2021
87ac894e-df67-4d5b-a17a-37a03aa82faa,BR,Brazil,Terenos,-20.4507,-55.1647,WGS84,30,Tapirus terrestris,1,2019,7,2,BR262,paved (1 lane),Systematic,339,-20.477907,-54.751757,-19.520655,-57.420473,1108,2017,2020,2,3,2/month,Ascensao et al. 2021
6ef5090b-283b-494e-a464-0d551bd5be77,BR,Brazil,Ribas do Rio Pardo,-20.4515,-53.3295,WGS84,30,Tapirus terrestris,1,2018,8,31,BR262,paved (1 lane),Systematic,182,-20.464222,-54.553849,-20.443631,-52.89627,1089,2017,2020,2,2,2/month,Ascensao et al. 2021
4533392f-2bbf-40eb-88c2-69a5954753a8,BR,Brazil,Terenos,-20.4521,-55.2474,WGS84,30,Tapirus terrestris,1,2019,11,18,BR262,paved (1 lane),Systematic,339,-20.477907,-54.751757,-19.520655,-57.420473,1108,2017,2020,2,3,2/month,Ascensao et al. 2021
2342e6b2-1e8d-49c9-98a6-909fa019035f,BR,Brazil,Terenos,-20.4539,-55.1742,WGS84,30,Tapirus terrestris,1,2018,5,25,BR262,paved (1 lane),Systematic,339,-20.477907,-54.751757,-19.520655,-57.420473,1108,2017,2020,2,3,2/month,Ascensao et al. 2021
363b0cd4-f759-4f71-a8ec-9edad969cda8,BR,Brazil,Terenos,-20.4547,-55.258,WGS84,30,Tapirus terrestris,1,2018,12,4,BR262,paved (1 lane),Systematic,339,-20.477907,-54.751757,-19.520655,-57.420473,1108,2017,2020,2,3,2/month,Ascensao et al. 2021
539eef8f-4a6a-4241-b16c-4fc727176c77,BR,Brazil,Ribas do Rio Pardo,-20.4548,-53.8039,WGS84,30,Tapirus terrestris,1,2018,7,31,BR262,paved (1 lane),Systematic,182,-20.464222,-54.553849,-20.443631,-52.89627,1089,2017,2020,2,2,2/month,Ascensao et al. 2021
00585f5c-52ed-46c0-9739-6c121286aea4,BR,Brazil,Ribas do Rio Pardo,-20.455,-53.0146,WGS84,30,Tapirus terrestris,1,2018,6,5,BR262,paved (1 lane),Systematic,182,-20.464222,-54.553849,-20.443631,-52.89627,1089,2017,2020,2,2,2/month,Ascensao et al. 2021
d4a9d066-fb19-4c99-85ff-bd79d8005437,BR,Brazil,Ribas do Rio Pardo,-20.4561,-53.7885,WGS84,30,Tapirus terrestris,1,2019,5,7,BR262,paved (1 lane),Systematic,182,-20.464222,-54.553849,-20.443631,-52.89627,1089,2017,2020,2,2,2/month,Ascensao et al. 2021
f3f6f67d-4349-4ccf-9f41-a9c9fbbe9b7b,BR,Brazil,Terenos,-20.4576,-55.2388,WGS84,30,Tapirus terrestris,1,2019,11,19,BR262,paved (1 lane),Opportunistic,,,,,,,,,,,,
3e9f9950-7cff-4614-9937-7d765c98d6e6,BR,Brazil,Terenos,-20.4582,-55.2379,WGS84,30,Tapirus terrestris,1,2019,8,27,BR262,paved (1 lane),Systematic,339,-20.477907,-54.751757,-19.520655,-57.420473,1108,2017,2020,2,3,2/month,Ascensao et al. 2021
e87877ed-095c-4a07-8645-fa0379776692,BR,Brazil,Anastácio,-20.4582,-55.9938,WGS84,30,Tapirus terrestris,1,2017,3,27,BR262,paved (1 lane),Systematic,339,-20.477907,-54.751757,-19.520655,-57.420473,1108,2017,2020,2,3,2/month,Ascensao et al. 2021
840be20b-805e-4641-a455-fb5115e42179,BR,Brazil,Bálsamo,-20.4586,-54.0259,WGS84,30,Tapirus terrestris,1,2018,9,10,BR262,paved (1 lane),Systematic,182,-20.464222,-54.553849,-20.443631,-52.89627,1089,2017,2020,2,2,2/month,Ascensao et al. 2021
22ddbd7f-9ee9-4730-a071-2e4b62de7f25,BR,Brazil,Bálsamo,-20.459,-54.0266,WGS84,30,Tapirus terrestris,1,2018,11,20,BR262,paved (1 lane),Systematic,182,-20.464222,-54.553849,-20.443631,-52.89627,1089,2017,2020,2,2,2/month,Ascensao et al. 2021
84953291-9660-46aa-9518-adf2f72cf69a,BR,Brazil,Ribas do Rio Pardo,-20.4623,-52.9813,WGS84,30,Tapirus terrestris,1,2020,1,2,BR262,paved (1 lane),Systematic,182,-20.464222,-54.553849,-20.443631,-52.89627,1089,2017,2020,2,2,2/month,Ascensao et al. 2021
9e37943b-7295-4d04-a925-9ff8fc1b6003,BR,Brazil,Ribas do Rio Pardo,-20.462,-52.9307,WGS84,30,Tapirus terrestris,1,2017,2,6,BR262,paved (1 lane),Systematic,182,-20.464222,-54.553849,-20.443631,-52.89627,1089,2017,2020,2,2,2/month,Ascensao et al. 2021
555d654c-f664-4cbd-af5a-13e8063f9826,BR,Brazil,Ribas do Rio Pardo,-20.4628,-53.3876,WGS84,30,Tapirus terrestris,1,2018,10,22,BR262,paved (1 lane),Systematic,182,-20.464222,-54.553849,-20.443631,-52.89627,1089,2017,2020,2,2,2/month,Ascensao et al. 2021
88e1b636-bd48-40f0-ac9d-a4c23cd6550f,BR,Brazil,Ribas do Rio Pardo,-20.4635,-53.3907,WGS84,30,Tapirus terrestris,1,2018,6,20,BR262,paved (1 lane),Systematic,182,-20.464222,-54.553849,-20.443631,-52.89627,1089,2017,2020,2,2,2/month,Ascensao et al. 2021
4865dabe-a6f2-4204-abde-da7ab085692e,BR,Brazil,Ribas do Rio Pardo,-20.4646,-53.5143,WGS84,30,Tapirus terrestris,1,2017,11,20,BR262,paved (1 lane),Systematic,182,-20.464222,-54.553849,-20.443631,-52.89627,1089,2017,2020,2,2,2/month,Ascensao et al. 2021
a713642f-8336-4d50-a38c-600c30ccacda,BR,Brazil,Bálsamo,-20.4646,-54.0532,WGS84,30,Tapirus terrestris,1,2019,9,23,BR262,paved (1 lane),Systematic,182,-20.464222,-54.553849,-20.443631,-52.89627,1089,2017,2020,2,2,2/month,Ascensao et al. 2021
add698b8-f4ff-4b03-a155-36b59230828a,BR,Brazil,Terenos,-20.4647,-55.2267,WGS84,30,Tapirus terrestris,1,2018,3,13,BR262,paved (1 lane),Systematic,339,-20.477907,-54.751757,-19.520655,-57.420473,1108,2017,2020,2,3,2/month,Ascensao et al. 2021
e874e988-5798-43ec-8aaa-8d6af006ba7a,BR,Brazil,Ribas do Rio Pardo,-20.4648,-53.6934,WGS84,30,Tapirus terrestris,1,2018,6,20,BR262,paved (1 lane),Systematic,182,-20.464222,-54.553849,-20.443631,-52.89627,1089,2017,2020,2,2,2/month,Ascensao et al. 2021
bfadcf32-8a50-4311-be0b-80cd15ac6baf,BR,Brazil,Ribas do Rio Pardo,-20.4653,-53.524,WGS84,30,Tapirus terrestris,1,2018,11,20,BR262,paved (1 lane),Systematic,182,-20.464222,-54.553849,-20.443631,-52.89627,1089,2017,2020,2,2,2/month,Ascensao et al. 2021
9023dfe9-9bc0-4ac7-b287-965cd451e7da,BR,Brazil,Ribas do Rio Pardo,-20.4654,-53.4772,WGS84,30,Tapirus terrestris,1,2018,8,31,BR262,paved (1 lane),Systematic,182,-20.464222,-54.553849,-20.443631,-52.89627,1089,2017,2020,2,2,2/month,Ascensao et al. 2021
02e43d2c-69ee-4fe6-8a0c-0888aee59668,BR,Brazil,Ribas do Rio Pardo,-20.465,-53.5199,WGS84,30,Tapirus terrestris,1,2018,11,20,BR262,paved (1 lane),Systematic,182,-20.464222,-54.553849,-20.443631,-52.89627,1089,2017,2020,2,2,2/month,Ascensao et al. 2021
b0c0d454-3a6a-464e-ae4b-5bf8703d77b9,BR,Brazil,Ribas do Rio Pardo,-20.465,-53.6924,WGS84,30,Tapirus terrestris,1,2019,9,23,BR262,paved (1 lane),Systematic,182,-20.464222,-54.553849,-20.443631,-52.89627,1089,2017,2020,2,2,2/month,Ascensao et al. 2021
3cf07e7c-2c49-4827-a3f2-bdac4fbbe46b,BR,Brazil,Ribas do Rio Pardo,-20.4669,-53.5481,WGS84,30,Tapirus terrestris,1,2018,7,3,BR262,paved (1 lane),Systematic,182,-20.464222,-54.553849,-20.443631,-52.89627,1089,2017,2020,2,2,2/month,Ascensao et al. 2021
d01911b0-427b-499d-9fd0-8067fb3a9a9a,BR,Brazil,Ribas do Rio Pardo,-20.4677,-53.5593,WGS84,30,Tapirus terrestris,1,2017,8,8,BR262,paved (1 lane),Systematic,182,-20.464222,-54.553849,-20.443631,-52.89627,1089,2017,2020,2,2,2/month,Ascensao et al. 2021
4a9c6f06-287f-4f23-abd4-1d95bda87142,BR,Brazil,Ribas do Rio Pardo,-20.4684,-53.5688,WGS84,30,Tapirus terrestris,1,2018,8,13,BR262,paved (1 lane),Systematic,182,-20.464222,-54.553849,-20.443631,-52.89627,1089,2017,2020,2,2,2/month,Ascensao et al. 2021
32180ed5-784d-464d-b47f-5ebd33c05349,BR,Brazil,Ribas do Rio Pardo,-20.4692,-52.9508,WGS84,30,Tapirus terrestris,1,2019,10,23,BR262,paved (1 lane),Systematic,182,-20.464222,-54.553849,-20.443631,-52.89627,1089,2017,2020,2,2,2/month,Ascensao et al. 2021
f95bdd78-b1af-4670-b656-c9350158c6dd,BR,Brazil,Ribas do Rio Pardo,-20.4693,-52.9452,WGS84,30,Tapirus terrestris,1,2019,4,16,BR262,paved (1 lane),Systematic,182,-20.464222,-54.553849,-20.443631,-52.89627,1089,2017,2020,2,2,2/month,Ascensao et al. 2021
ffc2299e-4bba-4296-8923-bd71ded18481,BR,Brazil,Ribas do Rio Pardo,-20.469,-52.9518,WGS84,30,Tapirus terrestris,1,2018,10,9,BR262,paved (1 lane),Systematic,182,-20.464222,-54.553849,-20.443631,-52.89627,1089,2017,2020,2,2,2/month,Ascensao et al. 2021
97694ddc-0cd4-45b5-b4d1-9333724b9c8a,BR,Brazil,Ribas do Rio Pardo,-20.4697,-53.5864,WGS84,30,Tapirus terrestris,1,2018,1,3,BR262,paved (1 lane),Systematic,182,-20.464222,-54.553849,-20.443631,-52.89627,1089,2017,2020,2,2,2/month,Ascensao et al. 2021
59f73cca-c6a3-46c9-821e-837402c5252d,BR,Brazil,Ribas do Rio Pardo,-20.4724,-53.6251,WGS84,30,Tapirus terrestris,1,2019,11,5,BR262,paved (1 lane),Systematic,182,-20.464222,-54.553849,-20.443631,-52.89627,1089,2017,2020,2,2,2/month,Ascensao et al. 2021
d66ef458-39cd-4ed2-af51-7fe78c2cbd72,BR,Brazil,Ribas do Rio Pardo,-20.4728,-53.6299,WGS84,30,Tapirus terrestris,1,2018,6,20,BR262,paved (1 lane),Systematic,182,-20.464222,-54.553849,-20.443631,-52.89627,1089,2017,2020,2,2,2/month,Ascensao et al. 2021
a9faed15-b948-45fe-8f9b-0940e0b512bb,BR,Brazil,Dois Irmãos do Buriti,-20.4837,-55.2779,WGS84,30,Tapirus terrestris,1,2017,10,24,BR262,paved (1 lane),Systematic,339,-20.477907,-54.751757,-19.520655,-57.420473,1108,2017,2020,2,3,2/month,Ascensao et al. 2021
08e9ba02-0e63-43d0-bb69-7e676f874509,BR,Brazil,Água Clara,-20.4875,-52.7738,WGS84,30,Tapirus terrestris,1,2017,6,14,BR262,paved (1 lane),Systematic,129,-20.445549,-52.873896,-20.811572,-51.733001,363,2017,2018,3,3,2/month,Ascensao et al. 2021
7f7b214d-9f8b-4cbb-a378-b9b0e81c8fdd,BR,Brazil,Palmeiras,-20.4876,-55.3187,WGS84,30,Tapirus terrestris,1,2017,6,19,BR262,paved (1 lane),Systematic,339,-20.477907,-54.751757,-19.520655,-57.420473,1108,2017,2020,2,3,2/month,Ascensao et al. 2021
505078c2-8553-43c1-95d4-1690a6b8e001,BR,Brazil,Palmeiras,-20.4919,-55.2922,WGS84,30,Tapirus terrestris,1,2018,11,22,BR262,paved (1 lane),Systematic,339,-20.477907,-54.751757,-19.520655,-57.420473,1108,2017,2020,2,3,2/month,Ascensao et al. 2021
9560918c-f41b-4b4d-8bd7-15ede941e9f8,BR,Brazil,Anastácio,-20.4943,-55.935,WGS84,30,Tapirus terrestris,1,2019,7,2,BR262,paved (1 lane),Systematic,339,-20.477907,-54.751757,-19.520655,-57.420473,1108,2017,2020,2,3,2/month,Ascensao et al. 2021
1a47870c-34f3-46a7-b0f8-5e1a44bee460,BR,Brazil,Água Clara,-20.4948,-52.7353,WGS84,30,Tapirus terrestris,1,2017,3,29,BR262,paved (1 lane),Systematic,129,-20.445549,-52.873896,-20.811572,-51.733001,363,2017,2018,3,3,2/month,Ascensao et al. 2021
de291c9e-ed80-4675-aa55-efa3f5e1b22a,BR,Brazil,Campo Grande,-20.4959,-54.3016,WGS84,30,Tapirus terrestris,1,2019,9,9,BR262,paved (1 lane),Systematic,182,-20.464222,-54.553849,-20.443631,-52.89627,1089,2017,2020,2,2,2/month,Ascensao et al. 2021
7b7dc05a-65d7-4805-9529-98d26c151881,BR,Brazil,Campo Grande,-20.4968,-54.2181,WGS84,30,Tapirus terrestris,1,2019,10,23,BR262,paved (1 lane),Systematic,182,-20.464222,-54.553849,-20.443631,-52.89627,1089,2017,2020,2,2,2/month,Ascensao et al. 2021
d117d396-20a2-476c-823b-0f9fb52c6686,BR,Brazil,Campo Grande,-20.4983,-54.2968,WGS84,30,Tapirus terrestris,1,2017,9,25,BR262,paved (1 lane),Systematic,182,-20.464222,-54.553849,-20.443631,-52.89627,1089,2017,2020,2,2,2/month,Ascensao et al. 2021
8a6a6d5e-5736-4205-9839-ed70a74fe799,BR,Brazil,Anastácio,-20.504,-55.738,WGS84,30,Tapirus terrestris,1,2019,7,25,BR262,paved (1 lane),Opportunistic,,,,,,,,,,,,
c416a218-8f24-432c-8980-a6bef81d3de1,BR,Brazil,Campo Grande,-20.5062,-54.2669,WGS84,30,Tapirus terrestris,1,2019,6,17,BR262,paved (1 lane),Systematic,182,-20.464222,-54.553849,-20.443631,-52.89627,1089,2017,2020,2,2,2/month,Ascensao et al. 2021
44a7781b-7389-476f-89fb-91585fb7f172,BR,Brazil,Água Clara,-20.5122,-52.6417,WGS84,30,Tapirus terrestris,1,2017,12,23,BR262,paved (1 lane),Systematic,129,-20.445549,-52.873896,-20.811572,-51.733001,363,2017,2018,3,3,2/month,Ascensao et al. 2021
1e09e43c-39fd-4d64-8c34-a627cfda5c0f,BR,Brazil,Anastácio,-20.5193,-55.6054,WGS84,30,Tapirus terrestris,1,2017,2,27,BR262,paved (1 lane),Systematic,339,-20.477907,-54.751757,-19.520655,-57.420473,1108,2017,2020,2,3,2/month,Ascensao et al. 2021
31ba81ef-1c91-43e9-a052-b2502ff66926,BR,Brazil,Palmeiras,-20.5323,-55.4174,WGS84,30,Tapirus terrestris,1,2017,3,27,BR262,paved (1 lane),Systematic,339,-20.477907,-54.751757,-19.520655,-57.420473,1108,2017,2020,2,3,2/month,Ascensao et al. 2021
55a273d8-082b-4fb5-af2d-1e48b0483b86,BR,Brazil,Palmeiras,-20.5381,-55.564,WGS84,30,Tapirus terrestris,1,2017,3,30,BR262,paved (1 lane),Opportunistic,,,,,,,,,,,,
1120c8df-d16a-4ad0-93e5-86d29829a53b,BR,Brazil,Dois Irmãos do Buriti,-20.5388,-55.5619,WGS84,30,Tapirus terrestris,1,2019,3,12,BR262,paved (1 lane),Systematic,339,-20.477907,-54.751757,-19.520655,-57.420473,1108,2017,2020,2,3,2/month,Ascensao et al. 2021
bcccf7d0-6284-4180-b224-0a592efec867,BR,Brazil,Água Clara,-20.5409,-52.5601,WGS84,30,Tapirus terrestris,1,2017,6,14,BR262,paved (1 lane),Systematic,129,-20.445549,-52.873896,-20.811572,-51.733001,363,2017,2018,3,3,2/month,Ascensao et al. 2021
08ac12e1-b164-4ef3-b18b-0ac867ec7b01,BR,Brazil,Palmeiras,-20.5472,-55.4631,WGS84,30,Tapirus terrestris,1,2018,11,22,BR262,paved (1 lane),Systematic,339,-20.477907,-54.751757,-19.520655,-57.420473,1108,2017,2020,2,3,2/month,Ascensao et al. 2021
25584563-3b74-43dd-b27e-9ae56e4e3a9b,BR,Brazil,Palmeiras,-20.5566,-55.5092,WGS84,30,Tapirus terrestris,1,2018,10,10,BR262,paved (1 lane),Systematic,339,-20.477907,-54.751757,-19.520655,-57.420473,1108,2017,2020,2,3,2/month,Ascensao et al. 2021
418b80b5-8484-45bc-8650-9eaadfc458dc,BR,Brazil,Palmeiras,-20.5572,-55.4933,WGS84,30,Tapirus terrestris,1,2017,8,2,BR262,paved (1 lane),Opportunistic,,,,,,,,,,,,
3abc93d7-75ad-476b-89f1-edc5d224fa79,BR,Brazil,Palmeiras,-20.5572,-55.4937,WGS84,30,Tapirus terrestris,1,2017,3,13,BR262,paved (1 lane),Systematic,339,-20.477907,-54.751757,-19.520655,-57.420473,1108,2017,2020,2,3,2/month,Ascensao et al. 2021
c36b5aa9-b10e-4902-94a1-a2898e7ae11f,BR,Brazil,Água Clara,-20.5597,-52.5178,WGS84,30,Tapirus terrestris,1,2017,10,9,BR262,paved (1 lane),Systematic,129,-20.445549,-52.873896,-20.811572,-51.733001,363,2017,2018,3,3,2/month,Ascensao et al. 2021
a85c074e-4ac5-493f-8889-dce74c0ca49c,BR,Brazil,Campo Grande,-20.5662,-54.6027,WGS84,30,Tapirus terrestris,1,2018,6,6,BR262,paved (1 lane),Systematic,339,-20.477907,-54.751757,-19.520655,-57.420473,1108,2017,2020,2,3,2/month,Ascensao et al. 2021
99d2e37f-ab38-46a4-ad57-d1eda69dd7e9,BR,Brazil,Garcias,-20.6228,-52.3656,WGS84,30,Tapirus terrestris,1,2017,9,8,BR262,paved (1 lane),Systematic,129,-20.445549,-52.873896,-20.811572,-51.733001,363,2017,2018,3,3,2/month,Ascensao et al. 2021
2feb5636-3cff-4126-85af-86682277fe13,BR,Brazil,Garcias,-20.625,-52.3602,WGS84,30,Tapirus terrestris,1,2017,6,14,BR262,paved (1 lane),Systematic,129,-20.445549,-52.873896,-20.811572,-51.733001,363,2017,2018,3,3,2/month,Ascensao et al. 2021
b892f7b5-f314-4749-977a-96381dd55d06,BR,Brazil,Garcias,-20.638,-52.3294,WGS84,30,Tapirus terrestris,1,2017,9,25,BR262,paved (1 lane),Systematic,129,-20.445549,-52.873896,-20.811572,-51.733001,363,2017,2018,3,3,2/month,Ascensao et al. 2021
f4e139cd-3cb6-4104-bcb5-ab67ba768c54,BR,Brazil,Campo Grande,-20.6409,-54.5179,WGS84,30,Tapirus terrestris,1,2020,1,9,MS040,paved (1 lane),Systematic,224,-20.555412,-54.555259,-21.298545,-52.840677,1095,2017,2020,2,2,2/month,Ascensao et al. 2021
14fee36a-2ae1-408e-86c2-ef8866b9bf79,BR,Brazil,Garcias,-20.64,-52.3248,WGS84,30,Tapirus terrestris,1,2017,5,2,BR262,paved (1 lane),Systematic,129,-20.445549,-52.873896,-20.811572,-51.733001,363,2017,2018,3,3,2/month,Ascensao et al. 2021
37e26bc8-04ee-4847-8131-960feb910eb2,BR,Brazil,Garcias,-20.6464,-52.3096,WGS84,30,Tapirus terrestris,1,2017,8,25,BR262,paved (1 lane),Systematic,129,-20.445549,-52.873896,-20.811572,-51.733001,363,2017,2018,3,3,2/month,Ascensao et al. 2021
cc49fac9-8cc0-4442-af40-3141da638451,BR,Brazil,Santa Terezinha,-20.6806,-54.4024,WGS84,30,Tapirus terrestris,1,2019,12,21,MS040,paved (1 lane),Systematic,224,-20.555412,-54.555259,-21.298545,-52.840677,1095,2017,2020,2,2,2/month,Ascensao et al. 2021
1bb2660b-d085-43e5-8856-f7ededf89e4c,BR,Brazil,Santa Terezinha,-20.6807,-54.4029,WGS84,30,Tapirus terrestris,1,2019,5,13,MS040,paved (1 lane),Systematic,224,-20.555412,-54.555259,-21.298545,-52.840677,1095,2017,2020,2,2,2/month,Ascensao et al. 2021
a106349e-ddf2-4c8f-b502-0abb9e838a1c,BR,Brazil,Santa Terezinha,-20.6867,-54.4383,WGS84,30,Tapirus terrestris,1,2019,11,27,MS040,paved (1 lane),Systematic,224,-20.555412,-54.555259,-21.298545,-52.840677,1095,2017,2020,2,2,2/month,Ascensao et al. 2021
45c67cfc-a5eb-4dbe-886a-13e1f75da310,BR,Brazil,Santa Terezinha,-20.6872,-54.4406,WGS84,30,Tapirus terrestris,1,2017,12,14,MS040,paved (1 lane),Opportunistic,,,,,,,,,,,,
39c803af-af4a-4375-bee1-d99aa7367526,BR,Brazil,Santa Terezinha,-20.6876,-54.4409,WGS84,30,Tapirus terrestris,1,2017,7,25,MS040,paved (1 lane),Systematic,224,-20.555412,-54.555259,-21.298545,-52.840677,1095,2017,2020,2,2,2/month,Ascensao et al. 2021
af9bc810-9265-480e-a834-1441a174a1f8,BR,Brazil,Santa Terezinha,-20.6913,-54.3748,WGS84,30,Tapirus terrestris,1,2019,8,19,MS040,paved (1 lane),Systematic,224,-20.555412,-54.555259,-21.298545,-52.840677,1095,2017,2020,2,2,2/month,Ascensao et al. 2021
cf670356-073c-4722-8601-c3cec7b1d65c,BR,Brazil,Santa Terezinha,-20.6971,-54.3088,WGS84,30,Tapirus terrestris,1,2017,11,26,MS040,paved (1 lane),Opportunistic,,,,,,,,,,,,
47836432-0ea9-428c-94a4-8c851cf52ae0,BR,Brazil,Santa Terezinha,-20.6986,-54.3273,WGS84,30,Tapirus terrestris,1,2017,2,7,MS040,paved (1 lane),Systematic,224,-20.555412,-54.555259,-21.298545,-52.840677,1095,2017,2020,2,2,2/month,Ascensao et al. 2021
1f65f55e-0cef-416f-ba93-e81e4b9a8ec6,BR,Brazil,Santa Terezinha,-20.6988,-54.3614,WGS84,30,Tapirus terrestris,1,2019,5,13,MS040,paved (1 lane),Systematic,224,-20.555412,-54.555259,-21.298545,-52.840677,1095,2017,2020,2,2,2/month,Ascensao et al. 2021
c14ba250-fc79-475d-9e26-a80a1dc603b8,BR,Brazil,Santa Terezinha,-20.6996,-54.3378,WGS84,30,Tapirus terrestris,1,2017,8,9,MS040,paved (1 lane),Systematic,224,-20.555412,-54.555259,-21.298545,-52.840677,1095,2017,2020,2,2,2/month,Ascensao et al. 2021
a350dd47-1b9e-438d-967d-16a8e76c29a8,BR,Brazil,Arapuá,-20.7098,-52.1599,WGS84,30,Tapirus terrestris,2,2017,9,8,BR262,paved (1 lane),Systematic,129,-20.445549,-52.873896,-20.811572,-51.733001,363,2017,2018,3,3,2/month,Ascensao et al. 2021
29b3ddaa-e4de-4ca7-bbfc-432189799015,BR,Brazil,Santa Terezinha,-20.7376,-54.1955,WGS84,30,Tapirus terrestris,1,2018,8,7,MS040,paved (1 lane),Systematic,224,-20.555412,-54.555259,-21.298545,-52.840677,1095,2017,2020,2,2,2/month,Ascensao et al. 2021
fd6e5234-c874-43d4-86ed-ca60e90efb92,BR,Brazil,Santa Terezinha,-20.7516,-54.1847,WGS84,30,Tapirus terrestris,1,2017,11,28,MS040,paved (1 lane),Systematic,224,-20.555412,-54.555259,-21.298545,-52.840677,1095,2017,2020,2,2,2/month,Ascensao et al. 2021
16242573-2025-4c18-be81-b2695faf8755,BR,Brazil,Santa Terezinha,-20.7621,-54.1804,WGS84,30,Tapirus terrestris,1,2019,8,19,MS040,paved (1 lane),Systematic,224,-20.555412,-54.555259,-21.298545,-52.840677,1095,2017,2020,2,2,2/month,Ascensao et al. 2021
2aa9fd33-14ce-4e39-a116-4b7712f72e0c,BR,Brazil,Arapuá,-20.769,-51.9947,WGS84,30,Tapirus terrestris,1,2018,1,15,BR262,paved (1 lane),Systematic,129,-20.445549,-52.873896,-20.811572,-51.733001,363,2017,2018,3,3,2/month,Ascensao et al. 2021
a4c18dd6-7435-4036-93bd-8c30cf0c0c82,BR,Brazil,Santa Terezinha,-20.7816,-54.1725,WGS84,30,Tapirus terrestris,1,2019,6,9,MS040,paved (1 lane),Systematic,224,-20.555412,-54.555259,-21.298545,-52.840677,1095,2017,2020,2,2,2/month,Ascensao et al. 2021
08701bad-0a5b-4b69-9077-e5e51e8d5e36,BR,Brazil,Santa Terezinha,-20.782,-54.1723,WGS84,30,Tapirus terrestris,1,2018,9,3,MS040,paved (1 lane),Systematic,224,-20.555412,-54.555259,-21.298545,-52.840677,1095,2017,2020,2,2,2/month,Ascensao et al. 2021
84c24978-9f6e-45ad-86d9-6fe31c87839c,BR,Brazil,Santa Terezinha,-20.7933,-54.1678,WGS84,30,Tapirus terrestris,1,2020,1,9,MS040,paved (1 lane),Systematic,224,-20.555412,-54.555259,-21.298545,-52.840677,1095,2017,2020,2,2,2/month,Ascensao et al. 2021
fad29f10-b87e-4ba5-8c2d-ac7a9c37255d,BR,Brazil,Santa Terezinha,-20.7988,-54.1656,WGS84,30,Tapirus terrestris,1,2018,9,3,MS040,paved (1 lane),Systematic,224,-20.555412,-54.555259,-21.298545,-52.840677,1095,2017,2020,2,2,2/month,Ascensao et al. 2021
97db800e-13a9-4a29-8b3d-abe61690a9fb,BR,Brazil,Santa Terezinha,-20.8094,-54.1618,WGS84,30,Tapirus terrestris,1,2018,11,26,MS040,paved (1 lane),Systematic,224,-20.555412,-54.555259,-21.298545,-52.840677,1095,2017,2020,2,2,2/month,Ascensao et al. 2021
059bf1df-eee1-4476-b399-8f3f9eca07b0,BR,Brazil,Santa Terezinha,-20.8094,-54.1618,WGS84,30,Tapirus terrestris,1,2019,2,18,MS040,paved (1 lane),Systematic,224,-20.555412,-54.555259,-21.298545,-52.840677,1095,2017,2020,2,2,2/month,Ascensao et al. 2021
b04182df-6718-4e7f-93ea-8568581958d6,BR,Brazil,Santa Terezinha,-20.8128,-54.1605,WGS84,30,Tapirus terrestris,1,2018,7,9,MS040,paved (1 lane),Systematic,224,-20.555412,-54.555259,-21.298545,-52.840677,1095,2017,2020,2,2,2/month,Ascensao et al. 2021
4771f2d0-a7a0-480b-aefe-ff5fd9806b1f,BR,Brazil,Santa Terezinha,-20.8245,-54.1561,WGS84,30,Tapirus terrestris,1,2017,3,7,MS040,paved (1 lane),Systematic,224,-20.555412,-54.555259,-21.298545,-52.840677,1095,2017,2020,2,2,2/month,Ascensao et al. 2021
438cfa24-67e7-4938-8472-51d7ade7b09a,BR,Brazil,Santa Terezinha,-20.8334,-54.1528,WGS84,30,Tapirus terrestris,1,2019,12,21,MS040,paved (1 lane),Systematic,224,-20.555412,-54.555259,-21.298545,-52.840677,1095,2017,2020,2,2,2/month,Ascensao et al. 2021
cd87f0e0-c699-41d8-a32c-1f636fbf41c0,BR,Brazil,Santa Terezinha,-20.9458,-54.1171,WGS84,30,Tapirus terrestris,1,2019,4,17,MS040,paved (1 lane),Systematic,224,-20.555412,-54.555259,-21.298545,-52.840677,1095,2017,2020,2,2,2/month,Ascensao et al. 2021
b4ca4c0e-e7b9-4bb2-b5ee-bee82bdfbc3c,BR,Brazil,Santa Terezinha,-20.96,-54.1001,WGS84,30,Tapirus terrestris,1,2018,7,9,MS040,paved (1 lane),Systematic,224,-20.555412,-54.555259,-21.298545,-52.840677,1095,2017,2020,2,2,2/month,Ascensao et al. 2021
435556f0-722d-4f5b-ae05-6fb97fcc6ed2,BR,Brazil,Santa Terezinha,-20.969,-54.0804,WGS84,30,Tapirus terrestris,1,2017,10,31,MS040,paved (1 lane),Systematic,224,-20.555412,-54.555259,-21.298545,-52.840677,1095,2017,2020,2,2,2/month,Ascensao et al. 2021
9e3e3a7f-7335-4351-959d-e35323ff68b1,BR,Brazil,Santa Terezinha,-20.9701,-54.0787,WGS84,30,Tapirus terrestris,1,2017,6,28,MS040,paved (1 lane),Systematic,224,-20.555412,-54.555259,-21.298545,-52.840677,1095,2017,2020,2,2,2/month,Ascensao et al. 2021
58ec0fca-ece7-449a-ae1e-242af8f3ed22,BR,Brazil,Santa Terezinha,-20.9736,-54.0729,WGS84,30,Tapirus terrestris,1,2020,1,21,MS040,paved (1 lane),Systematic,224,-20.555412,-54.555259,-21.298545,-52.840677,1095,2017,2020,2,2,2/month,Ascensao et al. 2021
01a994c4-2b26-4b2d-851d-8c8b47a5338f,BR,Brazil,Santa Terezinha,-20.9869,-54.0506,WGS84,30,Tapirus terrestris,1,2019,4,29,MS040,paved (1 lane),Systematic,224,-20.555412,-54.555259,-21.298545,-52.840677,1095,2017,2020,2,2,2/month,Ascensao et al. 2021
1bbc78b3-9afa-4440-862d-bd6822e1e125,BR,Brazil,Santa Terezinha,-20.987,-54.0505,WGS84,30,Tapirus terrestris,1,2019,4,3,MS040,paved (1 lane),Systematic,224,-20.555412,-54.555259,-21.298545,-52.840677,1095,2017,2020,2,2,2/month,Ascensao et al. 2021
6a184a9e-5760-47ca-9738-48492fa18489,BR,Brazil,Santa Terezinha,-20.9916,-54.043,WGS84,30,Tapirus terrestris,1,2019,8,19,MS040,paved (1 lane),Systematic,224,-20.555412,-54.555259,-21.298545,-52.840677,1095,2017,2020,2,2,2/month,Ascensao et al. 2021
68611dac-d9c6-4535-baad-8bded43bde9a,BR,Brazil,Santa Terezinha,-20.9928,-54.0411,WGS84,30,Tapirus terrestris,1,2019,6,9,MS040,paved (1 lane),Systematic,224,-20.555412,-54.555259,-21.298545,-52.840677,1095,2017,2020,2,2,2/month,Ascensao et al. 2021
90f3c929-1f93-4be0-ae30-c098e0439812,BR,Brazil,Santa Terezinha,-20.9929,-54.0409,WGS84,30,Tapirus terrestris,1,2019,3,6,MS040,paved (1 lane),Systematic,224,-20.555412,-54.555259,-21.298545,-52.840677,1095,2017,2020,2,2,2/month,Ascensao et al. 2021
0a11475c-aaba-4040-b5db-86a1a239019d,BR,Brazil,Santa Terezinha,-21.0044,-54.0219,WGS84,30,Tapirus terrestris,1,2017,7,25,MS040,paved (1 lane),Systematic,224,-20.555412,-54.555259,-21.298545,-52.840677,1095,2017,2020,2,2,2/month,Ascensao et al. 2021
0b96075a-dc73-4ab0-88cf-0946de4e291a,BR,Brazil,Santa Terezinha,-21.0079,-54.0161,WGS84,30,Tapirus terrestris,1,2017,3,21,MS040,paved (1 lane),Systematic,224,-20.555412,-54.555259,-21.298545,-52.840677,1095,2017,2020,2,2,2/month,Ascensao et al. 2021
1796f8b9-1acf-4fd1-baa5-190c30f34d88,BR,Brazil,Santa Terezinha,-21.0224,-53.9921,WGS84,30,Tapirus terrestris,1,2019,9,2,MS040,paved (1 lane),Systematic,224,-20.555412,-54.555259,-21.298545,-52.840677,1095,2017,2020,2,2,2/month,Ascensao et al. 2021
5713d354-4055-43ea-b573-e93fcc3ce5e8,BR,Brazil,Santa Terezinha,-21.0376,-53.967,WGS84,30,Tapirus terrestris,1,2018,8,20,MS040,paved (1 lane),Systematic,224,-20.555412,-54.555259,-21.298545,-52.840677,1095,2017,2020,2,2,2/month,Ascensao et al. 2021
6e27aeee-9034-4a3f-bb83-727a4690706f,BR,Brazil,Santa Terezinha,-21.0378,-53.9668,WGS84,30,Tapirus terrestris,1,2017,9,18,MS040,paved (1 lane),Systematic,224,-20.555412,-54.555259,-21.298545,-52.840677,1095,2017,2020,2,2,2/month,Ascensao et al. 2021
9479fc04-a377-49a2-b409-db59d86eabd4,BR,Brazil,Santa Terezinha,-21.0543,-53.9393,WGS84,30,Tapirus terrestris,1,2019,11,27,MS040,paved (1 lane),Systematic,224,-20.555412,-54.555259,-21.298545,-52.840677,1095,2017,2020,2,2,2/month,Ascensao et al. 2021
a7ddbe7c-eb38-4263-96be-d0188bc61114,BR,Brazil,Santa Terezinha,-21.0544,-53.9391,WGS84,30,Tapirus terrestris,1,2017,9,5,MS040,paved (1 lane),Systematic,224,-20.555412,-54.555259,-21.298545,-52.840677,1095,2017,2020,2,2,2/month,Ascensao et al. 2021
e89d54c1-574c-4d63-bbc8-7c30a9276e29,BR,Brazil,Santa Terezinha,-21.0583,-53.9326,WGS84,30,Tapirus terrestris,1,2018,2,5,MS040,paved (1 lane),Systematic,224,-20.555412,-54.555259,-21.298545,-52.840677,1095,2017,2020,2,2,2/month,Ascensao et al. 2021
c01069b4-c35e-4a7a-a0ac-1a2bcae2d22c,BR,Brazil,Santa Terezinha,-21.0742,-53.9064,WGS84,30,Tapirus terrestris,1,2018,6,12,MS040,paved (1 lane),Opportunistic,,,,,,,,,,,,
df2d4d31-014c-4bac-8e86-3ff67534be7f,BR,Brazil,Santa Terezinha,-21.0758,-53.9038,WGS84,30,Tapirus terrestris,1,2019,10,29,MS040,paved (1 lane),Systematic,224,-20.555412,-54.555259,-21.298545,-52.840677,1095,2017,2020,2,2,2/month,Ascensao et al. 2021
37b39e37-59ed-47a8-beb2-847cd25c7ebf,BR,Brazil,Santa Terezinha,-21.0781,-53.9,WGS84,30,Tapirus terrestris,1,2019,5,27,MS040,paved (1 lane),Systematic,224,-20.555412,-54.555259,-21.298545,-52.840677,1095,2017,2020,2,2,2/month,Ascensao et al. 2021
a4325e20-8479-4aa7-9478-6815f9a1085f,BR,Brazil,Santa Terezinha,-21.0841,-53.89,WGS84,30,Tapirus terrestris,1,2019,5,13,MS040,paved (1 lane),Systematic,224,-20.555412,-54.555259,-21.298545,-52.840677,1095,2017,2020,2,2,2/month,Ascensao et al. 2021
1ab45183-58fb-4a8d-8cdf-8b89d47eb669,BR,Brazil,Anhanduí,-21.0844,-53.8895,WGS84,30,Tapirus terrestris,1,2018,10,2,MS040,paved (1 lane),Systematic,224,-20.555412,-54.555259,-21.298545,-52.840677,1095,2017,2020,2,2,2/month,Ascensao et al. 2021
9f153346-1735-43e2-b249-05ddc0e7f48d,BR,Brazil,Anhanduí,-21.0853,-53.888,WGS84,30,Tapirus terrestris,1,2017,3,21,MS040,paved (1 lane),Systematic,224,-20.555412,-54.555259,-21.298545,-52.840677,1095,2017,2020,2,2,2/month,Ascensao et al. 2021
7c077090-d694-4248-a369-031f191c2010,BR,Brazil,Anhanduí,-21.0883,-53.8831,WGS84,30,Tapirus terrestris,1,2018,5,14,MS040,paved (1 lane),Systematic,224,-20.555412,-54.555259,-21.298545,-52.840677,1095,2017,2020,2,2,2/month,Ascensao et al. 2021
eb88b8b8-abb8-47c0-a4f7-b104c81ca6f0,BR,Brazil,Ribas do Rio Pardo,-21.0974,-53.7134,WGS84,30,Tapirus terrestris,1,2018,7,23,MS040,paved (1 lane),Systematic,224,-20.555412,-54.555259,-21.298545,-52.840677,1095,2017,2020,2,2,2/month,Ascensao et al. 2021
747a7565-d13d-4474-a0bb-650391fe0957,BR,Brazil,Ribas do Rio Pardo,-21.0974,-53.7136,WGS84,30,Tapirus terrestris,1,2019,7,11,MS040,paved (1 lane),Systematic,224,-20.555412,-54.555259,-21.298545,-52.840677,1095,2017,2020,2,2,2/month,Ascensao et al. 2021
4fab5ae1-392a-45a3-9bd6-c86aad9c88ae,BR,Brazil,Ribas do Rio Pardo,-21.0975,-53.7339,WGS84,30,Tapirus terrestris,1,2017,3,21,MS040,paved (1 lane),Systematic,224,-20.555412,-54.555259,-21.298545,-52.840677,1095,2017,2020,2,2,2/month,Ascensao et al. 2021
dfd1e2a1-224c-4175-9eea-636dc91972dc,BR,Brazil,Ribas do Rio Pardo,-21.0978,-53.7113,WGS84,30,Tapirus terrestris,1,2019,10,15,MS040,paved (1 lane),Systematic,224,-20.555412,-54.555259,-21.298545,-52.840677,1095,2017,2020,2,2,2/month,Ascensao et al. 2021
9bd9e14b-e183-4031-90ab-f6874b66ff9c,BR,Brazil,Ribas do Rio Pardo,-21.0981,-53.7188,WGS84,30,Tapirus terrestris,1,2019,2,18,MS040,paved (1 lane),Systematic,224,-20.555412,-54.555259,-21.298545,-52.840677,1095,2017,2020,2,2,2/month,Ascensao et al. 2021
5cc0e598-02b6-4e5e-8cb3-2d9e5c094728,BR,Brazil,Anhanduí,-21.0988,-53.8657,WGS84,30,Tapirus terrestris,1,2019,9,2,MS040,paved (1 lane),Systematic,224,-20.555412,-54.555259,-21.298545,-52.840677,1095,2017,2020,2,2,2/month,Ascensao et al. 2021
5fb43151-adbe-4aeb-acce-8a07967090e7,BR,Brazil,Anhanduí,-21.0989,-53.8655,WGS84,30,Tapirus terrestris,1,2019,5,27,MS040,paved (1 lane),Systematic,224,-20.555412,-54.555259,-21.298545,-52.840677,1095,2017,2020,2,2,2/month,Ascensao et al. 2021
c71179ea-7068-4ed5-9acc-f87572a09a13,BR,Brazil,Ribas do Rio Pardo,-21.0993,-53.7047,WGS84,30,Tapirus terrestris,1,2018,8,7,MS040,paved (1 lane),Systematic,224,-20.555412,-54.555259,-21.298545,-52.840677,1095,2017,2020,2,2,2/month,Ascensao et al. 2021
54b77b27-e7e9-4a3e-951b-3472cbb17f3c,BR,Brazil,Anhanduí,-21.1001,-53.8633,WGS84,30,Tapirus terrestris,1,2019,8,19,MS040,paved (1 lane),Systematic,224,-20.555412,-54.555259,-21.298545,-52.840677,1095,2017,2020,2,2,2/month,Ascensao et al. 2021
937ec53f-97cc-465c-804f-0b6a19b7469c,BR,Brazil,Ribas do Rio Pardo,-21.1015,-53.6948,WGS84,30,Tapirus terrestris,1,2017,12,10,MS040,paved (1 lane),Systematic,224,-20.555412,-54.555259,-21.298545,-52.840677,1095,2017,2020,2,2,2/month,Ascensao et al. 2021
e08cfcd1-12da-4ef8-92bd-bba63c26eed1,BR,Brazil,Ribas do Rio Pardo,-21.1017,-53.6939,WGS84,30,Tapirus terrestris,1,2017,11,3,MS040,paved (1 lane),Opportunistic,,,,,,,,,,,,
9a4b83d7-817c-4aa2-ab1f-0666152984b8,BR,Brazil,Ribas do Rio Pardo,-21.1024,-53.6905,WGS84,30,Tapirus terrestris,1,2018,11,26,MS040,paved (1 lane),Systematic,224,-20.555412,-54.555259,-21.298545,-52.840677,1095,2017,2020,2,2,2/month,Ascensao et al. 2021
321c8fd8-46c2-45ce-8907-eea8f1cc00e2,BR,Brazil,Ribas do Rio Pardo,-21.1036,-53.6851,WGS84,30,Tapirus terrestris,1,2019,8,7,MS040,paved (1 lane),Systematic,224,-20.555412,-54.555259,-21.298545,-52.840677,1095,2017,2020,2,2,2/month,Ascensao et al. 2021
a783f816-999b-4dc0-964c-3f53190457d2,BR,Brazil,Ribas do Rio Pardo,-21.1041,-53.7337,WGS84,30,Tapirus terrestris,1,2017,2,7,MS040,paved (1 lane),Systematic,224,-20.555412,-54.555259,-21.298545,-52.840677,1095,2017,2020,2,2,2/month,Ascensao et al. 2021
7c31c2fc-edaf-488e-ac84-f2cedb339990,BR,Brazil,Ribas do Rio Pardo,-21.1046,-53.7349,WGS84,30,Tapirus terrestris,1,2019,7,11,MS040,paved (1 lane),Systematic,224,-20.555412,-54.555259,-21.298545,-52.840677,1095,2017,2020,2,2,2/month,Ascensao et al. 2021
bcf221e5-db30-45bc-8bb7-c580f43596d4,BR,Brazil,Ribas do Rio Pardo,-21.1048,-53.7353,WGS84,30,Tapirus terrestris,1,2018,7,23,MS040,paved (1 lane),Systematic,224,-20.555412,-54.555259,-21.298545,-52.840677,1095,2017,2020,2,2,2/month,Ascensao et al. 2021
37a3cf7c-8737-4861-b4aa-08a6e6925fe7,BR,Brazil,Ribas do Rio Pardo,-21.1053,-53.7368,WGS84,30,Tapirus terrestris,1,2017,8,9,MS040,paved (1 lane),Systematic,224,-20.555412,-54.555259,-21.298545,-52.840677,1095,2017,2020,2,2,2/month,Ascensao et al. 2021
229993d0-f425-479b-a217-f8fb876fa1dc,BR,Brazil,Ribas do Rio Pardo,-21.1055,-53.6765,WGS84,30,Tapirus terrestris,1,2017,2,7,MS040,paved (1 lane),Systematic,224,-20.555412,-54.555259,-21.298545,-52.840677,1095,2017,2020,2,2,2/month,Ascensao et al. 2021
e0c44abc-d608-4ba5-9f7c-283478cde9c2,BR,Brazil,Anhanduí,-21.1063,-53.7393,WGS84,30,Tapirus terrestris,1,2017,8,9,MS040,paved (1 lane),Systematic,224,-20.555412,-54.555259,-21.298545,-52.840677,1095,2017,2020,2,2,2/month,Ascensao et al. 2021
bcd6047d-488b-4331-a4fe-4d2d6f38f4f8,BR,Brazil,Ribas do Rio Pardo,-21.1074,-53.6676,WGS84,30,Tapirus terrestris,1,2019,11,27,MS040,paved (1 lane),Systematic,224,-20.555412,-54.555259,-21.298545,-52.840677,1095,2017,2020,2,2,2/month,Ascensao et al. 2021
dfd35729-b9b2-4afa-b9c9-8985e7d2df38,BR,Brazil,Anhanduí,-21.1082,-53.8288,WGS84,30,Tapirus terrestris,1,2019,5,13,MS040,paved (1 lane),Systematic,224,-20.555412,-54.555259,-21.298545,-52.840677,1095,2017,2020,2,2,2/month,Ascensao et al. 2021
c8fdcdc5-ec4f-4684-851a-e87dd080a2b6,BR,Brazil,Anhanduí,-21.1084,-53.8139,WGS84,30,Tapirus terrestris,1,2018,10,15,MS040,paved (1 lane),Systematic,224,-20.555412,-54.555259,-21.298545,-52.840677,1095,2017,2020,2,2,2/month,Ascensao et al. 2021
5b8b818a-425a-4593-ab2c-565b24aa9faa,BR,Brazil,Anhanduí,-21.1085,-53.7993,WGS84,30,Tapirus terrestris,1,2018,10,30,MS040,paved (1 lane),Systematic,224,-20.555412,-54.555259,-21.298545,-52.840677,1095,2017,2020,2,2,2/month,Ascensao et al. 2021
0a5de1b3-9d1a-490d-96e7-8212c303aa87,BR,Brazil,Anhanduí,-21.1085,-53.8063,WGS84,30,Tapirus terrestris,1,2018,9,17,MS040,paved (1 lane),Systematic,224,-20.555412,-54.555259,-21.298545,-52.840677,1095,2017,2020,2,2,2/month,Ascensao et al. 2021
12a6796a-8c79-4f11-837e-2e2df33dd956,BR,Brazil,Anhanduí,-21.1085,-53.807,WGS84,30,Tapirus terrestris,1,2018,5,14,MS040,paved (1 lane),Systematic,224,-20.555412,-54.555259,-21.298545,-52.840677,1095,2017,2020,2,2,2/month,Ascensao et al. 2021
2c26d40a-2b15-4195-8e0e-6eb920694f40,BR,Brazil,Ribas do Rio Pardo,-21.1086,-53.6618,WGS84,30,Tapirus terrestris,1,2019,1,7,MS040,paved (1 lane),Systematic,224,-20.555412,-54.555259,-21.298545,-52.840677,1095,2017,2020,2,2,2/month,Ascensao et al. 2021
dfc6ce97-55a7-4124-bc0b-d68a9a53dfdb,BR,Brazil,Anhanduí,-21.1086,-53.795,WGS84,30,Tapirus terrestris,1,2018,8,20,MS040,paved (1 lane),Systematic,224,-20.555412,-54.555259,-21.298545,-52.840677,1095,2017,2020,2,2,2/month,Ascensao et al. 2021
d6a60973-a6ef-4d18-9855-8ac7857c87ea,BR,Brazil,Ribas do Rio Pardo,-21.1087,-53.6617,WGS84,30,Tapirus terrestris,1,2019,2,18,MS040,paved (1 lane),Systematic,224,-20.555412,-54.555259,-21.298545,-52.840677,1095,2017,2020,2,2,2/month,Ascensao et al. 2021
4ce263a3-fe17-42cd-b0a5-f31eecc7617d,BR,Brazil,Anhanduí,-21.1088,-53.7803,WGS84,30,Tapirus terrestris,1,2019,12,21,MS040,paved (1 lane),Systematic,224,-20.555412,-54.555259,-21.298545,-52.840677,1095,2017,2020,2,2,2/month,Ascensao et al. 2021
9cea2fae-c425-4ca2-8d6a-ce50f8052a6f,BR,Brazil,Anhanduí,-21.1093,-53.7511,WGS84,30,Tapirus terrestris,1,2018,2,19,MS040,paved (1 lane),Systematic,224,-20.555412,-54.555259,-21.298545,-52.840677,1095,2017,2020,2,2,2/month,Ascensao et al. 2021
a7b949de-d3a2-446a-a4b0-a1422bebd983,BR,Brazil,Anhanduí,-21.1093,-53.7512,WGS84,30,Tapirus terrestris,1,2018,3,5,MS040,paved (1 lane),Systematic,224,-20.555412,-54.555259,-21.298545,-52.840677,1095,2017,2020,2,2,2/month,Ascensao et al. 2021
9583b94f-9546-4709-98e8-f01c0789c12b,BR,Brazil,Ribas do Rio Pardo,-21.1104,-53.6535,WGS84,30,Tapirus terrestris,1,2018,12,10,MS040,paved (1 lane),Systematic,224,-20.555412,-54.555259,-21.298545,-52.840677,1095,2017,2020,2,2,2/month,Ascensao et al. 2021
bde017d6-f6f1-4bc1-87fe-76f1119f4675,BR,Brazil,Ribas do Rio Pardo,-21.1104,-53.6537,WGS84,30,Tapirus terrestris,1,2019,1,21,MS040,paved (1 lane),Systematic,224,-20.555412,-54.555259,-21.298545,-52.840677,1095,2017,2020,2,2,2/month,Ascensao et al. 2021
2b134226-f503-46d9-94a8-dfbfb7b21ac0,BR,Brazil,Ribas do Rio Pardo,-21.1114,-53.6489,WGS84,30,Tapirus terrestris,1,2019,10,15,MS040,paved (1 lane),Systematic,224,-20.555412,-54.555259,-21.298545,-52.840677,1095,2017,2020,2,2,2/month,Ascensao et al. 2021
8894752b-7b7e-455b-b82d-92f483b77bd7,BR,Brazil,Ribas do Rio Pardo,-21.1114,-53.6489,WGS84,30,Tapirus terrestris,1,2019,7,11,MS040,paved (1 lane),Systematic,224,-20.555412,-54.555259,-21.298545,-52.840677,1095,2017,2020,2,2,2/month,Ascensao et al. 2021
167f5930-9adb-4505-be3b-741f2e4f2183,BR,Brazil,Ribas do Rio Pardo,-21.1114,-53.649,WGS84,30,Tapirus terrestris,1,2019,9,17,MS040,paved (1 lane),Systematic,224,-20.555412,-54.555259,-21.298545,-52.840677,1095,2017,2020,2,2,2/month,Ascensao et al. 2021
ade5c068-4b7d-42f8-a076-88a153c8344f,BR,Brazil,Ribas do Rio Pardo,-21.1122,-53.6455,WGS84,30,Tapirus terrestris,1,2017,2,7,MS040,paved (1 lane),Systematic,224,-20.555412,-54.555259,-21.298545,-52.840677,1095,2017,2020,2,2,2/month,Ascensao et al. 2021
3d88ea6c-e729-40da-847b-51d18e6d2b7f,BR,Brazil,Ribas do Rio Pardo,-21.1141,-53.6366,WGS84,30,Tapirus terrestris,1,2017,2,7,MS040,paved (1 lane),Systematic,224,-20.555412,-54.555259,-21.298545,-52.840677,1095,2017,2020,2,2,2/month,Ascensao et al. 2021
b299fae9-8286-44b5-9285-0f81b7118a0d,BR,Brazil,Ribas do Rio Pardo,-21.1152,-53.6314,WGS84,30,Tapirus terrestris,1,2018,7,9,MS040,paved (1 lane),Systematic,224,-20.555412,-54.555259,-21.298545,-52.840677,1095,2017,2020,2,2,2/month,Ascensao et al. 2021
a9a94465-a487-4f7b-963f-be79b968dd25,BR,Brazil,Ribas do Rio Pardo,-21.1154,-53.6307,WGS84,30,Tapirus terrestris,1,2017,2,7,MS040,paved (1 lane),Systematic,224,-20.555412,-54.555259,-21.298545,-52.840677,1095,2017,2020,2,2,2/month,Ascensao et al. 2021
b0d04572-bf78-492c-a1dd-3f65b915e569,BR,Brazil,Ribas do Rio Pardo,-21.1267,-53.5784,WGS84,30,Tapirus terrestris,1,2019,9,2,MS040,paved (1 lane),Systematic,224,-20.555412,-54.555259,-21.298545,-52.840677,1095,2017,2020,2,2,2/month,Ascensao et al. 2021
fcf6088c-38a0-40e5-a1d1-5dd65dc864bf,BR,Brazil,Ribas do Rio Pardo,-21.1268,-53.5779,WGS84,30,Tapirus terrestris,1,2019,10,15,MS040,paved (1 lane),Systematic,224,-20.555412,-54.555259,-21.298545,-52.840677,1095,2017,2020,2,2,2/month,Ascensao et al. 2021
83107e30-3798-4a3b-b160-6d1407fe864c,BR,Brazil,Ribas do Rio Pardo,-21.1268,-53.5779,WGS84,30,Tapirus terrestris,1,2019,6,23,MS040,paved (1 lane),Systematic,224,-20.555412,-54.555259,-21.298545,-52.840677,1095,2017,2020,2,2,2/month,Ascensao et al. 2021
d5c08833-4fc1-4866-a1b0-31d80e7b3f88,BR,Brazil,Ribas do Rio Pardo,-21.1268,-53.578,WGS84,30,Tapirus terrestris,1,2019,9,2,MS040,paved (1 lane),Systematic,224,-20.555412,-54.555259,-21.298545,-52.840677,1095,2017,2020,2,2,2/month,Ascensao et al. 2021
76ca4fb2-4e58-40ce-be59-dcf28f939e19,BR,Brazil,Ribas do Rio Pardo,-21.1335,-53.5488,WGS84,30,Tapirus terrestris,1,2019,4,17,MS040,paved (1 lane),Systematic,224,-20.555412,-54.555259,-21.298545,-52.840677,1095,2017,2020,2,2,2/month,Ascensao et al. 2021
14c10532-c57e-41ad-8b01-78f9d0bca910,BR,Brazil,Ribas do Rio Pardo,-21.1336,-53.548,WGS84,30,Tapirus terrestris,1,2019,2,4,MS040,paved (1 lane),Systematic,224,-20.555412,-54.555259,-21.298545,-52.840677,1095,2017,2020,2,2,2/month,Ascensao et al. 2021
2a65cbe0-9c4a-4763-8fad-a8cf9359338c,BR,Brazil,Ribas do Rio Pardo,-21.1371,-53.4844,WGS84,30,Tapirus terrestris,1,2018,11,13,MS040,paved (1 lane),Systematic,224,-20.555412,-54.555259,-21.298545,-52.840677,1095,2017,2020,2,2,2/month,Ascensao et al. 2021
b6696dec-b28e-42f7-b58a-974d1f6bd7f8,BR,Brazil,Ribas do Rio Pardo,-21.1372,-53.485,WGS84,30,Tapirus terrestris,1,2017,6,12,MS040,paved (1 lane),Systematic,224,-20.555412,-54.555259,-21.298545,-52.840677,1095,2017,2020,2,2,2/month,Ascensao et al. 2021
b753f7b4-382e-4d57-9258-91bb6e1269b6,BR,Brazil,Ribas do Rio Pardo,-21.1385,-53.5276,WGS84,30,Tapirus terrestris,1,2017,9,4,MS040,paved (1 lane),Opportunistic,,,,,,,,,,,,
b63b95a4-d5f1-494c-8975-a31069fd5f27,BR,Brazil,Ribas do Rio Pardo,-21.1386,-53.5276,WGS84,30,Tapirus terrestris,1,2017,10,3,MS040,paved (1 lane),Systematic,224,-20.555412,-54.555259,-21.298545,-52.840677,1095,2017,2020,2,2,2/month,Ascensao et al. 2021
71cd9de2-d214-493f-bf51-9e8a4ced29db,BR,Brazil,Ribas do Rio Pardo,-21.1393,-53.5098,WGS84,30,Tapirus terrestris,1,2019,7,23,MS040,paved (1 lane),Systematic,224,-20.555412,-54.555259,-21.298545,-52.840677,1095,2017,2020,2,2,2/month,Ascensao et al. 2021
96dc6747-0782-444d-9ccd-6990b543daab,BR,Brazil,Ribas do Rio Pardo,-21.1404,-53.1453,WGS84,30,Tapirus terrestris,1,2019,2,18,MS040,paved (1 lane),Systematic,224,-20.555412,-54.555259,-21.298545,-52.840677,1095,2017,2020,2,2,2/month,Ascensao et al. 2021
659cc88c-face-468d-b695-c7d96ec28d92,BR,Brazil,Ribas do Rio Pardo,-21.1404,-53.1454,WGS84,30,Tapirus terrestris,1,2019,1,7,MS040,paved (1 lane),Systematic,224,-20.555412,-54.555259,-21.298545,-52.840677,1095,2017,2020,2,2,2/month,Ascensao et al. 2021
d449be23-8c03-423d-95ca-d084a1c3773f,BR,Brazil,Ribas do Rio Pardo,-21.1407,-53.1468,WGS84,30,Tapirus terrestris,1,2018,9,3,MS040,paved (1 lane),Systematic,224,-20.555412,-54.555259,-21.298545,-52.840677,1095,2017,2020,2,2,2/month,Ascensao et al. 2021
59878b43-7bb9-4438-ba21-2d62386a41d7,BR,Brazil,Santa Rita do Pardo,-21.1476,-53.0983,WGS84,30,Tapirus terrestris,1,2019,4,17,MS040,paved (1 lane),Systematic,224,-20.555412,-54.555259,-21.298545,-52.840677,1095,2017,2020,2,2,2/month,Ascensao et al. 2021
4f2ee915-681f-4683-ac7d-0853abd33362,BR,Brazil,Santa Rita do Pardo,-21.1508,-53.0891,WGS84,30,Tapirus terrestris,1,2017,9,3,MS040,paved (1 lane),Opportunistic,,,,,,,,,,,,
572ea74e-45cd-4c3e-9334-e3bec87ad578,BR,Brazil,Santa Rita do Pardo,-21.1538,-53.0809,WGS84,30,Tapirus terrestris,1,2017,11,7,MS040,paved (1 lane),Opportunistic,,,,,,,,,,,,
5a1d9e5c-2adc-42c8-a8c0-b80261ee6bf5,BR,Brazil,Ribas do Rio Pardo,-21.1552,-53.4052,WGS84,30,Tapirus terrestris,1,2018,4,1,MS040,paved (1 lane),Systematic,224,-20.555412,-54.555259,-21.298545,-52.840677,1095,2017,2020,2,2,2/month,Ascensao et al. 2021
8c80155d-2494-45ad-983f-53b4a1274b58,BR,Brazil,Ribas do Rio Pardo,-21.1555,-53.4047,WGS84,30,Tapirus terrestris,1,2019,2,4,MS040,paved (1 lane),Systematic,224,-20.555412,-54.555259,-21.298545,-52.840677,1095,2017,2020,2,2,2/month,Ascensao et al. 2021
4b8f8b91-e088-4e3c-8af0-e123e06feaa2,BR,Brazil,Santa Rita do Pardo,-21.1556,-53.0759,WGS84,30,Tapirus terrestris,1,2018,12,10,MS040,paved (1 lane),Systematic,224,-20.555412,-54.555259,-21.298545,-52.840677,1095,2017,2020,2,2,2/month,Ascensao et al. 2021
7ffa3636-f629-47ce-8245-d5e8a1870c24,BR,Brazil,Santa Rita do Pardo,-21.1556,-53.0759,WGS84,30,Tapirus terrestris,1,2018,7,9,MS040,paved (1 lane),Systematic,224,-20.555412,-54.555259,-21.298545,-52.840677,1095,2017,2020,2,2,2/month,Ascensao et al. 2021
b95f38cb-7b5a-4ac8-9b18-522d922ee071,BR,Brazil,Ribas do Rio Pardo,-21.1625,-53.3953,WGS84,30,Tapirus terrestris,1,2019,4,17,MS040,paved (1 lane),Systematic,224,-20.555412,-54.555259,-21.298545,-52.840677,1095,2017,2020,2,2,2/month,Ascensao et al. 2021
42eb685d-977b-4956-b568-ca5d45ea0a36,BR,Brazil,Ribas do Rio Pardo,-21.1636,-53.3939,WGS84,30,Tapirus terrestris,1,2018,9,17,MS040,paved (1 lane),Systematic,224,-20.555412,-54.555259,-21.298545,-52.840677,1095,2017,2020,2,2,2/month,Ascensao et al. 2021
b450a9ed-63ab-4b9d-bfeb-b099a76c031f,BR,Brazil,Ribas do Rio Pardo,-21.1711,-53.3837,WGS84,30,Tapirus terrestris,1,2017,10,24,MS040,paved (1 lane),Opportunistic,,,,,,,,,,,,
045865cd-b766-4c7a-8980-579cb6ca15de,BR,Brazil,Ribas do Rio Pardo,-21.1735,-53.2562,WGS84,30,Tapirus terrestris,1,2017,4,18,MS040,paved (1 lane),Systematic,224,-20.555412,-54.555259,-21.298545,-52.840677,1095,2017,2020,2,2,2/month,Ascensao et al. 2021
731fb726-8735-4ff4-97be-c7529cf7104e,BR,Brazil,Ribas do Rio Pardo,-21.1736,-53.2562,WGS84,30,Tapirus terrestris,1,2017,10,10,MS040,paved (1 lane),Opportunistic,,,,,,,,,,,,
7d7c70f3-8045-469c-b9b8-2f83de072895,BR,Brazil,Ribas do Rio Pardo,-21.1738,-53.2617,WGS84,30,Tapirus terrestris,1,2017,7,11,MS040,paved (1 lane),Systematic,224,-20.555412,-54.555259,-21.298545,-52.840677,1095,2017,2020,2,2,2/month,Ascensao et al. 2021
a294c997-c1cb-4cb5-845b-7ba7c12cd8da,BR,Brazil,Ribas do Rio Pardo,-21.174,-53.2569,WGS84,30,Tapirus terrestris,1,2019,7,11,MS040,paved (1 lane),Systematic,224,-20.555412,-54.555259,-21.298545,-52.840677,1095,2017,2020,2,2,2/month,Ascensao et al. 2021
ede4c95c-d8b2-464c-8c65-98fab195c809,BR,Brazil,Ribas do Rio Pardo,-21.1763,-53.2602,WGS84,30,Tapirus terrestris,1,2019,6,23,MS040,paved (1 lane),Systematic,224,-20.555412,-54.555259,-21.298545,-52.840677,1095,2017,2020,2,2,2/month,Ascensao et al. 2021
2afe7974-8a42-43a4-a861-337d43a888c4,BR,Brazil,Ribas do Rio Pardo,-21.1767,-53.2609,WGS84,30,Tapirus terrestris,1,2017,9,5,MS040,paved (1 lane),Systematic,224,-20.555412,-54.555259,-21.298545,-52.840677,1095,2017,2020,2,2,2/month,Ascensao et al. 2021
47f0f208-b16d-4e39-9dec-509ac8bbdca6,BR,Brazil,Ribas do Rio Pardo,-21.1774,-53.2618,WGS84,30,Tapirus terrestris,1,2017,7,25,MS040,paved (1 lane),Systematic,224,-20.555412,-54.555259,-21.298545,-52.840677,1095,2017,2020,2,2,2/month,Ascensao et al. 2021
0f4d16d8-36b9-4263-93d1-8169e9addd90,BR,Brazil,Ribas do Rio Pardo,-21.1778,-53.2623,WGS84,30,Tapirus terrestris,1,2017,5,16,MS040,paved (1 lane),Systematic,224,-20.555412,-54.555259,-21.298545,-52.840677,1095,2017,2020,2,2,2/month,Ascensao et al. 2021
4d63f1dc-3810-4b5d-9b28-8ba1bb93f6a4,BR,Brazil,Ribas do Rio Pardo,-21.1791,-53.2645,WGS84,30,Tapirus terrestris,1,2017,5,16,MS040,paved (1 lane),Systematic,224,-20.555412,-54.555259,-21.298545,-52.840677,1095,2017,2020,2,2,2/month,Ascensao et al. 2021
9e385919-e1be-47da-b9ec-7cc86d3f1ddf,BR,Brazil,Ribas do Rio Pardo,-21.1793,-53.2646,WGS84,30,Tapirus terrestris,1,2019,9,17,MS040,paved (1 lane),Systematic,224,-20.555412,-54.555259,-21.298545,-52.840677,1095,2017,2020,2,2,2/month,Ascensao et al. 2021
0a7ba541-cf3d-44a2-8913-e1277518bb44,BR,Brazil,Santa Rita do Pardo,-21.1939,-53.008,WGS84,30,Tapirus terrestris,1,2017,7,11,MS040,paved (1 lane),Systematic,224,-20.555412,-54.555259,-21.298545,-52.840677,1095,2017,2020,2,2,2/month,Ascensao et al. 2021
308ac244-1985-4283-a87e-075323260dd8,BR,Brazil,Santa Rita do Pardo,-21.2174,-52.9919,WGS84,30,Tapirus terrestris,1,2018,12,10,MS040,paved (1 lane),Systematic,224,-20.555412,-54.555259,-21.298545,-52.840677,1095,2017,2020,2,2,2/month,Ascensao et al. 2021
ae8fa88d-720e-44a5-852b-f6530824bc6f,BR,Brazil,Santa Rita do Pardo,-21.2418,-52.9419,WGS84,30,Tapirus terrestris,1,2017,7,11,MS040,paved (1 lane),Systematic,224,-20.555412,-54.555259,-21.298545,-52.840677,1095,2017,2020,2,2,2/month,Ascensao et al. 2021
f1869178-e22f-472a-b5eb-16b122803adf,BR,Brazil,Santa Rita do Pardo,-21.417,-52.7165,WGS84,30,Tapirus terrestris,1,2017,4,3,MS338,paved (1 lane),Systematic,66,-21.305851,-52.823607,-21.708195,-52.41904,1095,2017,2020,2,2,2/month,Ascensao et al. 2021
8cd62e46-ecc0-48a7-993f-8311699e1b56,BR,Brazil,Santa Rita do Pardo,-21.4384,-52.6777,WGS84,30,Tapirus terrestris,1,2019,7,24,BR267,paved (1 lane),Systematic,218,-21.720513,-52.429734,-21.472666,-54.381453,1095,2017,2020,2,2,2/month,Ascensao et al. 2021
bcb9ca44-0348-4ba9-941e-1d1b48743060,BR,Brazil,Nova Alvorada do Sul,-21.5382,-54.181,WGS84,30,Tapirus terrestris,1,2018,3,19,BR267,paved (1 lane),Systematic,218,-21.720513,-52.429734,-21.472666,-54.381453,1095,2017,2020,2,2,2/month,Ascensao et al. 2021
893ea58f-2e38-428c-be40-a1514a1e3db7,BR,Brazil,Nova Alvorada do Sul,-21.5397,-54.1664,WGS84,30,Tapirus terrestris,1,2019,12,9,BR267,paved (1 lane),Systematic,218,-21.720513,-52.429734,-21.472666,-54.381453,1095,2017,2020,2,2,2/month,Ascensao et al. 2021
f56f598b-2f18-4e0f-8534-b51b6890e149,BR,Brazil,Santa Rita do Pardo,-21.5795,-52.5004,WGS84,30,Tapirus terrestris,1,2019,6,23,MS338,paved (1 lane),Systematic,66,-21.305851,-52.823607,-21.708195,-52.41904,1095,2017,2020,2,2,2/month,Ascensao et al. 2021
4531fbfd-d318-4a8b-8b1f-33e0551c8355,BR,Brazil,Santa Rita do Pardo,-21.5801,-52.4998,WGS84,30,Tapirus terrestris,1,2019,2,18,MS338,paved (1 lane),Systematic,66,-21.305851,-52.823607,-21.708195,-52.41904,1095,2017,2020,2,2,2/month,Ascensao et al. 2021
e54589c8-79a9-461b-adc1-32eb1fedfab7,BR,Brazil,Santa Rita do Pardo,-21.5802,-52.4997,WGS84,30,Tapirus terrestris,1,2018,11,13,MS338,paved (1 lane),Systematic,66,-21.305851,-52.823607,-21.708195,-52.41904,1095,2017,2020,2,2,2/month,Ascensao et al. 2021
15a5e770-7382-428a-9e1c-4fdee0c32603,BR,Brazil,Nova Alvorada do Sul,-21.5867,-53.9438,WGS84,30,Tapirus terrestris,1,2017,6,28,BR267,paved (1 lane),Systematic,218,-21.720513,-52.429734,-21.472666,-54.381453,1095,2017,2020,2,2,2/month,Ascensao et al. 2021
5e3f21d6-2b62-466e-86cb-a081fbbe1fbf,BR,Brazil,Nova Alvorada do Sul,-21.5868,-53.9474,WGS84,30,Tapirus terrestris,1,2017,9,5,BR267,paved (1 lane),Systematic,218,-21.720513,-52.429734,-21.472666,-54.381453,1095,2017,2020,2,2,2/month,Ascensao et al. 2021
37accd56-51d6-4a9c-887c-73c0df8e6aa6,BR,Brazil,Nova Alvorada do Sul,-21.5882,-53.9083,WGS84,30,Tapirus terrestris,1,2020,2,6,BR267,paved (1 lane),Systematic,218,-21.720513,-52.429734,-21.472666,-54.381453,1095,2017,2020,2,2,2/month,Ascensao et al. 2021
fefcc66e-ad79-4479-ad73-b0784ae27f35,BR,Brazil,Nova Alvorada do Sul,-21.5885,-53.9706,WGS84,30,Tapirus terrestris,1,2019,1,7,BR267,paved (1 lane),Systematic,218,-21.720513,-52.429734,-21.472666,-54.381453,1095,2017,2020,2,2,2/month,Ascensao et al. 2021
8febe63c-8a87-4a7a-8a03-0404df68aca3,BR,Brazil,Nova Alvorada do Sul,-21.5887,-53.9715,WGS84,30,Tapirus terrestris,1,2017,6,12,BR267,paved (1 lane),Systematic,218,-21.720513,-52.429734,-21.472666,-54.381453,1095,2017,2020,2,2,2/month,Ascensao et al. 2021
607f2feb-c28c-4a3c-b750-7adaad9e4c6d,BR,Brazil,Nova Alvorada do Sul,-21.5899,-53.9898,WGS84,30,Tapirus terrestris,1,2019,10,15,BR267,paved (1 lane),Systematic,218,-21.720513,-52.429734,-21.472666,-54.381453,1095,2017,2020,2,2,2/month,Ascensao et al. 2021
7cff3d7e-8cc6-4299-8a66-b615810c976e,BR,Brazil,Nova Alvorada do Sul,-21.5918,-54.0845,WGS84,30,Tapirus terrestris,1,2019,6,23,BR267,paved (1 lane),Systematic,218,-21.720513,-52.429734,-21.472666,-54.381453,1095,2017,2020,2,2,2/month,Ascensao et al. 2021
1c405ead-abb7-4474-9ec9-32a11f750faa,BR,Brazil,Nova Alvorada do Sul,-21.5949,-54.0742,WGS84,30,Tapirus terrestris,1,2019,9,30,BR267,paved (1 lane),Systematic,218,-21.720513,-52.429734,-21.472666,-54.381453,1095,2017,2020,2,2,2/month,Ascensao et al. 2021
4f31bc5d-b61d-4d8e-89de-6effd7fdfe13,BR,Brazil,Nova Alvorada do Sul,-21.5983,-53.8763,WGS84,30,Tapirus terrestris,1,2017,12,20,BR267,paved (1 lane),Systematic,218,-21.720513,-52.429734,-21.472666,-54.381453,1095,2017,2020,2,2,2/month,Ascensao et al. 2021
209147f6-1c10-48e0-8ab6-da521f4df72d,BR,Brazil,Nova Alvorada do Sul,-21.6025,-53.8289,WGS84,30,Tapirus terrestris,1,2020,1,9,BR267,paved (1 lane),Systematic,218,-21.720513,-52.429734,-21.472666,-54.381453,1095,2017,2020,2,2,2/month,Ascensao et al. 2021
8aee5c8a-ffea-447a-9686-a181d208a528,BR,Brazil,Nova Alvorada do Sul,-21.6028,-53.8248,WGS84,30,Tapirus terrestris,1,2019,4,17,BR267,paved (1 lane),Systematic,218,-21.720513,-52.429734,-21.472666,-54.381453,1095,2017,2020,2,2,2/month,Ascensao et al. 2021
b5b633dc-7ede-47ee-ab2d-7d94c65dcc5d,BR,Brazil,Nova Alvorada do Sul,-21.6039,-53.8133,WGS84,30,Tapirus terrestris,1,2019,4,29,BR267,paved (1 lane),Systematic,218,-21.720513,-52.429734,-21.472666,-54.381453,1095,2017,2020,2,2,2/month,Ascensao et al. 2021
c5609b97-eade-4b94-a2ac-88f7827fa37d,BR,Brazil,Nova Alvorada do Sul,-21.6051,-53.7993,WGS84,30,Tapirus terrestris,1,2019,6,9,BR267,paved (1 lane),Systematic,218,-21.720513,-52.429734,-21.472666,-54.381453,1095,2017,2020,2,2,2/month,Ascensao et al. 2021
03d9c852-301a-4cdd-8697-372fcf58b533,BR,Brazil,Nova Alvorada do Sul,-21.6054,-53.7954,WGS84,30,Tapirus terrestris,1,2019,10,29,BR267,paved (1 lane),Systematic,218,-21.720513,-52.429734,-21.472666,-54.381453,1095,2017,2020,2,2,2/month,Ascensao et al. 2021
b9985a3d-35b4-41ae-82fd-2feefdb4ca2b,BR,Brazil,Nova Alvorada do Sul,-21.605,-53.7996,WGS84,30,Tapirus terrestris,1,2018,6,13,BR267,paved (1 lane),Opportunistic,,,,,,,,,,,,
b1d374fb-7dd6-4cd2-a80e-76492cc66a3d,BR,Brazil,Nova Alvorada do Sul,-21.6074,-53.7782,WGS84,30,Tapirus terrestris,1,2018,6,13,BR267,paved (1 lane),Opportunistic,,,,,,,,,,,,
ccfd3890-3cb0-40f2-b9a6-755882efe1cc,BR,Brazil,Nova Alvorada do Sul,-21.6093,-53.7624,WGS84,30,Tapirus terrestris,1,2019,10,15,BR267,paved (1 lane),Systematic,218,-21.720513,-52.429734,-21.472666,-54.381453,1095,2017,2020,2,2,2/month,Ascensao et al. 2021
dc97d41b-1ff3-4c4c-804c-725f75846d1b,BR,Brazil,Nova Alvorada do Sul,-21.6094,-53.7619,WGS84,30,Tapirus terrestris,1,2019,11,13,BR267,paved (1 lane),Systematic,218,-21.720513,-52.429734,-21.472666,-54.381453,1095,2017,2020,2,2,2/month,Ascensao et al. 2021
fd327704-f504-4363-98ec-db7bb9bed8b6,BR,Brazil,Nova Alvorada do Sul,-21.6094,-53.7622,WGS84,30,Tapirus terrestris,1,2019,9,17,BR267,paved (1 lane),Systematic,218,-21.720513,-52.429734,-21.472666,-54.381453,1095,2017,2020,2,2,2/month,Ascensao et al. 2021
c472b662-f85c-496f-a756-d75e497e6fcf,BR,Brazil,Nova Alvorada do Sul,-21.6096,-53.7604,WGS84,30,Tapirus terrestris,1,2018,5,29,BR267,paved (1 lane),Systematic,218,-21.720513,-52.429734,-21.472666,-54.381453,1095,2017,2020,2,2,2/month,Ascensao et al. 2021
a0f755ec-f54c-4f6b-8ccf-a348c4c025ad,BR,Brazil,Nova Alvorada do Sul,-21.6115,-53.7442,WGS84,30,Tapirus terrestris,1,2018,4,19,BR267,paved (1 lane),Systematic,218,-21.720513,-52.429734,-21.472666,-54.381453,1095,2017,2020,2,2,2/month,Ascensao et al. 2021
38a4a8ca-f632-435e-b392-569706fcb92f,BR,Brazil,Nova Alvorada do Sul,-21.6159,-53.7074,WGS84,30,Tapirus terrestris,1,2018,9,3,BR267,paved (1 lane),Systematic,218,-21.720513,-52.429734,-21.472666,-54.381453,1095,2017,2020,2,2,2/month,Ascensao et al. 2021
734c080b-692f-4948-98a8-698fba9c1b79,BR,Brazil,Nova Andradina,-21.6316,-53.582,WGS84,30,Tapirus terrestris,1,2018,4,1,BR267,paved (1 lane),Systematic,218,-21.720513,-52.429734,-21.472666,-54.381453,1095,2017,2020,2,2,2/month,Ascensao et al. 2021
bcf6f818-0937-4fce-9698-57029439ce81,BR,Brazil,Nova Andradina,-21.6321,-53.5776,WGS84,30,Tapirus terrestris,1,2018,10,2,BR267,paved (1 lane),Systematic,218,-21.720513,-52.429734,-21.472666,-54.381453,1095,2017,2020,2,2,2/month,Ascensao et al. 2021
cb794b85-c72b-4368-86a2-dc6d333ac1a9,BR,Brazil,Nova Andradina,-21.6324,-53.5741,WGS84,30,Tapirus terrestris,1,2018,4,19,BR267,paved (1 lane),Systematic,218,-21.720513,-52.429734,-21.472666,-54.381453,1095,2017,2020,2,2,2/month,Ascensao et al. 2021
45c41bca-c98a-40a8-a7f8-d4ce566d7b7c,BR,Brazil,Nova Andradina,-21.6339,-53.5614,WGS84,30,Tapirus terrestris,1,2017,3,21,BR267,paved (1 lane),Systematic,218,-21.720513,-52.429734,-21.472666,-54.381453,1095,2017,2020,2,2,2/month,Ascensao et al. 2021
c2460725-c113-4730-bf7b-2e528b43c68f,BR,Brazil,Nova Andradina,-21.6381,-53.5275,WGS84,30,Tapirus terrestris,1,2018,4,30,BR267,paved (1 lane),Systematic,218,-21.720513,-52.429734,-21.472666,-54.381453,1095,2017,2020,2,2,2/month,Ascensao et al. 2021
8b417df5-e48c-4eb8-87df-39d3ccaf4846,BR,Brazil,Nova Andradina,-21.6383,-53.5257,WGS84,30,Tapirus terrestris,1,2019,9,30,BR267,paved (1 lane),Systematic,218,-21.720513,-52.429734,-21.472666,-54.381453,1095,2017,2020,2,2,2/month,Ascensao et al. 2021
211566b7-8318-47e6-8a14-d2531427c684,BR,Brazil,Nova Casa Verde,-21.6393,-53.5148,WGS84,30,Tapirus terrestris,1,2018,4,19,BR267,paved (1 lane),Systematic,218,-21.720513,-52.429734,-21.472666,-54.381453,1095,2017,2020,2,2,2/month,Ascensao et al. 2021
0caa8d0e-7818-4108-950c-d0b588440e3f,BR,Brazil,Nova Alvorada do Sul,-21.639,-53.8255,WGS84,30,Tapirus terrestris,1,2019,4,24,BR267,paved (1 lane),Opportunistic,,,,,,,,,,,,
7d70e604-7094-470d-91ae-d994b5a1ae17,BR,Brazil,Nova Andradina,-21.6505,-53.4577,WGS84,30,Tapirus terrestris,1,2018,7,23,BR267,paved (1 lane),Systematic,218,-21.720513,-52.429734,-21.472666,-54.381453,1095,2017,2020,2,2,2/month,Ascensao et al. 2021
32f32af2-f38b-4814-90cb-0507b239d289,BR,Brazil,Nova Andradina,-21.6528,-53.4531,WGS84,30,Tapirus terrestris,1,2018,3,19,BR267,paved (1 lane),Systematic,218,-21.720513,-52.429734,-21.472666,-54.381453,1095,2017,2020,2,2,2/month,Ascensao et al. 2021
1dabed37-53f8-4e21-8720-3567c4e65b01,BR,Brazil,Nova Andradina,-21.6716,-53.4172,WGS84,30,Tapirus terrestris,1,2019,4,29,BR267,paved (1 lane),Systematic,218,-21.720513,-52.429734,-21.472666,-54.381453,1095,2017,2020,2,2,2/month,Ascensao et al. 2021
783829fc-0de7-4b29-ae13-75c7865bcac1,BR,Brazil,Nova Andradina,-21.704,-53.3567,WGS84,30,Tapirus terrestris,1,2019,11,27,BR267,paved (1 lane),Systematic,218,-21.720513,-52.429734,-21.472666,-54.381453,1095,2017,2020,2,2,2/month,Ascensao et al. 2021
4422bafd-7174-431d-ba3d-2a096361c826,BR,Brazil,Nova Andradina,-21.7207,-53.3265,WGS84,30,Tapirus terrestris,1,2019,9,17,BR267,paved (1 lane),Systematic,218,-21.720513,-52.429734,-21.472666,-54.381453,1095,2017,2020,2,2,2/month,Ascensao et al. 2021
ca6c296c-9d18-42cf-8f67-a1dfda099933,BR,Brazil,Nova Casa Verde,-21.7483,-53.2764,WGS84,30,Tapirus terrestris,1,2018,2,19,BR267,paved (1 lane),Systematic,218,-21.720513,-52.429734,-21.472666,-54.381453,1095,2017,2020,2,2,2/month,Ascensao et al. 2021
5a4df83e-cb0b-49e2-805c-967ab5618c11,BR,Brazil,Nova Andradina,-21.7582,-53.2428,WGS84,30,Tapirus terrestris,1,2019,6,23,BR267,paved (1 lane),Systematic,218,-21.720513,-52.429734,-21.472666,-54.381453,1095,2017,2020,2,2,2/month,Ascensao et al. 2021
bc64cfcd-8ae8-4849-9732-ffb7543c8095,BR,Brazil,Nova Andradina,-21.7788,-53.1924,WGS84,30,Tapirus terrestris,1,2019,10,15,BR267,paved (1 lane),Systematic,218,-21.720513,-52.429734,-21.472666,-54.381453,1095,2017,2020,2,2,2/month,Ascensao et al. 2021
47649fcc-2e80-4037-baef-e87a5b4dffca,BR,Brazil,Guarani,-21.8038,-52.527,WGS84,30,Tapirus terrestris,2,2018,8,7,BR267,paved (1 lane),Systematic,218,-21.720513,-52.429734,-21.472666,-54.381453,1095,2017,2020,2,2,2/month,Ascensao et al. 2021
b51f8257-f889-4c60-baa0-9d1900073a12,BR,Brazil,Anaurilândia,-21.8483,-52.7138,WGS84,30,Tapirus terrestris,1,2018,8,7,BR267,paved (1 lane),Systematic,218,-21.720513,-52.429734,-21.472666,-54.381453,1095,2017,2020,2,2,2/month,Ascensao et al. 2021
feeb74a1-f6fd-4cc9-abcd-2e1b9ce1723d,BR,Brazil,Anaurilândia,-21.8545,-52.7439,WGS84,30,Tapirus terrestris,1,2018,4,30,BR267,paved (1 lane),Systematic,218,-21.720513,-52.429734,-21.472666,-54.381453,1095,2017,2020,2,2,2/month,Ascensao et al. 2021
4a9c2e6d-9045-4645-9926-ed9c8b1fe27b,BR,Brazil,Anaurilândia,-21.8591,-52.767,WGS84,30,Tapirus terrestris,1,2017,4,3,BR267,paved (1 lane),Systematic,218,-21.720513,-52.429734,-21.472666,-54.381453,1095,2017,2020,2,2,2/month,Ascensao et al. 2021
3466a0f3-a175-4832-bf06-36f4e575dbfa,BR,Brazil,Anaurilândia,-21.868,-52.8107,WGS84,30,Tapirus terrestris,1,2020,1,9,BR267,paved (1 lane),Systematic,218,-21.720513,-52.429734,-21.472666,-54.381453,1095,2017,2020,2,2,2/month,Ascensao et al. 2021
96db6c60-89aa-4eb7-b33a-1708eff467f8,BR,Brazil,Bataguassu,-21.8789,-52.8649,WGS84,30,Tapirus terrestris,1,2018,10,15,BR267,paved (1 lane),Systematic,218,-21.720513,-52.429734,-21.472666,-54.381453,1095,2017,2020,2,2,2/month,Ascensao et al. 2021
988872ad-851b-4b48-98f2-693e41a1ce50,BR,Brazil,Tuneiras do Oeste,-23.90416667,-52.77166667,WGS84,30,Tapirus terrestris,1,2019,6,6,BR-487,paved (2 lanes),Systematic,8.8,-23.91149722,-52.75184167,-23.88145,-52.83661389,3004,2015,2023,8,10,3/week,de Campos e da Silva 2023
cfb34c55-66c8-499a-85db-ccb48656793d,BR,Brazil,Tuneiras do Oeste,-23.90747222,-52.76236111,WGS84,30,Tapirus terrestris,1,2017,1,3,BR-487,paved (2 lanes),Systematic,8.8,-23.91149722,-52.75184167,-23.88145,-52.83661389,3004,2015,2023,8,10,3/week,de Campos e da Silva 2023
f54420de-2ccd-4371-a4c5-8de381b40fd6,BR,Brazil,Guaraitava,-23.90858333,-52.75916667,WGS84,30,Tapirus terrestris,1,2016,10,31,BR-487,paved (2 lanes),Systematic,8.8,-23.91149722,-52.75184167,-23.88145,-52.83661389,3004,2015,2023,8,10,3/week,de Campos e da Silva 2023
cf8edae6-d9f3-4992-91e5-2004f669bb2c,BR,Brazil,Guaraitava,-23.90866667,-52.75952778,WGS84,30,Tapirus terrestris,1,2020,9,16,BR-487,paved (2 lanes),Systematic,8.8,-23.91149722,-52.75184167,-23.88145,-52.83661389,3004,2015,2023,8,10,3/week,de Campos e da Silva 2023
8067712b-a369-45a0-a743-316c9b5d689e,BR,Brazil,Guaraitava,-23.90872222,-52.75883333,WGS84,30,Tapirus terrestris,1,2018,10,25,BR-487,paved (2 lanes),Systematic,8.8,-23.91149722,-52.75184167,-23.88145,-52.83661389,3004,2015,2023,8,10,3/week,de Campos e da Silva 2023
98e92b59-cd64-4851-9ebb-af4c2f80f2e9,BR,Brazil,Beruri,-4.347938,-60.923915,WGS84,30,Tapirus terrestris,1,2021,2,18,BR_319,unpaved,Systematic,855,-3.189618,-59.868574,-8.738035,-63.926098,1477,2017,2021,11,11,1/month,
bffe7d19-068f-45f8-97e2-174f7dce5869,BR,Brazil,Vila Cristolândia - KM 55,-8.196038,-63.860245,WGS84,30,Tapirus terrestris,1,2021,1,14,BR_319,paved (1 lane),Systematic,855,-3.189618,-59.868574,-8.738035,-63.926098,1477,2017,2021,11,11,1/month,
cb3882c0-3acb-4299-9adb-d99a4e7a0274,BR,Brazil,Ãlvares Machado,-22.09013545,-51.48359527,WGS84,100,Tapirus terrestris,1,2010,10,22,SP-270,paved (>2 lanes),Systematic,272.081,-22.92963,-49.88999,-21.7718,-52.16157,1826,2010,2014,1,12,daily,Abra et al. 2021
d49569f7-2989-4225-bdd6-4a31e6f2723f,BR,Brazil,MartinÃ³polis,-22.35444977,-51.14601841,WGS84,100,Tapirus terrestris,1,2012,3,3,SP-270,paved (>2 lanes),Systematic,272.081,-22.92963,-49.88999,-21.7718,-52.16157,1826,2010,2014,1,12,daily,Abra et al. 2021
a65b9073-1d35-4466-82dc-f61647ab22e1,BR,Brazil,AgissÃª,-22.46796281,-50.95099368,WGS84,100,Tapirus terrestris,1,2013,4,29,SP-270,paved (>2 lanes),Systematic,272.081,-22.92963,-49.88999,-21.7718,-52.16157,1826,2010,2014,1,12,daily,Abra et al. 2021
be529a1d-6f1f-45a2-ba48-f527036d6678,BR,Brazil,AgissÃª,-22.46843409,-50.95018369,WGS84,100,Tapirus terrestris,1,2013,1,26,SP-270,paved (>2 lanes),Systematic,272.081,-22.92963,-49.88999,-21.7718,-52.16157,1826,2010,2014,1,12,daily,Abra et al. 2021
bc7cc8a8-a216-4e65-9920-b63c8e2e029b,BR,Brazil,AgissÃª,-22.4715118,-50.94489382,WGS84,100,Tapirus terrestris,1,2012,11,6,SP-270,paved (>2 lanes),Systematic,272.081,-22.92963,-49.88999,-21.7718,-52.16157,1826,2010,2014,1,12,daily,Abra et al. 2021
